p1,c1,d1,p2,c2,d2,p0,a,d0,s,r,f,x1,x2,x3,x4
0.243,4.0005,3.3017,0.2838,39.8531,1.6796,0.046,4.3507,3.1974,45.2657,30.2604,28.1395,1,1,0,1
0.0548,8.9202,0.3449,0.1735,39.1468,8.0545,0.217,6.2295,2.0476,69.8453,15.346,39.4981,1,0,1,1
0.0903,4.8394,8.1297,0.1086,14.3822,0.9876,0.1742,5.4347,7.1671,55.7686,39.1408,22.4388,0,1,1,0
0.1744,14.509,9.0128,0.0461,13.5821,2.0924,0.3188,9.1998,3.2874,105.0507,18.7411,30.9928,0,0,1,0
0.0954,1.3342,7.0524,0.1312,16.9697,2.9757,0.1029,9.4114,3.0039,68.3038,11.6926,23.227,0,0,1,0
0.2132,6.8842,4.2134,0.3315,6.6874,3.4629,0.1912,9.7799,0.8172,51.7131,4.6043,1.3402,0,0,1,1
0.1263,6.698,8.634,0.0244,30.0682,4.7324,0.2144,3.9031,6.5147,64.1373,21.6712,25.8961,0,0,1,1
0.106,7.109,1.6077,0.252,8.5196,3.0113,0.0921,3.7111,4.6182,47.7261,38.0561,13.3144,1,1,0,1
0.3394,8.9116,1.1534,0.2247,12.3157,3.9642,0.0885,5.6936,5.0994,75.4918,2.9417,41.3363,1,1,0,0
0.1015,7.801,1.5441,0.1466,32.3815,2.6197,0.2987,9.983,5.2531,111.4567,26.4646,7.1053,0,0,1,1
0.2314,9.882,8.0607,0.0618,12.6308,9.3459,0.2057,4.6514,3.6786,65.2263,8.2563,27.0589,0,0,0,0
0.0371,1.8368,2.8106,0.1421,24.7133,9.0933,0.0961,3.9407,1.5059,36.6101,9.4381,10.6853,0,0,1,1
0.3329,13.2306,1.6661,0.2775,5.2287,6.7403,0.1232,6.6516,2.1918,80.5893,46.6588,37.4854,1,1,1,0
0.289,8.1571,9.7474,0.297,26.9372,8.9247,0.0489,4.8299,7.3062,46.2172,5.9987,18.1592,0,0,0,1
0.2567,9.3341,5.4636,0.2651,34.171,0.5039,0.3161,9.8291,7.0746,74.0822,17.9834,6.8734,0,0,1,1
0.2634,2.6771,8.3902,0.0787,7.4621,6.8446,0.1903,4.3559,0.7884,55.5512,43.5741,17.476,0,0,1,0
0.2744,14.8227,8.1826,0.3457,22.0084,9.5283,0.0846,4.4836,5.7093,116.9843,32.8145,26.1994,1,1,0,1
0.3054,4.8478,8.8446,0.0396,12.4997,8.1759,0.2047,12.8809,3.3542,33.0509,29.9279,29.5034,0,0,1,0
0.0599,9.5767,7.5444,0.3376,28.1953,5.8887,0.2345,7.1161,4.5606,69.942,28.5588,29.31,0,0,1,1
0.236,12.8321,1.9273,0.0948,16.2993,9.3591,0.2336,3.6486,2.8186,93.122,11.6341,33.9891,1,0,1,0
0.3295,14.0114,5.0395,0.1327,11.2131,1.7103,0.0402,12.7307,3.0454,52.2668,44.1711,7.0897,0,0,1,1
0.0649,4.6766,8.3818,0.0606,12.0433,9.2867,0.3088,11.0122,1.5584,94.143,49.7096,31.3817,0,0,1,0
0.1983,11.1603,9.0148,0.1584,29.7176,6.3141,0.221,8.1015,3.3459,30.6991,41.0983,23.8918,0,0,1,1
0.228,4.8279,5.435,0.0314,21.9604,5.3743,0.1167,5.5375,5.1544,38.9798,8.0228,9.213,0,0,0,1
0.1333,14.5681,8.5619,0.1643,29.1432,4.2671,0.2761,11.0898,0.5843,83.7247,14.4578,41.6311,0,0,1,1
0.2254,13.6284,8.1944,0.1568,36.3276,9.8378,0.0959,7.5769,1.1194,74.9234,23.7124,22.3148,0,0,1,1
0.0648,8.147,3.9408,0.1609,31.8451,5.1836,0.0272,7.2266,7.2044,56.6045,9.4465,1.3874,0,0,0,1
0.2079,4.0294,3.5047,0.2775,36.1258,2.5682,0.0834,5.7622,7.6837,30.9337,37.5654,42.5935,1,1,0,0
0.1342,3.5708,8.5374,0.0721,30.3613,9.6448,0.1399,3.1902,4.4183,96.6374,25.6733,17.0385,0,0,1,1
0.1597,10.8796,2.6635,0.1901,9.4768,7.4192,0.2486,4.2421,2.2785,57.9211,17.4638,14.7187,0,0,1,1
0.276,1.4836,2.2305,0.2361,11.0655,8.5647,0.2811,12.3984,5.2772,33.9559,48.2373,6.5945,1,0,1,1
0.0314,8.2582,9.1901,0.1306,32.2113,4.931,0.0483,10.3074,7.7369,92.2769,34.0989,27.1139,0,1,0,1
0.0528,6.7364,2.3529,0.213,23.154,0.7944,0.1694,11.6821,3.1171,86.5026,18.6012,4.2171,0,0,1,1
0.0606,1.2485,0.6749,0.2474,11.943,8.6792,0.2737,11.5672,5.5106,113.4531,28.1921,13.0159,1,0,1,1
0.2519,2.8453,3.2076,0.0251,38.6216,3.1454,0.3028,13.6319,4.2821,97.4677,16.9439,18.9928,1,0,1,1
0.319,14.4289,1.1437,0.2885,32.8746,4.4326,0.0284,7.957,5.389,43.1016,29.1551,40.92,1,1,0,1
0.0682,10.5674,4.0876,0.2738,26.4417,4.261,0.1834,2.8734,6.1197,59.3737,48.4013,39.7212,0,1,1,0
0.0618,14.5696,3.8617,0.2536,37.1207,2.3338,0.1075,13.6931,4.7422,65.2762,26.1622,30.9074,1,1,0,1
0.1124,1.056,2.9115,0.3139,17.4517,2.6685,0.1434,8.8913,7.8109,87.2763,6.0771,39.37,1,1,0,0
0.2324,8.2285,0.9175,0.0916,27.6249,2.6873,0.2887,4.6519,6.0868,94.3644,16.8937,24.8512,1,0,0,1
0.3258,4.5232,8.0893,0.2145,12.8591,5.0253,0.0822,8.9874,4.93,102.7103,35.6328,4.8059,0,0,1,1
0.2627,5.1201,2.7168,0.3176,37.4548,3.2732,0.0839,8.306,3.2069,117.6043,14.217,39.2225,1,1,0,1
0.175,9.7107,9.4622,0.1859,30.8428,8.2377,0.2964,8.1936,6.018,43.6564,4.4398,40.3213,0,0,0,1
0.0447,1.8865,7.9044,0.0743,7.5534,3.4154,0.2422,3.5883,6.9739,117.5154,33.0894,33.0382,0,0,1,0
0.0773,9.9012,9.7493,0.3258,17.0085,7.0487,0.0752,9.9825,5.1109,48.0817,17.6437,39.0413,0,1,0,0
0.0939,4.9591,4.7821,0.0851,21.9164,3.7084,0.1621,9.9951,6.9711,62.1547,26.6069,5.4906,0,0,1,1
0.2894,6.2105,9.7779,0.2661,31.526,6.8328,0.0571,12.8311,4.0347,91.8737,38.2034,2.5986,0,0,1,1
0.3239,1.0274,8.3272,0.1937,18.0981,7.9925,0.233,12.6012,5.3856,88.0463,25.3289,31.1355,1,0,1,0
0.2284,6.5386,7.7177,0.1776,34.0875,6.8297,0.3249,13.5907,7.6817,62.6776,38.0064,43.7975,1,1,1,0
0.298,3.8747,5.3578,0.1042,24.4533,8.4944,0.3001,4.1001,5.3161,74.6195,17.7405,29.1771,1,0,1,0
0.2523,3.2339,8.2848,0.1594,29.9868,3.1571,0.252,2.8415,7.2708,81.3912,43.8839,8.113,0,0,1,1
0.1224,11.359,1.3427,0.2884,18.9181,3.3407,0.0868,2.3485,6.5457,112.0263,27.6067,32.2514,1,1,0,0
0.2888,3.7589,5.1523,0.1634,13.2188,2.232,0.2484,10.1174,6.5878,109.8122,7.2191,44.1296,1,1,0,0
0.2939,9.5503,0.6419,0.2801,13.8899,8.8337,0.2475,7.5128,0.6627,83.9585,36.5863,40.5553,1,0,1,0
0.04,9.753,1.4752,0.3026,10.9182,5.3535,0.2489,3.9957,6.6746,47.2112,21.1478,1.7412,0,0,1,1
0.1103,10.2269,7.7857,0.248,22.552,5.3513,0.0684,11.7427,2.4246,78.2466,16.3396,31.565,0,1,1,1
0.0529,6.3304,0.8979,0.0914,15.4004,6.4632,0.06,13.8115,4.0362,105.7062,44.7079,17.0786,1,0,1,1
0.0464,5.2768,1.152,0.3285,30.9162,7.8329,0.2682,4.7246,6.9065,93.6782,28.4348,44.0499,1,0,1,0
0.3152,10.3102,9.4432,0.1322,10.3845,5.064,0.1316,5.6411,4.3168,62.3306,14.5163,43.148,0,0,1,0
0.0881,13.818,2.6528,0.2001,23.8977,9.2717,0.2715,14.8676,1.7976,50.2994,46.3564,41.4684,1,0,1,0
0.0704,4.5577,2.597,0.219,17.9209,3.9148,0.3179,2.3324,7.9903,73.1222,24.2092,37.7068,0,0,1,0
0.2227,9.6831,9.1039,0.2243,9.4831,2.7262,0.2042,9.1589,4.32,35.0206,4.616,17.8476,0,1,0,1
0.3005,4.6387,2.4007,0.1899,31.8041,3.2891,0.2897,3.3416,2.1859,107.6504,35.9767,12.5884,1,0,1,1
0.2155,5.2145,8.7926,0.0309,19.0895,9.2996,0.0658,13.0494,7.9401,66.8668,35.7071,5.6831,0,0,1,1
0.0449,7.7261,9.4381,0.0845,9.7564,0.7903,0.3039,14.2089,7.4794,46.5712,18.7657,30.8627,0,1,0,0
0.2971,14.1598,7.8675,0.2875,21.0276,6.7889,0.1941,10.0443,5.5741,34.3716,23.2243,11.197,0,0,1,1
0.1149,6.2557,5.4265,0.3027,36.6036,1.784,0.2578,14.7905,6.8202,57.8783,13.152,34.3765,1,1,0,1
0.0735,10.8716,7.8195,0.1941,7.948,9.8396,0.2689,6.0806,2.2004,40.379,7.8036,39.317,0,0,1,0
0.3271,4.0355,1.0721,0.1899,38.0676,0.9053,0.1697,3.8071,5.9699,57.3155,12.2897,12.3055,1,0,0,1
0.2976,6.9681,7.7192,0.141,18.3731,9.14,0.2059,2.0946,2.9432,46.6361,45.5568,5.9732,0,0,1,1
0.0355,9.9187,5.9125,0.0776,38.5856,9.24,0.1812,6.8277,1.799,84.13,17.2441,35.3864,0,0,1,1
0.0614,10.5628,9.4379,0.3287,36.3942,0.6834,0.0278,13.4498,0.8616,113.2189,18.009,13.038,0,0,1,1
0.0957,6.7109,8.576,0.1015,26.0,3.6077,0.325,12.7886,4.6459,56.3136,27.3695,30.1996,0,0,1,1
0.0375,14.6814,1.3476,0.0465,34.5703,1.7553,0.2511,11.5143,5.5304,89.2334,30.0392,16.539,0,0,1,1
0.1553,11.7303,3.9509,0.0536,34.9605,9.4952,0.1606,6.2763,6.727,36.5432,31.4099,28.0954,1,0,0,1
0.1831,11.1409,2.4167,0.3464,14.7507,1.4002,0.2308,10.2392,5.3679,110.3272,11.6736,27.032,1,1,0,0
0.2815,5.7411,9.8679,0.3297,5.1396,9.5556,0.1984,2.5394,7.6129,62.5017,33.4138,6.1672,0,0,1,1
0.3487,8.9384,8.8774,0.0225,35.6458,5.4751,0.1783,6.6921,7.6769,72.2826,48.8607,22.7103,1,0,1,1
0.2323,12.054,8.1752,0.2451,15.9139,7.3674,0.1026,7.1172,2.725,110.7551,43.1752,17.6034,0,0,1,1
0.3231,8.7724,5.4556,0.0423,20.306,7.7013,0.3066,3.6655,6.11,109.651,41.4326,2.5771,0,0,1,1
0.2215,4.6342,6.5304,0.2492,13.4137,0.3648,0.25,12.4744,0.6899,73.4634,14.8348,14.9743,0,1,1,1
0.1718,10.7393,9.0705,0.2505,24.3382,4.9853,0.2812,14.7282,7.8398,83.0054,8.4045,13.9437,0,0,0,1
0.3379,1.6869,2.8076,0.2442,24.8996,3.4821,0.1734,9.3458,7.7435,73.0206,6.7317,10.9028,1,0,0,1
0.2978,13.9051,2.1367,0.0304,37.7803,1.1486,0.1586,8.1856,7.6131,92.4262,35.3008,42.8894,1,1,0,1
0.1751,7.5315,4.6991,0.2732,37.0884,5.6928,0.2421,9.1669,2.859,87.9179,6.5778,37.5782,1,1,0,1
0.3277,4.0708,7.8574,0.2602,9.5761,2.3822,0.1835,7.9267,5.1292,52.9681,41.6615,21.9381,1,1,1,0
0.3461,9.73,7.9884,0.2906,23.3214,7.0711,0.1727,9.4634,4.0818,75.4064,34.4935,39.3633,1,1,1,0
0.0541,4.269,3.7438,0.2843,12.4822,5.3165,0.232,10.5677,1.5993,52.816,3.679,44.8248,0,0,1,0
0.2677,8.4078,8.7922,0.1618,28.9188,0.6229,0.1892,6.6457,1.5065,92.1153,6.9311,37.0671,1,1,0,1
0.0331,14.9366,4.7537,0.2043,10.0042,6.8049,0.1423,11.4131,4.8907,39.1629,14.8629,20.1487,0,1,0,1
0.0256,8.212,3.3709,0.1377,6.1871,8.5242,0.0958,5.3655,7.5948,33.4339,24.4258,19.4531,0,0,0,0
0.0499,8.217,3.9063,0.3371,21.333,8.0323,0.0387,7.5245,7.4422,57.8901,45.9199,38.9508,1,1,0,0
0.0364,9.94,8.1288,0.3069,21.5919,2.8074,0.1544,14.9787,5.9801,72.8575,33.7634,42.5886,0,1,1,0
0.3232,4.0313,9.2267,0.1881,17.6889,1.6871,0.218,10.6148,1.9839,92.7228,44.7383,42.1209,1,1,1,0
0.2323,6.6611,9.9039,0.2397,24.4165,8.1042,0.1943,14.5576,5.6952,96.0178,15.0547,29.7168,1,1,0,1
0.0969,14.6502,7.7048,0.0868,8.0717,2.2968,0.3181,6.9298,2.2243,51.6233,33.5492,33.9096,0,0,1,0
0.3169,12.4306,1.4358,0.293,14.9409,8.7518,0.0296,12.5642,5.3787,55.6155,34.9033,8.8208,1,1,0,1
0.1992,11.5092,6.5271,0.0251,7.5358,0.7841,0.0224,3.3082,6.5185,30.3139,46.2085,28.302,1,1,0,0
0.0856,1.7435,4.0331,0.0991,27.6017,6.1994,0.2473,11.1317,7.308,61.7272,46.9671,33.2279,0,0,1,0
0.2084,1.4145,6.1839,0.0438,21.9771,6.7731,0.2954,7.215,1.2085,85.9578,33.457,25.1762,1,0,1,0
0.287,6.8672,3.738,0.0859,39.6606,5.7285,0.1749,2.279,5.1138,51.0824,11.3389,15.1075,1,0,0,1
0.2521,12.8518,2.8384,0.2804,25.8074,6.6772,0.146,2.4033,5.9979,96.2752,29.0494,34.5883,1,1,0,1
0.2778,14.9337,1.6228,0.1433,31.4159,7.6217,0.159,10.373,1.5047,116.6543,21.8616,34.7431,1,0,1,1
0.0317,7.2209,6.3363,0.0992,38.0165,3.037,0.2166,6.5979,7.8857,50.5823,41.3504,11.1878,0,0,1,1
0.3018,13.4098,3.9637,0.2946,21.7478,4.1968,0.1342,8.4007,5.0838,47.5708,26.2132,11.8274,1,1,0,1
0.3291,14.1138,3.7273,0.1818,37.7341,9.6752,0.1167,10.3624,7.5628,43.1875,23.9716,42.4871,1,0,0,1
0.305,14.1929,4.454,0.1831,37.1679,6.1526,0.0478,12.5391,1.3829,39.0677,6.1179,21.6327,1,0,0,1
0.2752,9.0814,8.689,0.0268,36.4431,7.7261,0.2885,6.6624,6.8733,59.4461,37.8795,36.0538,1,0,1,1
0.282,7.5238,4.527,0.2184,36.3321,4.4512,0.3334,14.9301,3.2064,67.3599,11.6091,38.9785,1,1,1,1
0.0699,13.3265,4.7345,0.1427,20.5878,9.0728,0.119,4.2797,6.4219,80.2667,7.055,1.8618,0,0,0,1
0.3063,2.4064,6.3247,0.1189,37.9049,4.2904,0.2003,9.4003,4.4535,45.9746,38.931,25.7424,1,0,1,1
0.2537,9.142,1.5829,0.2993,27.7101,6.0795,0.1082,5.0444,4.107,49.0279,24.1332,41.6357,1,1,0,0
0.256,12.0229,1.4932,0.1995,6.9337,2.9099,0.1215,4.1084,1.1975,71.0636,35.7317,1.5948,0,0,1,1
0.1341,6.0863,9.6427,0.2788,10.5381,6.7177,0.2084,13.1416,3.2326,116.4571,27.1051,31.098,0,0,1,0
0.0251,9.8586,5.4314,0.3123,25.7508,1.5972,0.3416,5.5708,5.7553,30.0381,24.584,41.566,0,1,1,0
0.1389,8.6365,9.4955,0.2393,28.0953,7.1258,0.3199,13.6124,0.743,52.1933,11.9636,10.3137,0,0,1,1
0.2847,11.3354,6.8689,0.1449,33.9652,8.7637,0.1703,7.7292,4.301,108.1665,36.4146,19.238,0,0,1,1
0.0813,12.5048,1.7334,0.1491,31.1195,4.7974,0.0823,2.3252,0.7867,117.956,30.8406,36.1914,1,0,1,1
0.216,7.033,2.7329,0.2625,28.1806,3.0222,0.2002,13.2277,4.0587,109.1877,38.5471,16.0554,1,0,1,1
0.1486,13.6642,0.8162,0.2377,19.1479,3.3095,0.2575,12.8847,6.4844,54.6646,45.2691,34.0438,1,1,1,0
0.1743,14.2986,7.1665,0.1786,13.9986,9.6904,0.1808,12.8314,6.0423,69.9116,39.0801,35.52,0,0,1,0
0.2893,5.9342,6.492,0.2728,33.4633,0.3414,0.1145,4.9946,3.7254,114.0082,39.9135,11.4434,0,0,1,1
0.23,12.676,9.0674,0.0969,26.829,7.4623,0.1316,13.0867,4.1157,75.5105,11.1576,27.5891,0,0,1,1
0.1154,10.4017,6.714,0.0839,28.3717,5.6828,0.2043,10.8869,0.8309,51.7907,24.4007,2.8918,0,0,1,1
0.1818,6.6138,7.5802,0.2839,24.0398,9.0466,0.1262,8.4379,3.9328,69.0228,18.0734,7.6311,0,0,1,1
0.0929,14.2381,0.3372,0.2976,10.855,2.4439,0.1993,11.5556,5.5829,62.0801,4.4029,37.4509,1,1,0,0
0.0225,1.346,8.6784,0.2153,16.4504,0.8421,0.1849,13.4299,4.2299,57.3105,46.4642,27.0883,0,1,1,0
0.1362,7.7736,7.4731,0.2992,29.4777,0.5204,0.1651,2.0781,5.36,35.1311,25.7817,10.413,0,0,1,1
0.1135,10.2202,6.9869,0.0666,26.4902,8.9549,0.048,6.9708,4.3433,41.4055,41.286,40.5949,0,0,1,0
0.1085,7.5944,4.5035,0.2594,24.0751,3.1581,0.0661,8.542,7.6223,47.2158,47.481,9.7108,0,0,1,1
0.2444,1.4045,6.1717,0.0363,13.4813,3.0951,0.3321,9.2244,2.5586,46.8282,49.1676,10.3663,0,0,1,1
0.1592,6.9086,9.5443,0.1471,24.9612,1.3976,0.039,6.9112,1.8606,111.3124,9.6932,6.1196,0,0,1,1
0.2672,6.5798,9.2653,0.1437,19.7738,5.7919,0.2204,7.154,5.6066,57.6503,31.5847,14.2545,0,0,1,1
0.2639,1.7857,6.6274,0.2211,32.8239,6.7133,0.177,3.7729,3.6099,108.8156,26.7695,14.685,0,0,1,1
0.2653,14.0447,3.0721,0.1247,19.4337,3.3503,0.2731,10.6801,3.6076,62.8091,37.3073,4.2061,0,0,1,1
0.2523,4.7127,4.1198,0.0234,37.0536,8.3604,0.1614,6.7757,1.274,80.7517,14.0482,23.7378,1,0,1,1
0.129,9.2285,9.2785,0.3234,33.7436,7.7577,0.1639,12.1747,4.9976,95.3867,28.0602,2.2116,0,0,1,1
0.2327,7.549,8.4114,0.037,18.5129,3.4361,0.1999,13.4306,7.3216,59.4411,21.8709,41.6426,1,0,0,0
0.3153,4.1597,0.9782,0.2021,9.3897,0.6941,0.2932,2.7971,4.6567,71.8157,10.9564,3.2287,1,1,0,1
0.1687,2.4756,5.4182,0.3353,39.0456,5.346,0.1308,13.493,4.4104,88.8576,38.1334,17.3,1,0,1,1
0.0336,1.9207,0.448,0.2983,37.5871,4.208,0.0425,2.6434,7.9258,115.3667,20.9153,28.2147,1,1,0,1
0.1774,6.1943,7.607,0.1314,37.8909,4.5376,0.2694,9.4954,6.5856,71.7968,35.5569,10.3639,0,0,1,1
0.0623,9.4594,2.9131,0.3461,12.5964,2.1393,0.1436,7.3761,1.5984,72.7056,40.555,18.179,0,1,1,1
0.0935,2.1786,1.6577,0.1533,17.5875,0.7668,0.3286,14.3957,2.6181,98.3501,27.3053,39.3056,1,1,1,0
0.1275,11.1915,6.6523,0.2944,35.8809,7.9046,0.0789,12.5659,3.4413,85.4397,13.748,13.6613,0,0,1,1
0.0606,3.2367,4.3268,0.3011,25.3315,2.6718,0.0782,9.9211,6.8817,92.4236,21.0017,44.3004,0,1,0,0
0.1884,4.7683,5.2667,0.1952,30.4636,9.7269,0.1387,5.2654,3.5745,80.557,10.2139,24.7231,1,0,0,1
0.0978,3.6742,6.5546,0.2859,27.5448,9.6613,0.1969,11.2115,1.7135,49.2994,45.5031,23.1709,0,0,1,1
0.1717,2.3427,9.3958,0.0389,14.3746,3.4011,0.0357,4.3505,4.6052,101.8486,13.0624,23.5515,0,0,0,0
0.1962,13.1968,5.6618,0.0274,18.4525,3.9451,0.1129,9.058,3.7502,77.2246,10.153,36.9293,1,0,0,0
0.2981,9.3976,9.9315,0.0682,6.9748,4.7058,0.1858,7.917,2.6893,69.5801,11.3035,28.2632,0,0,1,0
0.3229,10.825,5.1822,0.054,12.881,2.0337,0.183,5.3198,7.1052,86.1528,29.9061,25.8957,1,1,0,0
0.0626,1.2732,4.725,0.3495,11.9491,2.8876,0.2586,13.7473,5.8173,105.1825,41.094,38.685,0,1,1,0
0.1977,7.5774,4.0714,0.233,24.1693,1.836,0.2348,7.0661,1.0638,77.3108,17.0643,9.6492,0,0,1,1
0.2482,4.7105,5.2588,0.3488,10.1811,3.0279,0.0863,3.0126,1.6482,92.0232,29.4906,32.2752,1,1,1,0
0.1919,4.6436,3.0332,0.2946,38.5144,2.3574,0.0779,4.1499,2.9892,47.3984,45.6303,23.8022,1,0,1,1
0.0824,8.2739,6.9907,0.0514,39.9939,4.639,0.1838,11.844,5.0577,66.5003,35.697,28.1711,0,0,1,1
0.296,5.8685,9.4181,0.2077,37.7535,3.7799,0.2924,13.247,0.7709,77.9257,14.8204,7.7364,0,0,1,1
0.0202,2.5118,8.353,0.3181,13.0535,8.4436,0.0699,10.8071,7.5735,119.6473,47.796,33.898,0,1,0,0
0.1339,4.1235,1.7696,0.0571,7.6277,7.7718,0.0391,8.3818,5.7796,91.5809,23.316,5.0705,1,0,0,1
0.0252,8.7892,4.5126,0.2409,6.6315,9.2554,0.3325,8.2048,6.6219,33.1083,21.539,32.8341,0,0,1,0
0.2057,4.8037,7.5919,0.3286,14.1235,7.7728,0.3184,5.8566,4.0897,98.7039,22.9197,40.9874,0,0,1,0
0.0491,12.1929,9.2647,0.0334,23.0139,4.8819,0.0508,2.5311,1.6367,109.6606,2.6142,42.5193,0,0,0,0
0.2269,10.6186,6.5899,0.2637,26.3569,2.2521,0.3192,12.4687,3.0799,59.863,17.5415,40.402,1,1,1,0
0.155,10.4479,0.9927,0.1242,32.4425,6.5946,0.0981,13.4342,1.423,86.8005,39.6583,44.5458,1,0,1,0
0.0701,7.1093,6.8774,0.2065,24.0164,4.4852,0.2889,9.3358,1.7529,63.9745,34.8348,43.3199,0,0,1,0
0.2783,14.8964,7.4812,0.2343,37.0074,6.6242,0.2848,8.0298,7.8851,66.7122,5.8002,21.4634,0,0,0,1
0.3035,7.5208,6.4907,0.2176,25.2938,8.5796,0.1678,13.1637,3.7393,116.4415,20.8393,5.0027,0,0,1,1
0.171,9.5248,2.2893,0.2453,9.7264,0.5442,0.2318,11.873,6.2469,66.7987,12.3219,22.2046,1,1,0,0
0.1934,5.1569,4.4542,0.1337,26.1051,5.1369,0.1637,4.4777,3.8343,67.881,24.7616,32.389,1,0,1,0
0.1381,5.8576,9.4975,0.1769,34.7144,6.6633,0.0969,7.1777,5.5542,61.235,49.6382,26.6783,0,0,1,1
0.2623,2.2431,6.4846,0.332,25.7518,6.4933,0.1901,9.6826,4.6396,85.1889,11.8078,33.0202,1,1,0,0
0.0933,4.5534,6.1903,0.0857,22.2317,4.9295,0.1112,6.2093,3.3114,79.3789,9.0694,32.6561,0,0,0,0
0.0579,14.6188,1.5954,0.1454,38.7457,2.0814,0.1797,10.5865,6.3075,60.2164,31.5392,23.5265,0,0,1,1
0.322,2.2644,5.0796,0.25,20.6473,8.7956,0.2297,12.7707,3.074,55.0296,34.5038,20.1055,1,0,1,1
0.1952,1.6084,4.0663,0.1464,38.7158,5.7794,0.1795,8.9046,1.9999,32.0149,36.9295,19.2908,1,0,1,1
0.1099,9.1158,8.4471,0.2172,39.0163,5.3226,0.0659,6.6405,4.5679,79.7259,12.091,21.8228,0,0,0,1
0.0896,13.3097,9.4587,0.2666,34.4504,6.0715,0.1316,3.536,6.062,40.5652,21.0667,23.6866,0,0,1,1
0.2592,14.4168,3.884,0.0275,15.3496,1.78,0.1832,8.4579,0.8059,119.7565,48.2319,37.3737,1,0,1,0
0.3429,13.6891,3.6107,0.1838,8.6312,5.2371,0.0635,6.9629,5.3343,116.0395,12.8569,37.8615,1,1,0,0
0.24,11.2016,5.6535,0.032,39.3481,5.0552,0.1701,2.7342,5.3441,42.0647,39.3511,34.8618,1,0,1,1
0.2776,2.6204,6.4955,0.2996,36.2344,0.4627,0.1756,2.9578,6.006,40.6821,28.5168,19.02,1,1,0,1
0.3435,1.4277,9.741,0.0558,11.4682,6.2857,0.0299,11.3108,1.1295,98.2036,35.4324,7.2135,0,0,1,1
0.0508,2.9491,9.69,0.3084,6.4257,3.661,0.0447,8.7334,2.5716,87.0367,16.5898,41.9998,0,1,0,0
0.3246,1.4416,3.7573,0.2111,26.7118,8.1466,0.1929,3.1204,1.7999,80.7398,40.8595,30.9247,1,0,1,0
0.1059,9.9005,6.2434,0.0982,23.5173,2.931,0.0227,12.0818,2.9192,115.4352,2.1638,18.5094,0,0,0,1
0.3389,1.5976,8.789,0.0314,21.2961,8.1806,0.1272,3.8287,3.6043,65.7304,41.167,42.2749,1,0,1,0
0.1486,12.5844,2.1601,0.1498,16.3772,6.0997,0.0309,4.9727,7.2495,66.5543,41.9875,17.2477,1,1,0,1
0.1569,7.3075,9.7124,0.2039,9.0316,1.7244,0.1969,14.9531,4.7529,103.846,24.1908,2.4444,0,1,1,1
0.3044,1.3533,9.0072,0.1982,18.9745,7.5883,0.1094,14.4166,1.2693,59.5489,26.5381,39.5598,1,0,1,0
0.2709,2.8999,7.4158,0.16,30.4079,1.7102,0.0381,10.6119,5.7585,112.411,23.9062,7.9962,1,1,0,1
0.1719,5.1919,8.0544,0.1638,37.6873,4.9466,0.3002,5.2007,7.4056,50.5336,38.9418,21.0995,0,0,1,1
0.3396,5.8561,7.3791,0.12,35.3319,1.7042,0.0698,14.343,6.5303,32.4138,48.0296,8.2332,1,1,0,1
0.0896,7.151,1.4687,0.1597,35.5404,4.6101,0.1156,3.9416,7.0641,89.889,14.6929,35.8307,1,0,0,1
0.0281,4.4174,6.4793,0.1314,34.3283,8.8056,0.0932,6.9049,4.0502,98.9509,9.6298,26.206,0,0,0,1
0.1323,8.8501,4.663,0.2718,27.608,3.8931,0.1754,12.8531,6.36,40.2786,28.7768,26.4536,1,1,0,1
0.2408,8.014,4.698,0.1143,38.1535,8.0564,0.1695,14.2429,4.1248,76.3279,16.5703,8.075,0,0,1,1
0.3139,9.8186,8.2715,0.2574,28.2152,3.6087,0.3392,4.9796,4.5932,34.8976,47.0286,34.3327,1,1,1,1
0.0824,7.3539,4.1985,0.275,37.3609,2.0083,0.0257,7.7389,1.1714,62.478,46.7872,20.2016,0,0,1,1
0.1466,9.2715,2.5199,0.3394,6.0451,2.9827,0.1412,9.8737,0.5104,76.4749,47.4852,15.0044,1,1,1,1
0.1664,13.5599,1.539,0.2538,24.0132,5.3175,0.1854,4.7121,5.3988,85.2953,32.776,36.1578,1,1,1,1
0.0754,4.6754,3.8308,0.2578,37.8414,9.4574,0.0698,9.2614,2.1762,47.2196,19.0658,15.4048,0,0,1,1
0.0372,3.4265,7.6719,0.197,23.3658,1.8388,0.0681,5.4328,0.5922,118.4398,24.7309,9.8161,0,0,1,1
0.1172,8.206,3.2357,0.3464,12.7067,5.9302,0.2417,8.1591,6.9297,104.2776,14.8891,3.8254,0,0,1,1
0.0749,5.5016,0.8558,0.1459,8.5263,9.3389,0.1311,6.914,6.0337,42.2109,32.9673,44.4436,1,0,1,0
0.0724,6.8514,7.4171,0.2897,7.5994,7.7987,0.0689,9.6434,5.1785,78.4936,31.6316,33.3173,0,0,1,0
0.1886,14.8838,6.4598,0.2258,36.5102,2.1518,0.3049,3.4852,0.5759,72.2463,36.2989,43.1018,1,1,1,1
0.0894,3.9452,9.6431,0.0906,21.5423,3.1214,0.1124,5.4216,5.0115,109.134,34.3875,44.958,0,0,1,0
0.055,3.2426,4.6105,0.1075,32.3702,9.838,0.0573,7.9041,2.8032,39.1657,48.0934,39.3949,0,0,1,0
0.1485,10.8866,9.4093,0.0871,5.8377,2.9504,0.2118,3.6888,3.0655,51.7916,40.7711,39.7183,0,0,1,0
0.2608,11.1703,9.5513,0.1758,8.4892,2.6916,0.1353,7.9594,6.966,69.713,24.8414,20.398,1,1,0,0
0.1528,5.6098,3.3337,0.3205,20.9244,5.1872,0.1633,10.1697,6.5697,37.5189,4.2569,20.4212,1,1,0,1
0.0491,3.0502,7.9479,0.1832,11.9942,7.1261,0.0285,8.739,0.7962,91.0342,6.0239,17.0297,0,0,1,0
0.0793,14.2069,5.9022,0.1688,29.2132,5.8601,0.0802,9.6362,7.4178,36.5944,2.5453,33.7506,0,0,0,1
0.2923,1.7246,4.1598,0.3212,9.1107,4.7856,0.2031,14.4669,5.7096,84.4288,20.2072,23.5316,1,1,0,0
0.2934,4.2592,2.1755,0.1098,31.2827,3.4675,0.0283,4.2042,2.5452,92.9475,11.122,10.6519,1,0,0,1
0.0405,6.0288,9.7256,0.2465,33.0311,8.155,0.0426,11.7602,5.7026,31.2504,14.5522,33.75,0,0,0,1
0.3039,10.3968,1.5938,0.2459,21.2691,9.5636,0.0725,7.6624,1.6157,74.6307,25.5652,23.3865,1,0,1,1
0.1852,12.9421,0.6285,0.297,18.6837,7.2715,0.0923,5.1757,6.66,42.2658,4.0816,3.8305,0,0,0,1
0.1676,11.3297,0.6259,0.1574,34.0369,4.1963,0.0855,11.1001,4.7566,112.5047,48.3815,2.4224,1,0,1,1
0.2703,3.3698,5.2435,0.0713,28.9836,9.3426,0.1253,5.6363,3.9654,30.4167,47.8081,37.2054,1,0,1,0
0.1671,8.5486,1.7737,0.1539,31.3291,5.1622,0.1933,11.5482,6.914,76.2977,3.273,39.3685,1,0,0,1
0.2539,7.3209,8.3062,0.3142,38.1507,1.1257,0.1681,9.9326,5.2619,58.3045,44.6603,8.262,0,0,1,1
0.0706,4.2126,9.8427,0.2713,18.7756,7.7408,0.0709,10.1326,1.6829,84.6191,8.7111,3.2512,0,0,1,1
0.0273,10.6229,0.9883,0.1127,35.8654,8.5252,0.2841,9.2771,7.7261,106.267,28.5103,26.8819,0,0,1,1
0.2698,3.9215,8.799,0.113,29.1463,8.8236,0.1166,4.7597,1.9015,53.3071,28.1259,1.7661,0,0,1,1
0.2268,2.474,6.5412,0.2698,32.403,0.9132,0.3485,3.1669,5.0409,108.8364,20.3935,23.8172,1,1,1,1
0.1481,9.7902,9.4809,0.19,5.2286,9.2438,0.258,3.5766,6.1546,61.951,37.7516,41.5821,0,0,1,0
0.2837,10.671,5.2595,0.1587,36.1874,3.5515,0.0309,14.4276,2.8168,41.4505,46.7885,7.6839,0,0,1,1
0.276,1.9824,4.026,0.2114,23.1613,1.9326,0.1651,11.1811,1.8267,84.1399,33.3757,25.436,1,1,1,0
0.235,14.0182,4.2922,0.191,25.697,3.5136,0.3221,5.175,2.7105,52.8846,48.9162,3.6573,0,0,1,1
0.0781,6.431,8.9872,0.2282,28.7619,9.8704,0.337,3.8483,7.3164,39.0673,27.7718,15.2136,0,0,1,1
0.1086,1.0499,5.7026,0.1282,21.0112,8.4691,0.1606,4.8162,5.4629,92.1013,28.5181,13.3043,0,0,1,1
0.1495,11.0599,4.5036,0.1285,8.6334,4.645,0.0458,10.3705,7.8361,93.9237,30.923,2.0584,0,0,1,1
0.3333,8.1129,2.8499,0.0802,9.3611,4.0434,0.1441,6.038,4.4096,74.8331,20.2854,35.5893,1,0,0,0
0.2425,9.5765,8.0029,0.0598,37.647,2.8266,0.2751,13.1054,6.1754,104.1352,6.1035,9.0212,0,0,0,1
0.1449,9.5792,4.2767,0.3475,6.7461,2.3217,0.0658,14.211,3.9488,78.5038,42.5027,35.3785,1,1,0,0
0.3138,10.3061,8.7536,0.0758,32.5545,3.4931,0.1759,6.7049,7.9108,88.3573,5.3273,42.7246,1,0,0,1
0.0525,11.282,2.7389,0.1148,11.1599,5.379,0.3432,8.4386,7.8953,99.6859,30.8119,30.4228,0,0,1,0
0.0517,11.6178,6.6501,0.2429,27.7102,8.1661,0.1304,10.8262,3.7409,33.6631,33.9287,18.4419,0,0,1,1
0.0746,12.3963,7.8492,0.1112,12.6865,1.0735,0.16,11.6418,4.392,42.0962,24.1265,31.3426,0,1,1,0
0.2266,8.5658,7.6938,0.1387,36.7263,3.6116,0.0686,3.1126,1.9938,118.2087,28.8939,43.9315,1,0,1,1
0.3139,4.1674,6.7522,0.1943,33.1691,3.9891,0.2987,5.9199,1.6903,112.4248,36.4053,20.3038,1,0,1,1
0.047,10.2603,6.386,0.1601,37.8474,3.4249,0.0369,12.9464,4.1417,108.507,2.0889,41.143,0,0,0,1
0.1492,8.5847,5.1442,0.2659,15.9818,5.6637,0.2414,3.428,6.3635,102.5344,40.6807,27.6019,0,0,1,0
0.1816,4.2413,1.1608,0.1268,8.2816,5.672,0.2985,14.3351,2.1874,111.1106,8.9317,22.0627,1,0,1,0
0.3067,14.4815,5.3333,0.275,25.7715,4.0688,0.0481,9.6977,5.3526,94.6935,33.163,40.1177,1,1,0,1
0.2028,3.1583,6.338,0.2888,7.0383,0.3618,0.0275,9.4272,1.5103,90.5058,35.8798,8.1522,0,1,1,1
0.2787,12.2935,3.894,0.0416,37.7414,2.0799,0.0666,10.4089,7.8373,115.6132,3.1645,24.1491,1,0,0,1
0.0513,7.949,2.5675,0.0316,25.4156,1.822,0.0265,7.9467,5.1918,38.398,47.1696,30.7893,1,1,0,1
0.0304,6.9183,6.8042,0.2478,36.6245,2.4102,0.0783,11.6201,0.5682,118.2333,21.119,10.5119,0,0,1,1
0.2661,4.8063,2.8667,0.0701,6.4039,7.6728,0.3355,13.9038,6.8324,119.0403,8.1274,15.6378,1,0,0,0
0.3091,3.6385,4.7096,0.2173,20.8125,4.1237,0.2934,14.4419,0.619,85.8318,27.0978,19.8979,1,1,1,1
0.0731,9.965,4.1612,0.038,17.5096,4.9032,0.2168,9.8874,3.6186,88.647,34.6016,28.8749,0,0,1,0
0.1505,2.2557,1.3409,0.3437,26.5679,0.5255,0.2409,7.0779,0.8208,34.4171,21.2546,23.5327,1,1,1,1
0.3344,2.7327,7.4483,0.033,18.4457,8.0943,0.3154,7.7176,7.3145,90.504,15.0085,8.8322,1,0,0,1
0.2491,13.3204,6.7411,0.3436,37.9,7.0661,0.1328,4.3865,6.8082,42.6073,4.814,12.1606,0,0,0,1
0.3396,7.5396,0.3468,0.2113,6.8108,1.1253,0.1965,8.6997,0.6883,63.9196,27.2839,7.7804,1,1,1,1
0.342,4.4825,1.3695,0.2783,19.1734,6.2836,0.3218,4.7829,2.4006,64.4335,33.1566,2.8458,1,0,1,1
0.1178,11.6141,4.9063,0.1543,17.211,0.9741,0.0575,8.307,4.6942,44.212,44.2259,19.8754,1,1,0,1
0.2834,6.518,9.8861,0.1243,5.5428,1.6907,0.1302,12.9496,4.1963,93.5473,40.0362,3.1757,0,1,1,1
0.2269,5.2074,4.5501,0.2099,20.5414,1.2914,0.2515,14.382,5.7768,40.052,17.505,40.4978,1,1,0,0
0.2241,8.607,5.0307,0.0902,19.728,6.0691,0.1924,10.389,5.4619,55.2572,35.2879,10.1815,0,0,1,1
0.091,14.1081,1.7373,0.1452,11.8669,4.3571,0.1123,7.11,6.6903,65.706,16.3316,42.1765,1,1,0,0
0.0883,9.2336,1.556,0.2731,18.0045,6.4478,0.0877,9.7791,6.983,110.241,2.8821,5.7482,0,0,0,1
0.0925,10.8987,1.0558,0.0503,13.0342,2.1067,0.2762,7.7617,4.8298,100.0735,10.0002,18.7519,1,0,0,1
0.1009,6.3228,1.02,0.2351,19.9962,2.4734,0.1973,10.1357,2.7742,114.6769,18.0027,44.8181,1,1,1,0
0.2573,8.1317,8.4166,0.028,20.7107,4.6755,0.2943,12.3807,1.797,114.2195,44.8683,18.9996,0,0,1,1
0.3484,7.3202,8.2984,0.2684,30.4314,5.4734,0.3039,5.2328,1.1169,50.189,20.5462,5.0553,0,0,1,1
0.3096,8.547,3.0142,0.3389,33.1527,4.7814,0.2899,5.7944,6.184,115.457,47.5579,4.0195,0,0,1,1
0.2193,10.9562,1.3327,0.2054,10.9034,8.8525,0.3174,5.2515,5.8984,92.3565,11.1605,35.6312,1,0,0,0
0.3463,6.1508,1.2138,0.3491,30.7698,6.4349,0.254,3.9339,5.5233,46.1158,7.0491,22.9687,1,0,0,1
0.1537,1.5344,3.8756,0.2452,31.8717,4.9292,0.0555,9.8545,1.8663,85.3081,32.7062,28.6401,1,0,1,1
0.1669,6.4186,5.6327,0.2619,6.075,3.8614,0.2216,9.0786,4.2805,78.2037,7.297,5.812,0,1,0,1
0.2161,2.8223,5.3929,0.3106,12.4905,3.643,0.0701,7.0607,6.851,63.3063,3.9054,42.7555,1,1,0,0
0.2366,1.397,8.5814,0.1792,36.5996,6.189,0.2689,11.62,2.3129,94.579,12.1043,5.2926,0,0,1,1
0.2649,14.2594,2.7283,0.0468,33.251,8.2299,0.3468,9.0172,1.4431,63.4558,31.9065,26.5832,1,0,1,1
0.3179,5.7792,5.9433,0.1027,13.577,7.8005,0.2533,4.769,1.9997,38.6577,24.1924,12.346,0,0,1,1
0.2408,10.1224,3.9487,0.1597,29.2508,6.9798,0.2505,12.1037,6.6629,37.8164,6.0551,37.5498,1,0,0,1
0.3405,2.746,1.364,0.2331,23.0498,8.7628,0.2884,10.6927,3.2942,77.73,5.4065,44.3034,1,0,0,0
0.0929,13.4377,1.9859,0.0294,31.6702,4.5392,0.0914,6.4412,7.0433,101.9056,47.7678,13.5403,1,0,0,1
0.2738,4.1803,6.8396,0.1721,33.2453,5.7931,0.2873,10.0681,7.0837,77.5439,11.1624,39.5333,1,1,0,0
0.2809,6.5864,6.4599,0.1252,11.9543,8.2068,0.2937,7.6664,6.128,110.7734,10.0016,13.3001,1,0,0,1
0.1713,1.127,4.9992,0.0862,32.0648,0.9054,0.171,7.4515,3.2287,106.5857,22.1656,29.0652,1,1,1,1
0.1052,12.4441,5.3152,0.2949,11.0686,5.6866,0.2259,13.3717,1.3212,64.1545,42.694,40.8476,0,1,1,0
0.0505,1.9458,4.5136,0.0397,37.6067,4.9683,0.3318,12.4723,5.3262,114.6761,16.9806,21.6079,0,0,1,1
0.3499,1.0589,6.5045,0.0962,15.2652,8.4945,0.0449,2.8627,1.6499,30.6228,33.1395,18.4412,1,0,1,0
0.0285,10.2035,2.2919,0.2544,24.0594,5.9604,0.1445,12.375,5.6791,40.0031,28.9041,31.0816,0,1,0,1
0.181,7.2281,1.0347,0.0766,13.5342,9.8222,0.0617,7.8855,2.0153,34.4823,23.182,9.3575,1,0,1,1
0.083,7.4649,5.1538,0.0585,30.5231,3.5406,0.0843,11.8413,5.0508,42.8453,13.1715,39.3104,0,0,0,0
0.1398,7.9912,9.4752,0.2869,28.8077,5.3499,0.1157,12.1076,0.704,38.2325,25.0038,28.404,0,0,1,1
0.1126,7.2603,1.9247,0.1103,9.4518,5.9794,0.2622,11.4891,6.1152,84.8265,29.3194,11.0479,1,0,1,1
0.2927,14.6771,3.2572,0.1149,9.6276,2.6668,0.2643,6.1993,2.0886,83.2802,17.6953,24.8992,1,1,1,0
0.147,8.591,2.2597,0.1693,15.4498,7.4807,0.077,2.4362,2.9997,104.6664,17.3226,16.826,0,0,1,1
0.1047,4.61,7.4078,0.1515,27.3064,9.482,0.2779,8.9902,7.2934,73.8129,36.652,20.4983,0,0,1,1
0.1678,12.8075,6.9582,0.071,31.3042,0.3089,0.0958,12.8253,1.9238,56.8792,35.2383,16.1104,0,0,1,1
0.1343,3.8632,3.7178,0.1877,33.0722,6.604,0.2119,14.5314,7.0792,46.2814,4.1688,26.5498,1,0,0,1
0.0876,3.7337,3.3987,0.2172,30.6733,7.7833,0.2511,13.5551,4.7252,101.3289,9.5024,18.8146,0,0,0,1
0.2818,4.9791,5.811,0.1873,24.0854,7.6689,0.0609,9.2571,0.5545,110.3285,31.0806,14.0682,0,0,1,1
0.0567,5.2189,7.5398,0.1609,9.6072,6.2953,0.2881,12.9784,6.7379,32.5307,38.6247,40.6379,0,0,1,0
0.0289,14.4089,9.1955,0.2563,9.0593,1.0977,0.0979,13.2326,4.3872,83.1046,25.3139,42.6543,0,1,0,0
0.1829,7.5548,0.4847,0.2631,12.6197,2.9413,0.197,11.0024,7.8038,46.7896,14.3583,24.297,1,1,0,0
0.3135,7.7885,7.6717,0.3482,37.7509,0.8284,0.131,7.8484,4.5844,98.841,46.9694,42.8897,1,1,1,1
0.202,13.2382,4.979,0.3301,22.3353,6.6441,0.1595,9.164,4.4886,100.1615,18.6313,25.0974,1,1,0,1
0.3028,12.7413,9.6758,0.144,18.9072,7.5259,0.1674,2.2311,7.128,40.5049,42.5815,21.0059,0,0,1,1
0.2201,12.2547,4.7646,0.2317,12.0732,2.887,0.2984,5.6544,7.9388,104.0606,8.2638,25.3265,1,1,0,0
0.0551,6.5215,9.821,0.3227,27.9326,2.0062,0.1562,2.497,0.7767,66.6699,32.4418,22.6709,0,0,1,1
0.1757,14.0732,2.7298,0.2847,29.8128,6.643,0.1944,12.0468,5.0458,62.5936,14.4377,4.9236,0,0,1,1
0.2611,3.3488,7.8763,0.3196,5.2649,1.1093,0.2263,13.4656,6.5402,99.4747,9.9176,6.6413,1,1,0,1
0.287,10.0251,0.4038,0.1053,6.8989,2.7191,0.2903,9.1724,4.2087,42.098,34.3215,17.1453,1,1,1,0
0.0439,10.4731,5.4444,0.2476,14.3225,7.3685,0.0867,7.5132,6.5989,93.705,4.172,37.6233,0,0,0,0
0.1433,11.5769,8.5988,0.2168,19.2068,2.3079,0.2831,9.9189,1.1808,74.3878,2.5446,16.0575,0,0,1,1
0.0205,5.3846,1.8092,0.0368,21.1365,9.6371,0.2972,4.0107,2.6493,31.203,24.8641,27.7197,0,0,1,0
0.1673,14.5994,2.6288,0.2518,18.2145,9.5704,0.0445,13.2051,1.3326,56.6709,49.9599,7.8271,0,0,1,1
0.1864,8.854,6.8858,0.0822,9.3442,9.1951,0.2583,8.772,6.729,72.0849,39.4521,32.0694,0,0,1,0
0.0213,2.9471,4.6594,0.1176,5.5729,5.1824,0.2238,8.515,0.7119,78.8286,2.9666,5.8259,0,0,1,1
0.1647,12.0808,8.3534,0.1287,27.5008,8.9893,0.1812,13.2427,4.798,67.0199,4.2598,34.2055,0,0,0,1
0.3009,7.1968,5.5173,0.1702,12.5293,4.7805,0.0235,8.6317,7.5879,74.7213,47.0093,32.1459,1,1,0,0
0.2988,14.6711,3.0531,0.0636,38.0859,1.3804,0.1646,8.5219,3.0934,39.3616,17.7857,2.249,0,0,1,1
0.2739,8.9627,7.7122,0.1115,11.1534,3.9376,0.0934,13.1518,6.5175,71.3233,19.2621,1.9489,0,0,1,1
0.0398,9.9344,9.3212,0.1267,16.9064,6.1976,0.1391,5.9138,6.9243,63.4578,15.801,38.1222,0,0,0,0
0.1735,7.6191,1.6197,0.224,34.6919,7.5552,0.316,12.0101,0.9764,53.3227,21.2722,20.5724,1,0,1,1
0.0689,12.887,3.741,0.1922,20.0871,7.5229,0.0607,6.3787,6.3532,87.865,47.4425,15.6768,0,0,1,1
0.1882,2.7712,0.9694,0.0878,12.603,7.8809,0.0577,13.6624,6.3641,70.6358,23.4434,39.8609,1,0,0,0
0.1669,1.4701,9.275,0.0986,9.4979,2.796,0.3162,4.5293,6.6449,76.3734,24.2805,31.3059,0,0,1,0
0.2507,13.2259,2.7075,0.2402,26.8791,7.5322,0.345,10.6659,7.5901,92.6335,38.3042,35.2843,1,1,1,1
0.2507,11.7304,7.5353,0.2326,11.3485,8.7498,0.1097,2.6663,2.5293,79.8945,16.0447,23.1643,0,0,1,0
0.0447,14.1972,6.2817,0.3407,15.5308,5.4891,0.0507,7.9624,6.1432,81.9532,3.558,15.4519,0,0,0,1
0.1885,12.3954,5.7952,0.0492,21.93,6.5579,0.0469,10.1564,6.5266,52.3076,38.0881,28.4588,1,0,0,1
0.1376,7.4881,9.7841,0.1511,23.1017,4.1627,0.07,5.0058,2.4629,69.5769,21.8553,15.345,0,0,1,1
0.1395,7.9791,0.9651,0.2934,23.1388,7.788,0.0661,14.9248,7.7641,104.0176,36.6461,13.0816,1,1,0,1
0.1496,6.3893,1.1056,0.21,13.646,9.0178,0.3466,8.1553,4.1238,79.8729,22.6999,1.0464,0,0,1,1
0.0417,10.105,4.6984,0.0552,13.9791,3.0896,0.1772,5.2063,3.2551,39.2803,20.4851,16.4738,0,0,1,1
0.3462,9.0462,0.8335,0.2894,10.3157,6.4902,0.0861,6.5292,5.6777,57.8096,25.5178,5.2961,1,0,1,1
0.2129,6.5437,6.9444,0.3379,27.7582,6.3179,0.1478,8.0947,0.6205,96.6954,20.0234,34.3125,1,1,1,0
0.0439,2.8417,5.5888,0.1051,6.4867,2.66,0.1734,10.0078,4.306,73.0428,6.1423,25.5274,0,0,0,0
0.1475,12.5285,5.5878,0.148,11.2219,2.6787,0.1608,2.5426,6.6021,32.285,35.7702,6.641,0,0,1,1
0.2998,8.8902,7.6509,0.21,27.2649,9.2386,0.2183,2.2498,1.6929,118.0672,8.2632,12.1004,0,0,1,1
0.2419,8.0033,2.2383,0.2245,26.4072,1.2878,0.2678,7.4406,6.9156,53.6412,37.4808,38.2638,1,1,1,0
0.1902,10.6666,8.387,0.2654,23.9276,8.701,0.2961,11.2694,1.5763,104.5832,7.6318,23.1592,0,0,1,1
0.2482,7.3513,5.3961,0.3216,18.5953,4.3099,0.3475,5.3852,5.9574,55.9606,13.8083,5.1486,0,0,1,1
0.3452,1.3783,6.188,0.1725,13.2534,7.8421,0.3268,11.8016,4.5869,44.1662,19.6677,32.3857,1,0,1,0
0.3464,9.8923,6.0278,0.1548,27.3763,7.0662,0.0606,2.2418,1.9316,42.3612,5.6346,44.0721,1,0,0,0
0.3002,12.6327,4.792,0.1416,19.4682,4.4775,0.3013,4.5931,3.5643,76.1908,43.0399,26.6792,1,0,1,1
0.2471,3.1217,4.9072,0.0765,37.755,2.9597,0.3041,8.0127,6.4141,61.603,36.1969,11.581,1,0,1,1
0.1621,13.9377,5.8022,0.3402,7.4312,0.3552,0.3321,2.737,7.3876,90.9405,20.0016,15.3576,0,1,1,1
0.2565,11.1942,3.6529,0.0495,16.9609,1.7676,0.0806,14.5936,0.6879,54.1369,2.9744,36.2352,1,1,0,0
0.2386,4.1046,0.8298,0.1795,33.5098,3.1361,0.1296,9.6871,1.9492,113.1752,23.1879,8.9227,1,0,1,1
0.0259,12.6592,8.395,0.0343,13.9339,1.0591,0.2923,4.6093,7.2116,70.6364,46.8506,30.9693,0,0,1,0
0.2669,8.2669,0.4747,0.0328,10.221,3.3049,0.2197,7.5096,7.2091,38.3799,36.3665,7.3811,1,0,1,1
0.0747,7.4541,9.9274,0.1155,28.3863,4.2856,0.2078,9.7332,5.9786,75.213,10.0273,32.287,0,0,0,1
0.324,11.2289,0.5376,0.3123,30.1074,5.63,0.094,4.6406,6.2282,96.2676,12.9356,18.5623,1,0,0,1
0.1078,1.3282,4.0064,0.0342,34.8872,5.7178,0.0427,14.7389,5.9901,84.1526,20.243,1.6918,0,0,0,1
0.0452,3.6662,0.9907,0.3381,39.9509,1.6064,0.2994,13.5044,7.7275,57.8055,26.8846,27.1704,1,1,1,1
0.16,6.3141,4.7418,0.3429,23.7214,8.0878,0.2481,5.1305,5.3685,97.9529,18.9786,42.6752,1,1,0,0
0.0727,3.3031,1.626,0.3397,26.4052,7.9562,0.25,9.3421,2.616,80.5299,26.583,32.7796,1,0,1,0
0.081,10.0766,2.7131,0.2036,39.4163,4.5917,0.1689,10.5191,3.5577,110.8259,39.6653,39.4211,1,0,1,1
0.0789,10.895,3.7157,0.2429,9.4179,4.178,0.2735,14.9905,2.0357,92.3488,3.4899,25.3871,0,1,0,0
0.2528,9.4249,8.7903,0.0546,31.0944,9.254,0.2356,5.1523,2.0525,36.3113,31.5124,22.7219,0,0,1,1
0.1873,2.889,6.0785,0.1219,18.7155,5.1878,0.2805,3.1634,7.3912,109.2002,8.6876,24.7743,0,0,0,0
0.3224,5.3422,8.5648,0.1312,34.1242,3.058,0.1779,5.678,2.6476,76.5369,49.3564,11.5121,0,0,1,1
0.0532,1.2341,9.7722,0.3389,20.1775,7.5194,0.0514,11.6225,3.2602,79.323,29.4194,12.5298,0,0,1,1
0.3099,14.7633,8.9895,0.1885,16.1118,4.222,0.3261,7.9402,1.0404,69.3002,41.641,41.2205,1,1,1,0
0.1951,2.0053,0.5211,0.1112,15.7881,2.6874,0.0546,7.8768,2.174,83.8201,9.0127,16.5471,1,0,0,1
0.2898,8.9609,0.8693,0.0808,7.3562,4.9542,0.1319,9.3156,7.4408,90.7657,31.4824,14.1043,1,0,0,1
0.1189,11.4352,7.782,0.1385,30.8601,2.2516,0.1479,8.922,7.8068,111.9872,12.6813,8.1902,0,0,0,1
0.232,14.1353,1.368,0.2014,30.2007,5.5245,0.2231,7.8696,5.0389,40.6197,45.3831,31.6815,1,0,1,1
0.3315,10.2886,0.5475,0.05,19.043,3.1025,0.2736,7.3624,7.7579,83.7152,42.3448,5.9545,1,0,1,1
0.2906,5.9543,6.1201,0.2022,10.8858,5.6305,0.0564,3.6525,2.1828,85.2217,32.3787,8.477,0,0,1,1
0.2999,12.4638,7.732,0.0961,36.2571,6.3078,0.3395,7.2215,5.0291,87.3378,39.3497,42.2637,1,0,1,1
0.1261,11.3906,1.7531,0.3263,21.3228,7.3394,0.0319,11.8259,5.7732,45.1593,38.4775,17.1522,1,1,0,1
0.1103,13.4065,5.9257,0.3046,18.636,3.0005,0.1546,9.6566,6.8062,88.5557,41.8208,24.6983,0,1,1,1
0.1108,8.9869,5.6109,0.1112,7.985,8.1314,0.2531,12.2736,0.8696,35.5549,22.8512,9.051,0,0,1,1
0.2729,4.8434,8.9758,0.0719,13.3786,7.1867,0.1529,7.8845,3.8487,91.2409,38.4952,25.7661,0,0,1,0
0.2647,11.7492,5.6712,0.1854,15.8588,4.4089,0.2372,6.5851,0.6447,114.4136,22.9681,36.7499,1,1,1,0
0.251,3.6381,1.1005,0.1429,32.1148,6.024,0.07,6.6657,5.1573,41.6205,19.2067,27.915,1,0,0,1
0.2428,12.5973,6.5767,0.1911,10.8022,3.2753,0.197,2.2295,1.1065,34.1756,12.8929,32.0057,0,0,1,0
0.0982,11.4941,8.9507,0.3398,30.0018,7.8556,0.0708,11.2382,6.8161,54.9662,6.499,20.836,0,0,0,1
0.1975,2.2588,6.358,0.3038,31.4357,9.6716,0.2744,8.1388,4.1251,79.6926,15.8436,40.7036,1,0,1,0
0.2763,11.5573,1.7698,0.1119,35.1858,4.232,0.2778,5.4875,2.1893,118.618,28.0559,22.8725,1,0,1,1
0.2723,7.4885,3.0869,0.303,9.7428,3.9488,0.1011,13.029,7.7689,78.548,20.6634,41.863,1,1,0,0
0.074,4.3077,7.8957,0.0392,33.2634,8.0214,0.2829,4.4842,3.1054,54.9904,31.3741,42.7969,0,0,1,0
0.1216,2.4503,2.3392,0.1764,27.341,2.916,0.0333,3.8186,3.4826,77.486,9.4796,38.7521,1,1,0,0
0.1945,1.3189,4.3341,0.1395,19.4944,7.4282,0.1018,13.3453,6.0758,30.5593,12.0839,3.9428,1,0,0,1
0.0483,1.51,8.7657,0.162,7.1097,8.8266,0.2171,11.9809,2.588,47.8149,33.0057,34.887,0,0,1,0
0.1804,5.4213,1.4371,0.0965,13.3308,3.488,0.0758,8.2082,7.7823,66.9104,38.0505,44.0983,1,1,0,0
0.3477,5.6335,9.8378,0.3277,29.5165,1.2808,0.1834,3.3169,4.8513,35.9143,26.3319,25.6382,1,1,0,1
0.2198,4.2423,8.7922,0.118,23.603,2.855,0.1098,4.5287,1.8598,93.0663,18.5973,29.601,0,0,1,0
0.0947,12.4895,2.0287,0.2342,15.0149,0.3729,0.3251,13.981,2.7255,102.7645,34.8453,44.1318,1,1,1,0
0.0207,4.0857,1.5465,0.2825,32.9596,8.9464,0.0814,9.9883,3.9496,50.0095,48.43,20.9319,0,0,1,1
0.2952,5.5396,3.3745,0.2592,20.0416,4.6042,0.3187,5.3074,3.2211,78.8278,23.544,37.6714,1,1,1,0
0.2162,10.8541,2.3425,0.1038,13.6204,2.9571,0.0216,12.0525,3.2818,109.8664,47.6226,3.7539,0,0,1,1
0.1332,9.0193,1.2726,0.2883,5.5297,5.6613,0.2857,13.0254,4.0437,74.9336,36.5166,12.8512,1,1,1,1
0.035,8.7038,1.7674,0.13,25.0554,8.2828,0.3248,9.1325,4.6752,47.0182,27.1379,17.8055,0,0,1,1
0.3383,4.4497,3.2413,0.198,36.8672,6.7716,0.3237,10.2045,6.0354,49.7315,29.6536,7.8325,1,0,1,1
0.3224,12.3063,2.8568,0.0661,8.7775,5.9453,0.2981,6.763,4.4962,85.9655,25.6292,25.2686,1,0,1,0
0.2925,8.6151,3.6419,0.3342,20.6359,4.5488,0.236,11.461,0.6977,38.9085,27.432,17.7649,1,1,1,1
0.1458,3.9217,4.9006,0.3003,25.6848,7.9169,0.2502,11.5656,3.329,78.4847,36.0265,25.8398,1,0,1,1
0.18,7.555,1.8442,0.2659,22.0048,8.0857,0.1554,8.0563,5.6205,97.3629,38.9948,40.8051,1,0,1,0
0.1802,2.9306,2.7578,0.0911,34.7235,2.5339,0.0954,14.6464,5.8581,113.2856,2.6366,42.074,1,0,0,0
0.1698,10.3302,3.8582,0.331,34.5432,0.7027,0.2065,3.2301,2.9773,95.6183,18.3143,3.2389,0,0,1,1
0.097,13.1938,3.9535,0.2788,18.9206,2.4166,0.0699,5.0224,6.195,107.8847,25.5787,42.9101,1,1,0,0
0.0326,6.9189,9.85,0.3006,32.2799,2.8192,0.1864,4.1421,4.6308,78.7133,9.2898,4.7707,0,0,0,1
0.0831,3.2968,2.9834,0.1441,26.9961,0.7724,0.2236,3.0421,7.324,103.4535,21.1357,10.5353,0,0,1,1
0.1531,8.115,6.2101,0.0938,26.9963,0.5668,0.0422,13.5029,1.2658,100.3878,2.3082,17.0541,0,0,0,1
0.2197,4.0319,3.7165,0.1314,11.238,9.735,0.2818,2.9401,1.5664,108.3018,3.3168,36.7409,0,0,1,0
0.2502,4.8825,6.3928,0.048,18.8847,5.4662,0.189,11.8446,1.215,85.6801,9.5439,14.0775,0,0,1,1
0.3315,7.7905,1.6845,0.2551,13.9682,2.7859,0.2111,7.4766,0.8079,63.9972,11.0599,40.7414,1,1,1,0
0.2037,7.2202,2.7781,0.1219,25.3706,0.5524,0.0645,3.6631,1.3689,109.6741,27.0892,3.1086,0,0,1,1
0.0668,3.7396,3.5004,0.1685,17.324,3.8117,0.1409,5.0808,4.5135,90.1307,28.3361,34.4902,0,0,1,0
0.1373,5.3401,7.9766,0.0662,7.3768,2.0825,0.1697,4.9396,7.9596,32.54,2.8763,41.68,0,0,0,0
0.1949,7.277,1.3297,0.2594,38.083,3.2089,0.131,8.9718,4.375,86.6613,35.5488,11.0511,1,0,1,1
0.2028,4.732,7.2701,0.0387,22.115,4.8372,0.299,12.8416,7.6347,61.5695,33.6248,1.6732,0,0,1,1
0.0422,10.2269,3.0964,0.0578,15.3117,8.9917,0.2423,8.2432,6.9611,101.1231,28.7677,22.7812,0,0,1,1
0.338,2.6732,3.0691,0.3373,12.0453,0.6703,0.1539,12.6513,5.4285,47.8432,38.1637,37.7418,1,1,1,0
0.2383,13.4482,3.1964,0.0321,10.1623,8.0248,0.3292,7.4982,7.8279,35.4081,7.4327,6.8703,0,0,0,1
0.2399,14.4615,4.4585,0.2122,18.622,6.1759,0.2516,2.5864,5.5381,79.6639,36.546,23.5825,0,0,1,1
0.266,5.5242,5.0198,0.0755,17.0531,9.5587,0.1293,10.1678,1.5689,65.9427,9.6362,18.4353,1,0,1,1
0.2336,11.6208,4.9398,0.135,18.9152,2.4645,0.0346,3.8282,6.9302,111.8079,21.1177,6.3396,0,0,1,1
0.3476,3.8076,6.4206,0.1127,19.6051,9.1895,0.312,5.2957,4.9649,117.0446,36.7337,4.1073,0,0,1,1
0.1868,11.0852,4.8446,0.2793,26.2246,0.3872,0.3059,5.7478,1.4914,43.4583,10.5328,30.4279,1,1,1,1
0.2951,14.016,5.1732,0.3114,8.2075,3.8383,0.187,7.1807,1.5868,68.7397,23.6037,16.7138,1,1,1,1
0.2209,10.0446,6.3728,0.3235,32.4661,7.4457,0.3369,9.2935,2.4379,112.981,42.3582,7.1907,0,0,1,1
0.1041,12.8346,6.9471,0.206,21.596,8.6567,0.3028,7.0313,5.3719,93.8656,21.1539,41.0193,0,0,1,0
0.1648,8.5755,8.277,0.2388,23.0462,4.8942,0.2255,6.1842,2.7245,36.7908,13.4873,6.2749,0,0,1,1
0.3109,10.2535,3.369,0.0663,36.1411,0.4227,0.2939,7.0941,1.721,42.1902,31.7356,5.2288,0,0,1,1
0.0568,10.9902,7.1206,0.3045,13.3651,5.9836,0.0807,6.3688,1.9444,39.616,34.1834,5.6081,0,0,1,1
0.2367,11.8088,5.3143,0.3221,33.1881,0.3938,0.3309,11.3473,5.684,90.8975,49.7002,13.8048,1,1,1,1
0.1545,9.0301,7.4449,0.2798,20.7388,6.1677,0.2275,11.4885,0.9792,81.3548,32.0583,28.7951,0,0,1,1
0.0852,4.5526,2.3989,0.3013,15.7402,7.4341,0.1818,10.4237,2.8454,60.957,12.7862,35.4934,1,0,1,0
0.2726,5.0019,3.4421,0.1642,27.7472,2.4773,0.0293,11.3915,3.9524,51.4349,13.8515,8.5521,1,0,0,1
0.0418,2.6598,4.3112,0.0751,27.2073,6.5081,0.0864,2.3996,6.3666,78.4166,30.8336,2.5367,0,0,0,1
0.2337,1.8529,2.5872,0.0938,21.6561,8.832,0.2024,5.1641,3.4066,78.7641,17.0255,41.8599,1,0,1,0
0.0693,6.5086,4.5177,0.0312,12.0061,8.284,0.0709,10.3829,4.9333,64.049,18.7424,31.9313,0,0,0,0
0.0282,10.4926,2.6077,0.3274,34.0484,8.3521,0.279,4.3117,7.8983,58.2184,2.7076,36.3472,0,0,0,1
0.292,14.8178,9.254,0.295,13.0844,0.4744,0.1836,12.3375,4.1694,36.3184,47.1087,14.2021,0,1,1,1
0.2988,11.3335,3.8863,0.2092,28.8509,3.0534,0.1645,11.5813,2.8291,67.657,3.7424,12.4624,1,0,0,1
0.2444,10.2468,8.9821,0.0935,7.1528,5.8895,0.1032,12.0567,3.133,81.9068,17.9383,5.9422,0,0,1,1
0.3375,6.7679,5.0711,0.1693,19.1149,1.3584,0.1395,10.0565,3.9736,116.9582,42.6292,31.644,1,1,1,0
0.1936,9.7014,8.8028,0.0855,39.1337,3.4624,0.1466,3.4497,0.7994,99.5204,44.5649,36.9047,0,0,1,1
0.3083,10.5494,6.6597,0.1837,29.2329,6.8307,0.342,5.8729,1.8161,37.3784,6.6941,27.587,1,0,1,1
0.1354,2.6898,7.971,0.2635,36.5511,9.7119,0.0896,4.6892,5.8053,63.7716,24.2059,26.5804,0,0,1,1
0.2425,8.653,7.8938,0.198,38.1148,0.9901,0.1523,5.7423,5.7942,54.5835,14.9122,27.9169,1,1,0,1
0.0469,9.2361,1.6361,0.2575,29.2054,9.4255,0.214,13.5411,1.3924,113.1781,17.7757,33.7922,1,0,1,1
0.2497,12.0764,8.8202,0.0551,16.1568,5.8021,0.198,11.0919,6.9938,31.2777,48.7102,26.0758,0,0,1,1
0.1629,1.383,7.0146,0.1734,8.6707,7.012,0.3101,11.6105,2.735,74.5458,17.1219,35.2852,0,0,1,0
0.323,13.8465,6.3933,0.3262,19.8447,6.6535,0.1032,8.0144,4.6717,62.7013,43.7981,20.7458,1,1,0,1
0.3018,11.858,8.6207,0.2236,7.3323,7.1614,0.2965,4.0071,4.8032,103.8066,30.1507,8.5587,0,0,1,1
0.1404,10.747,1.8213,0.3205,37.8562,0.7904,0.1514,8.0105,6.3963,74.2086,30.5162,6.0074,0,0,1,1
0.2623,10.4017,8.1079,0.3397,19.166,0.5091,0.1384,7.1773,2.1381,77.2033,48.2821,41.8707,1,1,1,0
0.1577,6.0033,3.544,0.0597,37.7164,1.4229,0.2938,11.5393,1.4204,62.2152,30.6221,14.7739,0,0,1,1
0.0355,10.8586,7.0743,0.0919,19.6292,1.1947,0.1838,12.0674,5.1169,63.6257,9.7244,4.0307,0,0,0,1
0.2266,5.5418,7.283,0.3359,33.5102,6.9437,0.2369,2.7631,6.3521,32.8792,33.1579,44.1007,1,1,1,0
0.3135,11.3791,1.0698,0.2333,29.6607,2.5731,0.2667,10.9278,6.8088,70.3704,35.4042,17.4706,1,1,1,1
0.3112,5.1442,3.5467,0.1189,18.1141,9.4636,0.3074,6.236,5.1928,30.8746,12.4461,31.5105,1,0,0,0
0.1325,5.9567,8.3533,0.2321,29.2539,3.2682,0.0552,4.746,0.5058,106.6321,42.0978,20.5907,0,0,1,1
0.1168,11.2853,9.2405,0.1396,15.0843,9.0059,0.0717,6.2975,4.6349,36.6864,33.3598,29.8094,0,0,1,0
0.2169,6.6455,1.3371,0.2212,35.704,3.0867,0.2147,3.6003,2.295,41.9594,48.4988,40.7831,1,1,1,1
0.0919,7.2526,4.7505,0.3452,15.6649,2.1196,0.2851,12.084,5.0127,91.1457,30.362,15.339,0,1,1,1
0.0713,10.9885,6.7968,0.2385,28.7736,3.074,0.1458,8.5329,3.0416,38.033,36.927,38.8121,0,1,1,1
0.1562,13.2779,9.6788,0.039,38.7536,1.4525,0.2218,6.8612,1.0192,60.9865,12.9289,42.8525,0,0,1,1
0.3384,5.4956,6.2132,0.2823,19.7268,0.3704,0.3098,11.1848,1.4441,55.4085,45.6546,4.5392,0,0,1,1
0.1889,5.3345,1.0168,0.2665,38.501,1.4578,0.1157,13.9686,5.3099,45.7933,17.6534,32.0815,1,1,0,1
0.2931,8.0525,4.1684,0.2583,14.4404,1.0524,0.06,11.7389,2.6415,112.9328,37.853,10.8814,1,1,0,1
0.0635,2.9912,8.376,0.2362,27.3717,3.8359,0.1384,5.9377,3.7275,102.4926,33.9123,36.5862,0,0,1,0
0.0372,14.4931,4.0986,0.0456,39.1177,7.871,0.0264,14.7221,3.9428,32.0327,20.4373,11.2064,0,0,0,1
0.081,10.1723,1.748,0.0331,8.5048,1.2344,0.1384,8.7506,7.4345,32.1954,44.9633,20.5257,1,1,0,0
0.2712,12.7098,4.1884,0.2297,38.5914,7.043,0.2674,5.0132,2.0953,69.7007,16.3272,42.6997,1,0,1,1
0.0281,8.6216,1.715,0.0699,10.0023,4.7722,0.2846,5.1682,3.6664,34.3461,35.2448,1.3792,0,0,1,1
0.1357,12.6715,0.9862,0.1563,27.1613,4.4563,0.2272,13.4192,4.864,109.1147,23.3303,2.3543,1,0,1,1
0.173,10.0509,6.5621,0.3352,38.0751,3.0123,0.124,2.6932,0.6011,100.5202,46.4955,3.8905,0,0,1,1
0.2933,8.9928,9.836,0.2474,18.8767,1.4021,0.3431,13.4549,1.1321,40.3395,37.2129,33.049,1,1,1,0
0.127,2.3042,9.8175,0.1092,5.369,2.4323,0.064,3.6833,4.5175,47.2321,17.0481,7.4234,0,0,1,1
0.3183,1.8394,9.1139,0.248,29.5792,9.5963,0.1093,9.4057,4.6341,106.5414,26.3552,34.8068,1,0,1,0
0.1315,13.8305,1.8497,0.1985,5.08,7.4407,0.0436,6.4679,2.9567,68.1935,32.3714,6.8383,0,0,1,1
0.317,8.7962,7.5332,0.0617,32.1042,6.0284,0.0777,5.1508,6.7366,73.6047,20.7299,14.9176,1,0,0,1
0.1695,14.8871,4.721,0.2819,5.1666,2.9258,0.2132,11.9259,5.0433,77.1854,7.2558,40.0698,1,1,0,0
0.0612,6.1101,6.8364,0.263,20.276,5.5385,0.3013,4.0038,2.6958,45.9743,14.1486,2.1241,0,0,1,1
0.1014,4.3768,2.4528,0.2841,24.0874,6.9133,0.2307,10.5704,3.1335,107.0531,40.1569,15.0282,1,0,1,1
0.0949,14.2025,0.8489,0.2475,28.9294,4.0523,0.0659,3.2718,5.0016,40.8694,3.829,6.2078,0,0,0,1
0.0814,8.5259,1.4854,0.2047,10.8925,2.8813,0.0727,4.3716,5.4136,106.5628,21.9395,33.4887,1,1,0,0
0.0943,7.9972,2.1256,0.1782,25.4928,7.0281,0.2109,4.5779,6.2073,33.7086,41.8811,42.4215,1,0,1,0
0.1308,6.5586,4.0098,0.2776,9.8775,6.2137,0.3375,2.6113,5.1839,93.2771,38.0328,30.1104,0,0,1,0
0.094,9.0695,1.5499,0.144,10.7902,2.8312,0.0502,12.7811,4.3589,79.3448,29.493,43.1507,1,1,0,0
0.2392,2.3183,2.2297,0.0544,19.502,0.9828,0.3088,4.5629,2.1066,100.3331,11.8713,44.734,1,0,1,0
0.1496,10.2361,4.5221,0.1863,34.1306,9.8092,0.1637,9.7053,6.8115,116.8308,48.4912,6.8683,0,0,1,1
0.1627,2.8337,8.6601,0.0986,35.2802,9.2195,0.0919,5.9016,2.9268,33.4384,25.0304,11.5962,0,0,1,1
0.0623,5.3474,5.872,0.0543,30.5406,5.2105,0.0509,3.4622,7.6058,99.6387,18.7879,21.8146,0,0,0,1
0.234,12.5297,9.3398,0.3072,15.5728,9.4599,0.1679,4.6523,5.4098,78.3062,35.4987,35.9124,0,0,1,0
0.0301,8.8205,1.9011,0.0709,12.4586,2.2688,0.1568,11.2451,4.2631,95.8947,8.5081,22.7636,0,0,0,0
0.0928,7.3337,7.8183,0.2263,6.9199,3.3874,0.1648,12.0028,2.0747,73.0622,19.0024,31.807,0,1,1,0
0.2797,13.5265,0.74,0.3342,23.3973,0.5637,0.0493,2.9164,5.3873,81.2004,5.1384,42.175,1,1,0,0
0.1389,2.8626,9.4833,0.1793,5.6214,3.2292,0.2247,3.2653,3.1211,85.8914,4.5274,5.3843,0,0,0,1
0.0798,7.4295,9.7542,0.1443,7.9785,9.4874,0.1382,14.5137,0.9744,41.7029,48.2715,37.7988,0,0,1,0
0.0462,1.0689,3.8194,0.0987,35.275,1.464,0.3396,2.3388,1.8408,116.7993,28.846,6.1524,0,0,1,1
0.1625,5.4044,9.0932,0.1753,39.2587,2.1512,0.2303,3.8515,6.621,95.0729,9.2112,24.6418,0,0,0,1
0.1739,6.4961,2.39,0.2147,24.3459,2.6375,0.2391,4.7078,4.1956,96.3765,27.2214,19.3605,1,0,1,1
0.1386,2.2976,5.4735,0.2524,25.3965,2.5731,0.1407,11.8395,2.4577,49.5102,27.9238,32.5016,1,1,1,0
0.2055,1.2736,5.1262,0.2089,18.4216,6.7135,0.1249,2.7712,4.0579,70.7489,33.767,30.3697,1,0,1,0
0.0312,1.813,6.2489,0.2729,26.5246,9.7142,0.0788,9.1699,3.2382,117.3851,34.5564,25.5396,0,0,1,1
0.0618,2.237,7.372,0.1084,28.7625,3.3568,0.3301,14.4307,7.1922,30.8519,4.2564,16.3318,0,0,0,1
0.3195,8.6135,1.9472,0.1408,10.9435,5.8129,0.2037,5.7453,1.9414,77.9472,14.2001,26.0436,1,0,1,0
0.1789,9.3918,7.6767,0.0399,14.03,6.0548,0.2178,14.4766,4.5287,67.5062,22.1193,40.514,0,0,1,0
0.3493,2.5613,6.3191,0.067,39.6704,6.4097,0.2289,9.4585,0.8369,117.2643,34.3646,14.7802,1,0,1,1
0.1175,10.1943,0.6732,0.3445,38.293,6.3877,0.2383,13.6351,1.6062,61.9316,10.9517,5.8464,1,0,1,1
0.2641,7.969,4.7233,0.0728,21.3764,1.2215,0.1301,8.9967,1.3514,49.6305,34.5601,23.699,1,1,1,1
0.342,2.448,7.6713,0.0306,28.7275,2.829,0.3446,4.2635,3.8952,55.424,36.5795,15.8544,0,0,1,1
0.0662,3.7061,5.2403,0.0222,6.5213,1.2465,0.1053,11.0283,4.5926,95.4324,3.7997,32.4331,0,0,0,0
0.2295,1.3703,2.5571,0.2613,23.0555,3.3276,0.2051,10.9381,7.853,89.7269,32.8854,25.7961,1,1,0,0
0.0479,6.3936,4.8833,0.3228,15.1373,0.8182,0.0577,14.0897,2.5509,76.543,10.3844,17.5919,0,1,0,1
0.0523,6.9646,4.221,0.3214,23.733,8.1003,0.2437,6.3757,7.0853,112.4908,47.3071,34.8501,0,0,1,0
0.0313,4.9467,6.6069,0.3302,28.2537,5.0124,0.3,12.4872,5.0088,48.7186,13.0569,33.9431,0,1,0,0
0.3136,1.1981,2.0892,0.1001,8.9175,6.1689,0.0843,10.4341,7.3223,53.468,4.0988,16.3391,1,0,0,0
0.3313,7.6413,7.5176,0.2388,35.296,9.6442,0.0642,7.3173,7.0987,118.3189,40.909,2.1082,0,0,1,1
0.1605,4.6956,7.0432,0.094,27.8562,2.6116,0.1206,6.7031,3.3522,30.9376,28.2242,27.2504,0,0,1,1
0.1539,5.9869,8.6519,0.3189,15.0953,2.8586,0.3105,12.8871,3.9345,70.6478,5.1022,8.6856,0,1,0,1
0.0765,8.4644,8.0875,0.2294,21.1785,6.7555,0.0567,9.8071,7.0494,104.5901,27.0014,41.8473,0,1,0,0
0.3019,11.8269,7.3661,0.2031,18.5167,9.059,0.1195,13.9223,6.6761,69.395,45.9048,22.5173,1,1,0,1
0.336,7.0864,8.4232,0.0945,30.3032,3.3461,0.0254,6.0921,2.7447,89.097,41.1263,34.4246,1,1,0,1
0.051,13.6079,5.5421,0.0223,15.2975,5.4994,0.2617,12.0252,3.5774,52.65,34.0191,18.6039,0,0,1,1
0.2042,12.5555,3.8719,0.2908,12.5433,9.6132,0.1913,10.3781,5.0975,109.9852,31.528,44.0516,1,1,1,0
0.0482,9.5686,7.9346,0.1971,13.5188,0.6535,0.0922,9.818,1.5676,32.5487,47.4655,27.4272,0,1,1,0
0.1518,11.6489,7.3071,0.0712,28.0765,0.8548,0.1856,14.8377,5.0884,66.5346,18.7307,13.8079,0,0,1,1
0.3199,7.1426,3.2304,0.2236,12.1299,2.818,0.0982,4.9705,6.3275,58.1943,39.4728,7.2008,1,1,0,1
0.164,2.0692,4.1269,0.0218,24.5741,3.0544,0.0952,9.9598,7.7696,63.9964,21.0936,38.6493,1,0,0,0
0.0729,1.1832,4.2588,0.32,34.6955,8.175,0.2048,3.4817,4.5639,80.4478,10.7646,19.2644,0,0,1,1
0.2678,1.0556,6.9376,0.2801,11.2439,1.9759,0.2237,10.6211,6.0291,62.2202,17.5153,43.6261,1,1,0,0
0.0747,7.9723,0.6481,0.2254,19.7636,6.7404,0.1103,8.2751,7.982,74.4758,8.2256,13.8675,1,0,0,1
0.2882,3.2015,8.1329,0.1868,8.6014,1.6718,0.1936,8.9203,4.6393,37.3373,3.3085,38.5064,0,1,0,0
0.265,2.0556,9.257,0.2207,33.5947,3.8007,0.2544,5.8599,7.7931,111.8788,32.1683,6.6652,0,0,1,1
0.1127,5.5802,5.9087,0.0408,24.6576,1.0529,0.1947,7.2002,0.6197,86.6904,44.0288,3.7595,0,0,1,1
0.189,1.9989,5.6677,0.1094,26.3171,8.5899,0.0225,11.8665,3.6032,104.0912,10.7187,43.8245,1,0,0,0
0.1084,10.983,8.5397,0.2596,23.6421,6.4848,0.261,6.3953,4.8977,117.5211,18.5176,15.7764,0,0,1,1
0.1163,5.7337,7.889,0.2767,22.2755,1.6694,0.202,10.4139,1.5332,44.217,16.1707,5.9729,0,0,1,1
0.0704,7.2003,7.7757,0.282,27.233,7.585,0.0613,12.1748,1.2771,94.8074,5.2715,11.055,0,0,1,1
0.0237,14.9855,8.5435,0.3107,19.151,9.4069,0.2573,6.2973,4.7901,109.1631,38.9715,26.2354,0,0,1,1
0.3306,9.757,6.774,0.1411,28.5776,2.3401,0.0993,13.6811,3.9198,81.4343,15.5666,11.7269,1,1,0,1
0.1582,8.1763,7.8536,0.1876,37.1539,1.7787,0.3274,10.5408,4.3312,56.6073,35.5508,20.4628,0,0,1,1
0.3095,3.4207,4.6319,0.0528,7.5658,8.287,0.1677,12.0078,1.5745,49.8613,27.7246,36.0386,1,0,1,0
0.1322,12.2603,8.5872,0.3161,26.827,5.7286,0.0459,2.7609,0.8975,118.7793,31.4092,33.205,0,0,1,1
0.0463,11.7028,0.789,0.2645,5.8301,2.2902,0.2392,13.3503,5.9556,33.1443,32.227,21.9623,1,1,1,0
0.1271,2.1679,1.6179,0.2377,20.4699,2.9686,0.247,4.4079,4.041,44.0361,38.0136,3.3844,0,0,1,1
0.1742,13.8367,0.4645,0.2307,31.5279,2.665,0.1592,8.2346,5.5348,39.5198,26.23,31.679,1,1,0,1
0.1948,10.3319,1.8471,0.3337,35.1604,2.946,0.2926,11.4932,2.2815,76.4464,11.5436,28.582,1,1,1,1
0.1748,7.918,0.4355,0.102,10.4151,5.4614,0.0521,6.6211,3.1541,76.55,15.6742,35.0109,1,0,0,0
0.1182,11.4135,7.8883,0.3432,37.7742,8.6763,0.0537,12.5928,2.796,66.0914,33.1285,42.1773,0,0,1,1
0.0344,14.2392,8.937,0.1901,31.2761,4.8007,0.2892,5.7612,5.2144,76.502,40.401,12.6436,0,0,1,1
0.1792,3.1248,3.6805,0.0547,19.3273,8.213,0.0836,14.065,4.0832,77.5792,48.148,21.3971,1,0,1,1
0.1998,13.144,2.5712,0.0467,26.3587,2.9507,0.3362,14.6791,1.4704,97.7112,37.8366,42.3461,1,0,1,0
0.0381,10.7829,6.8423,0.0472,35.2194,4.5252,0.1533,2.463,5.9439,39.088,32.3486,2.2727,0,0,1,1
0.1483,6.213,7.9103,0.244,29.0342,2.1631,0.2243,6.7162,4.9308,114.1788,40.0019,43.8227,0,1,1,0
0.1592,13.2389,0.9613,0.1,38.4933,7.4891,0.0916,14.7806,6.5848,105.4154,18.8437,33.6056,1,0,0,1
0.2826,7.1757,7.227,0.2065,28.7128,2.0996,0.2672,5.9631,2.2081,44.2752,15.3971,16.221,0,0,1,1
0.3079,3.8326,8.4153,0.308,25.7334,1.6346,0.1964,10.2676,2.4072,77.6208,24.0105,18.9245,1,1,1,1
0.1926,10.1565,4.9134,0.2602,10.5056,5.8565,0.3292,10.5732,2.5863,103.1055,46.4652,37.4704,1,1,1,0
0.2835,4.7764,8.0939,0.1884,17.0599,4.413,0.1991,9.7142,3.764,64.6297,30.8853,39.5348,1,1,1,0
0.3233,13.2395,2.6172,0.2981,39.631,0.4992,0.193,2.5427,5.2741,66.41,12.0666,31.4064,1,1,0,1
0.1597,4.5159,4.2375,0.1291,37.5013,6.3859,0.106,12.9861,7.7058,79.8431,24.5941,10.2364,1,0,0,1
0.1394,10.3697,0.5633,0.3068,33.2203,4.5774,0.0577,5.9667,0.9267,105.5038,23.2636,24.7647,1,0,1,1
0.2751,6.2722,8.5972,0.1627,25.7443,4.4213,0.0456,2.2588,7.5486,45.9366,22.4251,40.8566,1,1,0,0
0.2824,6.5541,1.7932,0.181,35.079,1.1526,0.0605,9.0725,2.3081,116.7407,7.7223,32.9467,1,1,0,1
0.1961,2.6517,7.5226,0.1219,28.4261,3.3707,0.1295,12.4907,5.6972,30.661,44.8797,12.2901,0,0,1,1
0.0558,6.5163,1.8967,0.0709,17.526,8.9775,0.1205,8.4281,3.9028,82.5078,32.1452,30.8338,0,0,1,0
0.2729,6.7586,9.9257,0.0866,35.059,8.5481,0.0804,12.6322,5.3996,58.47,4.9378,9.4299,0,0,0,1
0.0601,5.8388,5.9741,0.3458,14.666,6.137,0.1667,12.6166,3.7206,82.7919,31.1594,30.2018,0,1,1,0
0.0237,11.9542,2.0324,0.3202,13.1641,1.0839,0.0609,11.5529,5.0112,30.0305,32.6108,14.0351,0,1,0,1
0.2931,10.6685,7.6978,0.0474,17.3648,4.5469,0.2113,14.171,3.4613,43.7803,4.4966,13.7721,0,0,0,1
0.2863,3.3971,0.6331,0.2992,34.2309,6.0486,0.2572,8.767,2.4009,69.4531,37.7985,19.0668,1,0,1,1
0.3403,14.8747,6.7392,0.3352,8.9379,3.111,0.0315,14.5224,3.0642,43.6181,19.585,26.9481,1,1,0,0
0.2217,6.9729,8.124,0.1788,7.472,2.0548,0.2045,2.2364,2.0527,106.7927,10.9107,39.7161,0,0,1,0
0.152,12.6724,6.5582,0.2114,29.9205,9.5233,0.1733,11.605,6.502,59.9361,20.5826,37.3376,1,1,0,1
0.0255,7.038,7.9734,0.1526,26.1782,6.94,0.1472,14.0055,5.7474,51.7407,28.8426,2.644,0,0,1,1
0.2463,9.6347,9.2108,0.0767,20.6485,4.077,0.1471,6.6577,2.639,96.3793,24.3481,9.9332,0,0,1,1
0.2732,3.0645,0.3542,0.3091,34.1688,6.6264,0.2271,12.9592,2.4595,89.0073,49.2047,29.4644,1,0,1,1
0.2551,5.0972,9.9702,0.1567,37.8582,8.5655,0.1723,3.3631,3.2439,60.335,6.6796,7.9042,0,0,0,1
0.1392,1.8384,8.8287,0.2596,14.6706,5.6985,0.1441,10.1713,5.6768,49.8774,28.4495,8.001,0,0,1,1
0.3333,6.2557,1.6688,0.3047,5.7728,3.5627,0.0768,4.5564,0.5227,85.1501,15.9048,6.2849,1,0,1,1
0.1505,10.0619,1.2389,0.073,11.2975,1.0584,0.3293,7.9205,3.308,37.6466,13.8816,27.3484,1,1,1,0
0.1861,5.1473,1.3113,0.1765,18.5741,2.9378,0.1211,13.7295,3.1934,38.548,5.6827,30.8394,1,1,0,0
0.2675,9.0082,8.3247,0.2734,16.0487,0.8815,0.1809,6.1381,6.0495,113.8851,2.2067,9.9085,0,0,0,1
0.0561,4.014,3.4519,0.14,14.6578,4.7815,0.2425,6.2361,7.3001,108.5472,30.0849,19.0278,0,0,1,0
0.2441,12.4303,2.773,0.2414,7.5429,5.2947,0.082,12.0805,7.1572,112.0538,13.2411,35.1222,1,1,0,0
0.2209,11.2922,8.5549,0.3451,22.7928,5.3378,0.3,6.1641,1.0036,60.8937,24.259,29.0047,1,1,1,1
0.0349,5.536,5.7739,0.0649,13.0808,0.4823,0.0307,2.0785,7.5922,30.9063,27.2619,5.9812,0,1,0,1
0.1768,3.3893,0.5196,0.3297,12.2764,8.7054,0.0814,3.7154,5.988,73.3286,49.6537,27.7727,1,0,1,0
0.3352,7.668,4.7187,0.2221,12.0862,4.3904,0.3207,2.4591,5.2557,66.0826,41.0072,34.7597,1,1,1,0
0.0602,12.663,6.3911,0.1315,26.2305,5.2699,0.2317,11.1459,7.0811,116.2627,31.338,7.1338,0,0,1,1
0.2427,13.0183,3.5351,0.1968,29.5714,7.2795,0.2055,12.785,7.6163,50.2692,22.326,36.013,1,1,0,1
0.1869,10.1721,9.8237,0.1506,30.4597,4.3291,0.3297,12.9268,4.4621,31.5253,36.7581,2.5874,0,0,1,1
0.3493,14.5474,7.4921,0.1365,20.2058,2.7464,0.0207,2.3435,6.1638,61.274,24.1431,29.8483,1,1,0,1
0.2186,2.514,2.2037,0.1223,29.2382,0.3421,0.0987,7.2037,3.4659,83.4579,17.5419,7.0834,1,1,0,1
0.1214,1.6375,9.8634,0.1834,34.5104,5.4218,0.1924,8.5497,7.291,93.7224,44.6485,31.8313,0,0,1,1
0.3046,9.6794,1.0636,0.2682,20.1946,8.1065,0.0372,4.9175,4.7395,86.7291,11.6453,26.02,1,0,0,1
0.1318,3.3045,6.6225,0.3173,18.4822,0.5481,0.3356,13.8966,2.833,111.1599,17.8865,6.6161,0,1,1,1
0.2313,6.5112,7.6042,0.205,19.2294,8.9524,0.2126,2.9821,1.4632,44.9845,49.8089,6.7678,0,0,1,1
0.0342,14.6216,9.2842,0.1965,25.1469,3.9701,0.0582,5.4145,1.7005,84.3057,29.3364,41.5493,0,1,1,0
0.2733,14.6305,8.3561,0.1016,37.3799,3.1813,0.2101,13.7673,1.6328,100.8738,33.2587,11.2628,0,0,1,1
0.0708,5.1315,3.0216,0.0881,38.5137,8.2862,0.2702,14.0559,2.8101,53.6298,19.0735,5.844,0,0,1,1
0.1202,5.6695,4.3824,0.2851,19.5669,5.4586,0.182,10.0081,3.2327,78.1275,49.5409,36.449,1,1,1,0
0.1588,8.2832,5.0029,0.2769,39.0578,8.3548,0.0444,10.9705,4.5602,102.8086,29.3779,22.0483,0,0,1,1
0.2148,7.0227,4.2045,0.1531,9.3406,9.8197,0.3128,5.1063,3.8391,73.3079,2.3101,14.4288,0,0,0,1
0.1923,4.1349,1.9246,0.2002,9.4662,2.838,0.1376,6.8452,7.0959,40.7921,23.0886,10.6501,1,1,0,1
0.3066,7.8048,1.1628,0.1052,29.47,5.7126,0.032,10.7228,2.2785,117.0303,19.7106,8.7395,1,0,1,1
0.3462,14.6711,0.6092,0.2679,36.32,5.5495,0.2599,8.9377,2.921,82.3086,20.5613,23.9108,1,0,1,1
0.12,7.7406,3.3187,0.0694,36.2375,8.4389,0.1137,13.4448,4.8138,45.2166,30.5854,3.4684,0,0,1,1
0.1613,2.5274,2.874,0.1634,25.5167,9.7444,0.184,10.3573,0.596,72.6511,2.1963,11.1012,1,0,1,1
0.1953,9.4502,5.9377,0.3285,19.3756,1.8381,0.2948,4.562,2.2807,96.9827,2.8193,8.6675,0,0,0,1
0.0663,7.1601,4.4883,0.0932,28.4049,2.6615,0.0481,4.6838,7.3979,81.7085,25.9591,3.521,0,0,0,1
0.1935,6.6429,0.4899,0.323,26.4982,6.5532,0.0689,2.2586,4.2903,103.954,46.319,1.0348,0,0,1,1
0.279,14.9693,2.0703,0.3118,32.6882,6.4583,0.1468,2.4416,3.69,91.1048,25.4391,5.7717,0,0,1,1
0.2881,12.8064,8.1389,0.332,32.3213,3.9441,0.2247,12.7069,2.0427,69.1207,18.9778,20.7408,1,1,1,1
0.1856,1.946,9.3983,0.0714,17.9581,4.1393,0.0267,12.4332,3.2511,86.9676,14.4485,36.6864,0,0,1,0
0.2006,2.9186,3.1611,0.2955,25.6887,3.9229,0.2634,11.5461,6.3529,38.8032,20.078,22.0738,1,1,0,1
0.0275,6.0046,9.0906,0.0972,12.9964,3.9631,0.0687,5.8646,1.6288,71.8812,24.0146,3.0435,0,0,1,1
0.1388,3.5174,6.4526,0.0614,35.242,8.9067,0.2836,8.727,6.127,53.7676,11.3874,6.9267,0,0,0,1
0.2206,12.0842,9.308,0.284,30.2094,7.7373,0.1698,6.2244,4.1694,79.971,34.238,32.8505,0,0,1,1
0.1582,3.0475,6.134,0.0786,32.4023,5.1224,0.0243,12.4977,2.7329,49.7853,45.6966,25.7801,0,0,1,1
0.2407,14.0885,6.127,0.0644,19.622,2.9303,0.3259,8.5395,6.9752,71.6957,9.8501,34.1903,1,0,0,0
0.0246,11.9339,1.6414,0.2748,7.1969,8.3692,0.3376,13.3363,6.1817,85.501,39.1354,10.8399,0,0,1,1
0.0247,1.4502,2.0975,0.216,14.4444,4.5272,0.2023,3.4243,6.4909,39.0482,47.6488,16.686,0,0,1,0
0.2821,10.612,7.5331,0.2232,36.1671,7.886,0.2024,4.4519,7.3596,38.8742,9.8361,30.6948,1,0,0,1
0.3086,2.5317,3.1898,0.2543,10.6121,4.5834,0.1968,5.1011,4.59,101.4437,18.5335,2.8989,0,0,1,1
0.027,8.6757,5.9284,0.3203,19.1231,7.0941,0.3186,13.2663,4.163,30.2234,20.0901,27.2935,0,1,1,1
0.0457,4.1198,5.4515,0.0694,12.5734,8.0678,0.2635,3.7603,2.1327,99.4869,26.6186,42.7997,0,0,1,0
0.1493,1.6648,5.8184,0.0731,32.5735,8.0475,0.1187,4.812,5.3493,70.7976,45.5579,19.0727,0,0,1,1
0.0451,3.1094,9.3739,0.3374,17.4804,2.196,0.3399,2.1105,6.7916,33.1726,18.2477,36.2794,0,1,0,0
0.3194,4.1854,7.2248,0.2542,39.7,1.6487,0.2626,9.2663,0.7613,54.032,21.7149,26.4203,1,1,1,1
0.3139,11.7055,8.382,0.2797,21.7869,2.5364,0.2637,11.9035,7.9362,61.1121,11.0806,9.3939,1,1,0,1
0.2998,8.9324,5.6101,0.108,10.7759,6.9214,0.2044,12.0038,5.1799,41.7424,3.3237,37.2334,1,0,0,0
0.1203,3.2728,5.2223,0.0428,8.3522,7.6058,0.1331,11.3504,4.8249,119.0525,13.7136,19.8467,0,0,0,0
0.2071,6.7907,7.4482,0.1361,31.0237,5.9984,0.2564,3.9435,1.1439,81.8457,32.2368,15.0224,0,0,1,1
0.1416,5.6476,2.9593,0.1906,30.108,8.0493,0.2328,13.5627,6.9366,50.1127,4.3412,28.7356,1,0,0,1
0.0481,10.3675,9.451,0.1011,19.8412,9.7783,0.1362,2.1112,6.592,94.4174,18.0209,30.1885,0,0,0,1
0.2545,7.5687,9.5547,0.3227,27.9442,7.7638,0.2658,10.4786,6.3973,30.0751,22.5378,1.3794,0,0,1,1
0.1449,6.4233,7.6994,0.2717,18.3366,4.5542,0.2415,11.0735,7.5336,58.9168,28.4676,16.1642,0,0,1,1
0.265,12.9403,4.8464,0.2465,10.425,3.7015,0.1162,2.3675,5.8245,46.1243,20.9102,36.397,1,1,0,0
0.1952,12.884,4.821,0.1424,27.6797,8.75,0.1531,13.0635,0.8291,76.243,12.5995,31.8961,1,0,1,1
0.3384,3.7794,2.5809,0.3105,37.0439,9.2106,0.3212,6.36,1.3791,63.8707,22.5254,17.1089,1,0,1,1
0.0499,12.0241,5.9635,0.3399,33.4594,6.5923,0.3039,12.4052,6.9022,41.1519,23.9674,40.0821,0,1,1,1
0.0897,3.9694,0.3945,0.3064,30.2534,6.6371,0.1653,5.6281,3.6998,92.1289,34.5004,7.288,1,0,1,1
0.0954,13.8703,1.4935,0.1651,26.2562,1.9457,0.2391,10.8315,3.5184,119.1488,28.9322,37.386,1,1,1,1
0.2567,3.8039,7.71,0.1401,12.4622,8.9035,0.173,8.685,1.9864,94.9564,19.4678,32.395,0,0,1,0
0.1645,14.4749,9.5928,0.1401,21.7564,8.9332,0.3185,3.0864,4.4055,79.5932,19.1451,14.912,0,0,1,1
0.3341,3.1533,9.1172,0.3226,15.4006,0.3465,0.2843,12.5955,4.0807,31.0913,47.1389,28.4609,1,1,1,0
0.2679,3.1108,5.9222,0.2133,17.998,2.0583,0.1295,11.6735,1.0558,113.7589,9.5443,41.4125,1,1,1,0
0.1676,7.3228,5.5128,0.0453,30.0982,2.018,0.1428,10.8297,1.2713,90.3576,19.8962,44.9444,1,0,1,0
0.2678,12.7799,4.2358,0.2665,13.2659,5.3865,0.2132,7.1904,5.7475,61.1888,18.107,8.504,0,0,1,1
0.1407,11.9905,3.952,0.1727,9.8516,2.7346,0.0412,2.8502,1.9886,40.3273,17.8728,31.9645,0,1,1,0
0.3075,4.162,9.399,0.1023,11.8263,3.1366,0.3257,13.5823,5.1826,89.8738,8.2465,4.0787,0,0,0,1
0.2229,10.5496,9.1968,0.0827,20.8667,2.6319,0.3452,9.3888,3.6448,54.9957,26.7214,10.4699,0,0,1,1
0.0369,8.825,9.4688,0.2948,39.1339,0.5744,0.2835,11.2778,4.3192,97.0599,47.527,20.612,0,0,1,1
0.038,10.3745,6.3787,0.0357,36.2714,6.0502,0.2543,12.5552,2.7208,97.7359,34.5219,44.4946,0,0,1,1
0.3358,10.6564,7.472,0.1538,16.4079,6.3334,0.2214,9.1583,2.4151,60.8792,49.5376,22.5771,1,0,1,1
0.1454,12.9622,2.6867,0.2272,10.8059,7.7645,0.3117,9.3826,3.611,30.6302,37.734,14.9486,0,0,1,1
0.2098,8.8596,2.1415,0.0738,29.0207,7.1539,0.0437,7.0239,7.8852,53.4155,39.0276,27.8634,1,0,0,1
0.3152,11.1734,7.8735,0.0581,14.6081,8.0878,0.1636,12.4839,4.5085,45.2129,14.8698,32.8152,1,0,0,0
0.3372,5.2423,7.7271,0.1957,7.5035,4.9871,0.0836,7.3195,6.8922,46.6243,36.1635,42.9453,1,1,0,0
0.1204,1.6802,4.1478,0.2379,35.2515,0.3413,0.346,6.532,4.1259,116.037,27.169,27.9423,1,1,1,1
0.1617,8.0797,4.2037,0.2384,35.9143,7.7546,0.1163,10.2701,1.3597,62.6257,17.1289,36.7963,1,0,1,1
0.0601,10.1252,5.1779,0.0855,33.0341,3.2284,0.1282,6.3321,2.8362,111.2461,17.3115,22.1019,0,0,1,1
0.3327,10.6741,2.42,0.0963,26.7389,8.3746,0.2166,12.3376,2.662,63.5394,2.3589,25.5022,1,0,0,1
0.2551,13.3523,6.9619,0.2615,26.8568,7.9196,0.2783,10.1493,1.2754,36.6173,46.2663,32.747,1,1,1,1
0.169,2.4168,4.6782,0.2894,24.5557,4.3101,0.0799,3.2816,3.5434,39.0695,20.4022,6.337,0,0,1,1
0.1852,7.1131,7.2425,0.0521,39.3649,1.7022,0.1165,5.1935,1.2899,111.1854,26.5874,17.6263,0,0,1,1
0.0554,11.4468,0.5445,0.2866,36.2169,7.2881,0.1553,8.967,6.7339,67.5056,36.9242,5.1869,0,0,1,1
0.3005,7.6224,6.4683,0.037,36.2135,1.2546,0.0966,3.3248,5.5194,74.7509,18.6743,11.4473,0,0,1,1
0.0294,3.973,8.6174,0.275,37.2961,2.3259,0.348,10.4518,7.9339,98.0802,34.9356,3.2425,0,0,1,1
0.2671,13.7001,1.0304,0.1751,11.582,4.3169,0.2663,14.9586,6.8007,52.348,40.3299,30.8766,1,1,1,0
0.0883,12.4561,7.4122,0.2377,10.3667,6.8462,0.0853,11.3533,4.0807,69.2155,46.8321,34.4848,0,0,1,0
0.1641,7.9153,3.0771,0.1607,18.9776,5.6898,0.2868,14.6303,2.6163,42.1778,4.528,37.3582,1,0,0,0
0.2523,7.9912,9.8604,0.188,24.2795,3.8601,0.2056,13.5958,4.2657,39.2091,48.737,15.0252,0,0,1,1
0.1148,10.0738,2.8702,0.3127,11.7119,1.2051,0.1028,6.2702,3.7692,112.6034,36.2346,15.2051,0,1,1,1
0.1949,13.9244,9.6353,0.3118,31.3288,5.8897,0.2812,11.1001,0.9644,59.1099,42.2436,27.2029,0,0,1,1
0.3178,7.5785,0.5455,0.2916,19.7005,4.5134,0.2533,12.5479,6.9677,33.6082,20.2592,34.3386,1,1,0,0
0.1616,2.9827,6.3445,0.2981,24.4276,6.0408,0.3279,5.0828,1.1298,79.0949,38.1207,12.3532,0,0,1,1
0.3096,3.2783,1.86,0.169,7.6806,9.3909,0.1849,3.6808,2.7008,38.7595,49.0078,8.9735,1,0,1,1
0.0712,6.7424,9.5087,0.1898,31.7172,7.7384,0.1418,5.6727,2.4838,97.4634,16.8259,20.4853,0,0,1,1
0.2996,7.027,7.7968,0.0879,14.2372,6.2533,0.2737,10.3041,5.9833,58.7631,22.2375,36.9329,1,0,1,0
0.1167,12.3521,7.8164,0.0447,13.059,2.1652,0.0229,9.1807,6.8512,52.8184,25.3817,18.168,0,0,0,1
0.1937,4.2645,9.8569,0.1946,25.1856,2.8872,0.2853,12.5211,2.8129,114.9727,27.2948,20.0096,0,0,1,1
0.3465,7.3307,5.7399,0.329,34.8101,9.4375,0.3005,7.4896,5.8188,101.1701,34.7515,41.1902,1,1,1,1
0.0413,1.6856,3.5999,0.2971,22.6107,5.2613,0.2894,7.173,4.1138,63.3456,30.2384,20.3034,0,0,1,1
0.2411,5.2322,7.3139,0.2108,16.8165,6.9816,0.1264,2.3241,4.9252,78.2233,41.2295,16.4817,0,0,1,1
0.2578,12.7593,8.2492,0.3232,37.2639,4.2885,0.0953,12.1804,5.2997,65.0622,3.0064,23.3111,0,0,0,1
0.194,10.8306,7.968,0.1313,34.1863,9.6448,0.2975,2.1186,2.8856,34.0061,6.6129,44.3312,0,0,1,1
0.037,11.3835,6.7676,0.1461,17.5639,1.849,0.0484,13.2721,4.3,103.1469,2.4408,15.1485,0,1,0,1
0.3283,5.4072,7.5616,0.0801,35.891,5.7017,0.3255,8.6928,3.5421,106.0534,40.044,39.0501,1,0,1,1
0.0436,13.534,4.5133,0.1964,39.5142,5.4069,0.3492,11.2437,2.0737,48.3415,39.7405,20.949,0,0,1,1
0.1601,2.7679,1.1816,0.2845,8.0307,6.7716,0.1459,4.7765,4.6661,69.2038,30.2276,35.285,1,0,1,0
0.3209,14.0778,4.3398,0.3397,22.6159,6.2122,0.0592,3.8786,7.3388,76.6718,13.8472,9.9937,0,0,1,1
0.1412,7.5579,9.001,0.2217,17.5264,6.0243,0.1916,5.5936,7.339,114.1892,27.7723,25.0525,0,0,1,1
0.3113,10.1309,9.0145,0.0858,6.4954,6.4346,0.2683,4.612,6.6516,56.6179,25.6831,42.4851,0,0,1,0
0.206,10.4375,7.0009,0.155,12.7841,8.0269,0.0928,9.9279,7.9315,109.9738,4.7685,19.6756,0,0,0,1
0.1214,4.1582,3.2414,0.1074,38.1437,7.1691,0.024,12.2284,4.0559,86.1029,36.7444,40.7066,1,0,1,1
0.2817,10.2861,9.7676,0.2748,10.9394,3.6055,0.0223,9.1605,4.6972,36.3463,15.0387,8.8095,0,0,1,1
0.209,1.507,2.3438,0.1455,21.0694,8.3309,0.0978,2.1154,7.4055,110.8027,26.6961,10.0254,1,0,0,1
0.1896,8.2573,1.4107,0.1495,18.6938,8.5753,0.3373,8.2524,5.4216,44.7734,10.8152,2.086,1,0,0,1
0.1873,14.5096,7.2389,0.2996,32.4655,1.1896,0.1132,10.0824,1.0315,77.3871,47.0305,27.5508,1,1,1,1
0.0567,14.8845,2.3422,0.2398,32.893,9.4738,0.0335,2.0058,0.8997,96.1404,29.9692,2.2547,0,0,1,1
0.164,1.9165,8.8618,0.1588,17.5034,4.1537,0.2212,3.1653,5.0387,117.9137,26.2505,1.8205,0,0,1,1
0.2377,9.4879,2.9234,0.0246,37.034,4.7438,0.228,6.9973,4.5785,90.3942,3.2317,4.8714,0,0,0,1
0.2774,11.2379,1.8253,0.3266,36.7801,7.4907,0.0823,6.6008,5.6497,37.2104,2.4898,32.7247,1,0,0,1
0.3309,5.9867,2.6813,0.114,23.73,8.4153,0.026,3.6831,7.692,66.6304,19.9811,35.446,1,0,0,0
0.225,7.6747,9.0073,0.2746,37.5911,5.4946,0.0922,12.0842,5.2963,118.8426,39.498,7.3818,0,0,1,1
0.2943,2.4676,3.7782,0.0789,7.2003,1.3725,0.1041,7.1496,4.6908,117.7561,8.8353,44.2814,1,1,0,0
0.0854,12.8583,9.9893,0.3341,16.024,6.5416,0.2493,9.295,1.9305,44.0208,3.1076,12.9055,0,0,0,1
0.0503,11.3917,5.2124,0.1212,37.2909,6.4027,0.2974,8.4404,2.2918,84.0396,22.8678,44.3159,0,0,1,1
0.081,9.2385,1.9067,0.0596,18.9972,6.5094,0.1933,9.7415,7.4539,66.4405,8.772,36.5886,1,0,0,0
0.0628,8.8782,9.8237,0.0573,21.9033,5.5041,0.1637,13.3734,7.2994,104.4887,36.4807,19.5335,0,0,1,1
0.1484,12.0003,5.4046,0.3279,18.8392,5.4547,0.31,10.8046,4.5032,107.5358,39.9897,13.8876,0,0,1,1
0.0592,6.7843,4.8006,0.2439,32.007,2.8898,0.2065,14.3328,5.7902,51.1291,27.6396,4.3694,0,0,1,1
0.2346,13.2591,7.2208,0.0737,14.3046,0.5837,0.1113,14.4721,6.004,117.9327,34.0066,33.6326,1,1,0,0
0.2185,14.5421,5.0752,0.1765,20.1252,0.8566,0.2139,3.7064,2.0691,71.5568,16.9939,6.3966,0,0,1,1
0.3371,14.2855,6.7232,0.1676,36.4038,6.5347,0.0439,4.1933,1.0453,119.5135,9.3203,6.6667,0,0,1,1
0.0984,3.4355,0.784,0.083,32.1501,5.6322,0.2943,2.5189,2.2305,34.1287,35.3463,30.1601,1,0,1,1
0.0257,10.0058,7.6399,0.0579,10.6751,0.3218,0.1231,9.3323,5.4408,105.1863,27.8221,17.8723,0,1,0,1
0.1733,5.5106,1.9374,0.1616,6.1343,8.0665,0.0752,4.5496,1.1359,67.9538,18.8269,29.1153,1,0,1,0
0.1187,2.7082,3.5175,0.1291,9.3217,7.843,0.0299,13.0158,4.2186,32.4839,36.061,11.7895,0,0,1,1
0.2597,11.3179,1.6777,0.2259,18.3009,6.1722,0.0503,6.166,0.6102,68.503,44.2273,31.354,1,0,1,0
0.0373,7.794,9.5259,0.2463,7.914,0.5653,0.1514,5.6342,5.3358,108.2818,22.7632,44.5204,0,1,0,0
0.0506,10.038,9.0669,0.2789,21.6694,8.8989,0.2419,14.5073,2.4555,32.8794,7.1571,42.993,0,0,1,0
0.2222,11.7037,6.8939,0.1532,27.259,2.6721,0.0809,5.3547,7.2714,93.5816,27.0366,21.1166,1,1,0,1
0.1635,11.3795,9.3977,0.0752,20.7554,5.3668,0.3109,13.6816,2.7729,116.2972,23.4179,24.8636,0,0,1,1
0.1141,9.208,2.4779,0.1923,22.5403,2.2958,0.2868,12.3857,5.8282,110.1809,14.4941,29.0426,1,1,0,1
0.2156,3.9113,9.4783,0.1425,13.9964,0.9466,0.3033,12.4428,5.7617,46.4264,10.0872,41.9877,0,1,0,0
0.2694,14.3219,9.2932,0.2725,13.5568,4.7411,0.2306,7.8492,7.1936,30.238,6.8462,31.8117,1,1,0,0
0.1131,4.6477,8.3395,0.0625,37.6632,6.1286,0.1844,2.2526,1.3551,49.9468,49.0216,11.7254,0,0,1,1
0.1694,10.6531,8.7171,0.1681,31.5467,3.2708,0.0769,13.963,7.5924,34.5653,27.8199,26.8562,1,1,0,1
0.161,13.111,1.4604,0.1147,11.3332,0.9639,0.2812,8.3948,5.0423,72.0032,48.775,36.7022,1,1,1,0
0.1076,1.3922,4.8196,0.2115,25.4314,4.4215,0.2759,10.4612,6.9214,115.2919,47.8214,27.9683,1,1,1,0
0.0861,11.2856,1.0736,0.3005,10.8649,6.0991,0.254,6.6337,2.0955,108.7149,16.824,8.6431,0,0,1,1
0.3307,10.6575,9.3391,0.2042,30.7818,4.933,0.1832,14.581,2.9209,65.1042,42.1106,16.7022,0,0,1,1
0.3023,10.9632,2.6393,0.2912,28.3503,1.0094,0.1117,2.1834,1.9911,82.456,33.7967,39.4086,1,1,1,0
0.2346,5.1182,4.3617,0.2667,37.1785,8.3643,0.1831,11.6145,5.9736,45.87,46.8104,38.6942,1,0,1,1
0.202,12.7795,4.9664,0.2504,7.9213,5.1891,0.0242,10.2667,5.2569,108.0633,49.063,1.6622,0,0,1,1
0.0764,13.4202,8.5509,0.0279,29.4328,7.4093,0.0871,9.49,5.5049,39.9425,7.6836,2.8169,0,0,0,1
0.0845,8.5019,4.5809,0.1884,9.686,0.9329,0.2266,2.7772,6.6649,39.8846,42.4475,43.0476,0,1,1,0
0.286,3.5298,9.2548,0.0768,33.3499,1.0708,0.0505,13.9066,7.8238,36.6762,32.2076,11.6751,1,1,0,1
0.0675,3.1808,4.1585,0.2336,9.608,3.0227,0.2382,6.2054,6.6792,31.7195,41.9436,26.9307,0,1,1,0
0.1327,5.5252,8.2066,0.3351,23.8021,6.0097,0.3485,8.0348,0.8551,107.2165,33.1872,36.5169,0,0,1,0
0.0535,10.1633,0.9861,0.1045,39.9871,8.6765,0.3235,9.0482,7.1004,97.0857,42.4213,1.2328,0,0,1,1
0.2384,4.2109,0.88,0.1357,12.0914,2.8078,0.205,2.9042,7.87,48.0698,33.8973,11.9629,1,0,1,1
0.1829,10.421,4.9887,0.2428,22.8378,8.3388,0.2776,2.2556,2.5854,45.095,7.754,43.754,1,0,1,0
0.1671,10.3812,9.4039,0.1139,15.6105,5.3661,0.2985,14.8805,0.5596,82.6002,3.1654,14.9377,0,0,1,1
0.1279,12.6247,1.8066,0.1716,27.1674,0.733,0.0386,8.4061,7.1724,58.0082,37.8806,4.0858,1,1,0,1
0.2844,5.1417,5.5208,0.2792,21.5006,1.4279,0.0362,7.7711,5.5698,81.3398,32.2842,4.335,1,1,0,1
0.0885,8.3355,7.7907,0.3031,17.8881,1.4838,0.2801,8.5047,4.446,36.9389,10.4013,37.4857,0,1,0,0
0.041,14.6516,1.5634,0.1408,12.066,3.5866,0.192,2.0491,4.6224,65.6403,2.7012,39.112,0,0,0,0
0.1029,2.1382,6.3834,0.1005,33.0344,1.2399,0.0201,13.4201,7.3742,69.7087,16.4413,8.2112,0,0,0,1
0.2894,3.1961,3.3624,0.2716,13.6088,5.3812,0.1124,8.3906,5.3076,77.8803,6.2139,13.6375,1,1,0,1
0.2287,1.3153,3.31,0.1296,16.2196,3.9467,0.3177,14.5818,5.9294,34.6544,9.1738,10.6805,1,0,0,1
0.1226,3.2623,3.6843,0.0892,18.7087,9.7704,0.0724,12.6966,2.0959,113.4215,22.8271,4.0295,0,0,1,1
0.3255,1.4581,1.5517,0.1526,17.4892,2.0701,0.2002,13.8225,1.9667,97.893,12.639,30.9183,1,1,1,0
0.0972,6.2938,6.7948,0.3259,16.48,9.4062,0.1624,9.4985,6.5466,73.4598,41.8269,28.2655,0,0,1,0
0.2182,7.4377,5.1957,0.0749,17.1712,6.0466,0.191,12.2176,7.4931,64.0763,35.1837,3.8362,0,0,1,1
0.1361,11.7901,7.1497,0.2974,10.7329,4.7481,0.0423,7.2641,1.9235,114.6398,28.9751,2.5389,0,0,1,1
0.2344,12.0116,9.2626,0.0563,37.8618,5.9642,0.141,5.2309,0.8011,103.062,33.2737,5.4997,0,0,1,1
0.0907,2.3497,3.6819,0.077,13.1183,9.0847,0.3347,13.4784,1.6386,107.0671,18.0089,11.9071,0,0,1,1
0.0567,12.9684,4.471,0.1205,23.5232,2.2846,0.2652,5.2671,2.8577,115.4696,7.0385,4.6307,0,0,0,1
0.3196,3.0947,2.1976,0.056,17.734,1.6328,0.2962,14.5912,6.5651,114.2838,30.6544,7.852,1,0,1,1
0.2411,8.0519,7.4628,0.2101,9.6239,9.2147,0.2649,2.4338,6.8246,32.0421,19.657,40.5071,0,0,1,0
0.2026,13.5072,8.9793,0.078,39.9966,8.7872,0.1175,4.3226,1.648,112.2616,38.1143,4.9185,0,0,1,1
0.1846,5.5184,6.7612,0.218,38.7891,4.7122,0.0351,11.374,2.074,110.0572,28.698,8.6024,0,0,1,1
0.0916,14.3699,2.6949,0.0207,32.3036,3.8492,0.2716,11.7802,6.7179,98.7909,34.5533,21.8628,0,0,1,1
0.0927,4.2715,1.0618,0.3434,22.1508,3.4911,0.2206,9.5783,2.6596,97.2077,3.2779,9.6768,1,0,0,1
0.1013,3.1059,2.388,0.1673,36.1146,7.1827,0.1091,12.5888,3.5811,79.6066,14.5915,23.2124,1,0,1,1
0.1145,8.3039,1.7764,0.3383,20.301,1.0168,0.1406,4.794,3.7703,58.9756,40.2445,1.9775,0,0,1,1
0.022,10.0725,0.5113,0.0427,18.0683,2.6384,0.105,13.9863,4.2636,74.1516,49.3974,42.7296,1,0,1,0
0.3007,13.5033,8.7052,0.2277,8.939,3.5114,0.0272,5.6162,3.5338,111.2767,37.1943,7.7685,0,0,1,1
0.2957,12.4725,5.1431,0.0551,21.9185,1.0753,0.2558,5.9925,5.9729,70.6219,28.5777,2.5171,0,0,1,1
0.0715,12.3141,2.449,0.105,39.2737,7.7222,0.0896,12.839,3.4587,65.2091,31.7668,25.403,0,0,1,1
0.1875,10.573,1.8202,0.1614,21.1156,9.1778,0.2724,11.2742,5.9353,86.4123,34.8276,19.0951,1,0,1,1
0.215,9.4839,9.128,0.2289,9.4061,8.9442,0.1997,7.7061,7.6268,68.1985,3.6071,16.0719,0,0,0,1
0.269,3.8449,3.8013,0.1203,24.9239,6.0154,0.3336,3.8339,0.9185,111.3505,18.0477,26.5346,1,0,1,1
0.1747,7.9819,4.4541,0.1971,38.6706,9.0664,0.1207,2.9058,5.4011,91.2746,19.4769,31.2392,1,0,1,1
0.0554,12.2709,3.2541,0.061,28.5622,5.5921,0.2275,11.6507,7.7455,61.8106,8.6726,20.7098,0,0,0,1
0.1713,9.8092,7.3591,0.0533,38.7357,2.5317,0.1209,14.5977,7.1944,85.3311,38.0999,23.0571,0,0,1,1
0.2217,8.6281,9.2704,0.2643,22.7427,7.058,0.1445,6.605,6.714,80.1786,46.2831,16.9317,0,0,1,1
0.3119,1.9285,0.9841,0.2574,37.955,8.6032,0.0447,14.294,3.8367,87.2999,34.3237,8.3411,1,0,1,1
0.331,4.4972,9.2112,0.2584,37.5542,8.7006,0.0392,5.978,1.5232,77.9043,49.3769,8.4437,0,0,1,1
0.2012,12.6191,2.7723,0.2946,15.2101,1.6903,0.1462,10.418,6.547,77.3823,15.5755,37.3647,1,1,0,0
0.3483,8.4789,8.1026,0.3343,39.5208,5.269,0.2484,10.692,2.4409,59.3876,32.217,37.6967,1,1,1,1
0.1952,3.6734,6.6573,0.2001,34.209,8.1177,0.1569,10.3143,6.2806,97.1577,16.6298,4.551,0,0,1,1
0.3036,12.7678,4.3205,0.3293,22.7994,5.1965,0.1073,3.4113,2.4491,103.9947,8.9907,13.5891,0,0,1,1
0.0417,12.5416,8.9594,0.2084,9.3612,1.0833,0.0745,6.9569,4.5112,118.3865,48.3118,32.5552,0,1,1,0
0.3422,5.9939,1.5782,0.1336,31.0354,8.4833,0.0785,8.6794,6.0529,69.7228,45.2872,10.1862,1,0,1,1
0.135,9.147,1.1232,0.1693,19.7709,3.6077,0.1016,8.5365,5.2573,40.7733,18.9379,41.3453,1,1,0,0
0.195,4.9328,6.7025,0.1578,34.1003,0.4399,0.2392,10.8643,2.0097,60.577,32.781,39.3028,1,1,1,0
0.2832,13.997,3.1785,0.1287,16.8901,6.3775,0.204,5.8547,3.3036,116.6905,10.8776,12.5699,0,0,1,1
0.2547,10.0151,9.2308,0.2756,20.0137,6.406,0.0777,5.0709,6.7694,82.5143,26.1736,14.6941,0,0,1,1
0.114,10.773,3.5131,0.2942,38.8512,0.4187,0.2311,8.4037,2.2746,92.1588,20.1208,31.0411,1,1,1,1
0.0468,1.7248,7.895,0.0544,22.9868,4.8411,0.3167,5.5619,7.4018,107.4496,39.3276,39.6005,0,0,1,0
0.2756,13.9791,4.3917,0.2325,39.5631,4.7499,0.2978,8.6309,6.7163,103.6196,13.3768,15.728,1,0,0,1
0.322,9.9845,9.7454,0.2328,19.9175,8.4156,0.1537,4.4993,1.1886,53.4733,40.2023,15.9896,0,0,1,1
0.2162,2.5069,3.3481,0.2853,24.8572,0.5436,0.2066,9.121,4.6056,108.2942,25.5192,20.9975,1,1,1,1
0.2889,7.1065,9.9972,0.0283,5.0803,3.2137,0.1116,5.4439,1.2444,78.7832,7.3911,35.2326,0,0,1,0
0.035,3.6364,7.2741,0.034,7.5838,6.62,0.2499,10.073,6.8143,58.2906,25.2745,34.4604,0,0,1,0
0.3151,4.5265,0.9212,0.0614,14.0215,3.5813,0.1582,14.8156,2.6135,58.2832,36.6283,2.0071,1,0,1,1
0.0488,12.7084,0.3256,0.2927,31.7344,8.568,0.2029,8.5228,2.3823,54.83,10.3767,23.8382,1,0,1,1
0.1999,3.1707,5.6644,0.0788,22.3531,7.4331,0.3204,14.3538,6.0907,94.4559,44.4402,19.4849,1,0,1,1
0.0833,7.6022,9.5683,0.2121,38.8899,2.5408,0.2586,2.3292,3.157,71.3356,30.0347,23.9932,0,0,1,1
0.1497,5.9557,1.6271,0.1159,11.9726,4.2752,0.1188,9.9924,5.6328,96.3395,47.7896,26.6439,1,0,1,0
0.2011,1.7809,8.1781,0.242,11.625,5.176,0.0967,10.5099,3.6858,119.1641,7.1529,31.9379,0,0,0,0
0.0888,1.6254,9.4945,0.1019,27.0753,8.2165,0.3452,8.1564,6.4824,51.0359,41.4261,37.3747,0,0,1,0
0.091,14.8488,0.5543,0.3225,29.9001,1.5385,0.341,14.694,5.1443,90.5385,26.3412,6.5536,1,0,1,1
0.2116,4.7772,6.9733,0.3472,14.1481,1.2863,0.1964,10.2279,3.3298,62.2677,11.433,40.6192,1,1,0,0
0.2995,13.3863,5.1806,0.1038,24.736,5.7196,0.2156,3.0349,6.021,56.3075,23.0386,14.0888,0,0,1,1
0.1416,3.0396,8.1066,0.2344,34.6819,2.3149,0.0387,2.0852,6.2218,111.0376,12.1938,37.821,1,1,0,0
0.0908,3.1969,1.2885,0.1871,9.902,5.5449,0.1464,14.5559,6.6257,94.6801,24.6987,13.4651,1,1,0,0
0.202,11.4519,1.2269,0.2559,9.2862,1.6617,0.0643,3.1501,1.2789,118.272,33.8933,7.428,0,0,1,1
0.1234,5.7561,9.332,0.2131,23.9825,5.4308,0.3193,8.2329,1.4472,118.271,26.9992,37.6709,0,0,1,0
0.1754,10.2089,7.3959,0.2606,23.8637,0.8741,0.3029,8.5602,0.5278,96.4198,38.7013,14.9711,0,0,1,1
0.3449,6.9517,0.7908,0.086,22.5373,2.2785,0.1173,14.8382,3.9837,79.5246,15.4255,40.2383,1,1,0,0
0.1237,7.0585,2.7896,0.2481,32.6355,1.1978,0.345,13.3044,1.043,114.7219,43.6267,37.1638,1,1,1,1
0.0251,4.2234,5.6936,0.3034,30.7874,3.802,0.2315,14.9358,6.6416,95.4421,37.8126,6.9619,0,0,1,1
0.1455,13.0995,3.9929,0.107,32.8565,6.5037,0.3222,14.9104,2.0382,93.6478,23.1616,30.0825,1,0,1,1
0.2386,9.7861,5.3146,0.2312,34.4236,7.2936,0.1882,8.4517,7.9148,110.7314,45.7245,17.3096,1,0,1,1
0.1113,5.8435,1.543,0.3153,38.153,0.9399,0.2288,3.0528,2.7872,100.36,46.1,17.0453,1,0,1,1
0.2412,6.8325,0.3672,0.2483,10.4204,7.4991,0.0858,10.7843,0.9627,64.6417,39.4161,44.2314,1,0,1,0
0.1685,9.6076,0.6811,0.0933,30.5825,0.7232,0.0282,14.8458,5.9869,108.3176,3.3845,10.6362,1,0,0,1
0.203,5.0362,9.2717,0.3402,14.0775,7.7769,0.0608,9.8507,1.806,101.4933,49.1408,11.9348,0,0,1,1
0.3389,12.8223,9.0846,0.1763,21.5817,1.9733,0.118,5.336,3.705,59.021,46.3531,12.3061,0,0,1,1
0.1508,1.145,0.5679,0.0926,6.2252,6.6327,0.3369,2.8914,5.1435,99.1533,31.7083,18.324,1,0,1,0
0.1713,2.4358,1.8577,0.1043,14.752,3.7663,0.2756,12.4209,3.906,101.4537,40.6809,24.0288,1,0,1,0
0.2729,7.5069,1.1965,0.0832,36.602,5.2205,0.074,11.747,7.6417,91.2767,6.2523,20.0669,1,0,0,1
0.16,7.6975,3.0149,0.0323,23.6204,7.187,0.2237,9.073,6.4256,42.87,24.0889,29.0754,1,0,0,1
0.3319,14.7485,4.6834,0.2984,37.0317,1.3181,0.1981,14.5426,4.4375,77.4772,10.9615,15.8943,1,1,0,1
0.0627,7.7002,3.7952,0.2987,20.9177,9.3288,0.2532,4.636,1.4949,118.808,9.1177,10.5724,0,0,1,1
0.0247,8.4923,0.4004,0.1702,9.1841,6.8335,0.0498,11.9892,4.037,30.3704,15.7832,1.7194,1,0,0,1
0.2116,14.6322,2.0016,0.2127,22.6792,8.887,0.316,13.1435,5.8261,98.4722,32.8982,2.5718,0,0,1,1
0.102,13.2253,9.9717,0.2783,33.355,5.607,0.2075,9.1541,6.4873,106.2036,45.5462,21.2448,0,0,1,1
0.213,4.7697,4.5681,0.1538,15.5622,6.5509,0.2602,5.2388,7.4931,115.8987,5.6378,34.8713,1,0,0,0
0.2593,9.3594,4.315,0.1911,19.6394,5.0656,0.2904,7.5309,3.7533,90.1625,36.3313,16.5095,1,0,1,1
0.0218,9.2757,8.5257,0.1344,25.9653,8.3675,0.3072,12.8153,6.7506,82.737,9.3447,12.1933,0,0,0,1
0.0353,4.5441,5.0397,0.0528,28.3937,1.1316,0.2718,3.4349,2.0807,67.2372,33.7318,19.8044,0,0,1,1
0.1051,6.246,4.0966,0.1501,21.7434,0.5632,0.3232,7.2174,3.7726,87.7225,11.9461,21.4874,0,1,1,1
0.3196,7.7028,6.2465,0.056,18.311,8.026,0.2329,4.2738,3.7762,32.6217,31.3708,31.4084,1,0,1,0
0.141,9.7016,1.9545,0.2048,30.4648,8.0873,0.0208,8.5987,5.5051,69.9481,4.1001,2.8103,0,0,0,1
0.1775,14.6655,1.5712,0.3251,29.5923,6.0646,0.3115,4.0859,3.8531,78.0639,47.4181,10.028,0,0,1,1
0.0388,14.6139,6.7937,0.3169,16.0526,2.3777,0.2095,11.5627,1.8892,94.2116,10.3535,27.6449,0,1,1,1
0.2415,14.7953,1.0863,0.2744,26.1913,7.9817,0.1372,5.7429,2.996,74.648,31.9822,5.4891,0,0,1,1
0.16,13.8321,9.1317,0.3416,22.56,6.032,0.0693,5.6825,4.8498,83.3524,21.9579,44.1266,1,1,0,0
0.0746,11.4864,7.0775,0.0733,38.8929,5.408,0.2247,5.8791,1.2068,68.8878,7.6412,25.943,0,0,1,1
0.2088,13.3511,5.3232,0.2832,22.4628,6.3505,0.0673,6.281,1.0664,80.3989,10.946,12.6007,0,0,1,1
0.1757,4.0258,9.0759,0.1353,15.0577,7.1558,0.3492,9.0393,1.9409,49.9077,4.8349,31.2973,0,0,1,0
0.1526,2.0077,8.9064,0.0335,9.0876,8.9669,0.3247,13.0185,1.8216,114.4946,10.5306,28.6335,0,0,1,0
0.024,14.4485,6.9041,0.2519,19.3637,3.9315,0.0247,8.1175,2.4494,54.3415,5.6642,10.9164,0,0,0,1
0.1779,3.509,9.2742,0.0771,6.6437,5.988,0.0898,4.1702,6.0368,118.0379,47.5677,29.9853,0,0,1,0
0.1606,14.4238,3.149,0.1703,19.0467,2.2764,0.095,11.1992,0.7274,45.7563,40.6126,5.5661,0,0,1,1
0.2918,5.6409,1.3907,0.0371,30.1943,1.2141,0.078,2.4757,5.6888,71.2835,45.9647,38.3877,1,1,0,0
0.154,9.5467,3.7534,0.2989,27.3057,8.2081,0.278,6.1487,3.2251,56.288,27.8058,5.606,0,0,1,1
0.2663,6.6192,6.1134,0.0896,9.8804,9.5242,0.0474,14.8734,5.0379,105.5475,31.1895,16.2953,1,0,0,1
0.068,11.4152,7.048,0.1112,33.4813,1.8617,0.0917,14.2314,7.693,108.9536,35.4121,35.1551,0,1,0,1
0.131,7.9875,2.6562,0.3122,14.2268,5.972,0.2811,6.3147,1.8085,57.0654,33.6782,22.79,1,1,1,0
0.2658,9.545,4.1131,0.0283,9.9882,7.0206,0.1062,3.6214,1.9259,37.4602,48.8476,25.4305,1,0,1,0
0.1602,5.1468,2.6841,0.1078,39.547,9.623,0.2282,10.81,3.0015,102.7741,40.4682,38.3399,1,0,1,1
0.2754,11.422,2.8116,0.2546,10.6832,2.9788,0.0589,12.6121,5.9311,107.3458,36.8033,44.558,1,1,0,0
0.1372,1.7437,4.2952,0.0932,34.7309,8.9086,0.1416,5.2802,4.5382,103.9974,9.2678,35.2816,1,0,0,1
0.2701,2.2816,8.1401,0.1391,29.3355,1.9171,0.1316,5.799,4.9284,94.632,38.7726,27.0833,1,1,1,1
0.0379,3.7291,6.5941,0.0663,8.2135,4.4623,0.1969,11.2865,6.7859,71.6736,12.29,28.6656,0,0,0,0
0.3112,13.2,9.4303,0.3409,9.1507,4.359,0.177,12.7645,7.5652,47.6275,47.3118,12.9346,1,1,1,1
0.3171,8.3856,0.4821,0.0983,38.7603,5.3401,0.0426,8.7023,6.2957,32.4773,45.8858,24.4621,1,0,0,1
0.0361,6.0165,4.8169,0.1716,22.3339,0.9477,0.3263,5.7053,4.2857,115.9246,14.7942,15.5506,0,0,1,1
0.0326,6.608,9.1774,0.2885,24.5532,5.0034,0.1732,4.7866,4.8026,92.3579,6.9309,37.5724,0,1,0,0
0.0996,4.0447,6.1997,0.0304,23.9052,3.4692,0.2668,6.6397,4.5603,45.4989,26.672,9.9046,0,0,1,1
0.2358,14.2651,8.1778,0.1603,25.0144,6.3549,0.1126,2.9347,7.9437,105.147,22.677,17.6168,0,0,1,1
0.1216,12.9651,2.708,0.3331,37.1177,9.6584,0.2299,10.4491,1.4442,60.4842,47.2948,29.9814,1,0,1,1
0.034,1.8795,6.5945,0.1567,25.2561,3.3466,0.2384,12.1482,6.4553,79.522,28.5732,22.6095,0,0,1,1
0.2412,9.8987,7.4529,0.039,29.7438,3.2897,0.3227,7.0491,6.1776,75.2015,15.2411,37.9964,1,0,0,1
0.0306,2.6787,5.2979,0.2021,28.8731,4.8496,0.2949,7.2566,7.2449,65.7443,31.6268,24.2822,0,0,1,1
0.3416,8.1566,9.0486,0.0485,24.6034,3.3499,0.0488,4.9606,4.3312,114.3749,45.4132,32.2282,1,1,0,1
0.041,14.0514,3.8944,0.2512,27.0507,0.3599,0.2409,11.03,6.4843,96.969,17.1948,18.6325,0,1,0,1
0.3224,2.03,8.3075,0.1362,9.4284,2.7458,0.2693,14.382,5.7828,51.184,3.9098,1.0033,0,0,0,1
0.0658,12.6311,4.1389,0.3161,23.6212,4.7235,0.2314,2.6729,6.0324,41.0307,29.1726,27.5619,0,0,1,1
0.0765,14.9224,8.6874,0.1111,26.1727,8.8502,0.147,14.1413,3.2153,101.5108,10.1094,25.0586,0,0,0,1
0.2535,6.2221,5.1702,0.331,20.8167,5.304,0.0869,6.1233,6.2784,81.3001,22.509,4.9077,0,0,1,1
0.1731,9.4282,2.1071,0.1794,29.6741,4.9539,0.2474,13.7584,3.6987,91.1388,39.6163,5.9126,1,0,1,1
0.0429,10.5893,0.7302,0.256,37.5504,8.5536,0.1631,9.6627,3.4462,109.8857,36.035,12.2098,0,0,1,1
0.3068,12.1069,8.2741,0.1984,15.2407,9.2272,0.3043,13.5556,4.6472,80.4235,25.319,33.4593,1,1,1,0
0.3002,12.6006,4.3614,0.2173,13.4227,0.3615,0.1697,11.9333,6.4928,107.7267,49.3672,5.7358,1,1,1,1
0.2887,9.8251,2.0842,0.0652,21.1108,5.1792,0.3438,13.5282,0.6502,111.0507,27.5259,44.072,1,0,1,0
0.0441,8.1776,4.186,0.3461,29.7874,0.5371,0.0333,8.0005,5.8916,76.2691,28.7843,34.0776,0,1,0,1
0.1077,13.0971,9.0653,0.1585,35.9133,1.2693,0.1473,7.7558,1.1895,69.7777,21.0635,6.7056,0,0,1,1
0.1912,10.6994,1.9748,0.3149,26.5456,7.9415,0.0467,2.3583,2.5175,47.5554,44.2592,4.2795,0,0,1,1
0.241,6.4931,3.8014,0.2468,16.3463,2.0786,0.0276,4.2444,6.2049,117.4217,39.1727,33.1107,1,1,0,0
0.2008,13.5808,2.0723,0.25,20.2631,2.8075,0.0308,2.3499,2.737,38.5616,28.0187,5.732,0,0,1,1
0.3432,12.342,0.3202,0.0696,19.3154,2.3531,0.1282,10.6866,5.5971,37.9008,39.3263,14.8879,1,0,1,1
0.1462,8.9602,9.9946,0.1161,36.4834,8.4718,0.3403,4.5998,5.7757,43.8398,18.5967,26.7772,0,0,1,1
0.09,11.7532,8.6103,0.2749,26.6514,0.5449,0.3265,12.6141,2.4133,56.7287,38.9386,23.7435,0,1,1,1
0.3447,14.7172,2.7293,0.2495,5.1557,0.9179,0.2477,2.9854,4.4158,101.9206,46.7726,20.3107,1,1,1,0
0.2148,8.9585,9.0434,0.1517,27.5653,4.2225,0.1305,6.5741,4.4387,82.1713,41.2101,23.3404,0,0,1,1
0.2529,4.5669,4.8558,0.2796,31.8076,3.7337,0.1104,5.7493,5.7162,94.2962,38.5522,5.6408,0,0,1,1
0.1742,3.9927,6.9705,0.1331,38.1916,4.3647,0.1396,3.9633,0.7515,58.414,48.9244,25.747,0,0,1,1
0.0238,8.0374,4.5988,0.0278,38.884,2.4969,0.2618,6.2874,3.9045,43.3946,19.7143,25.8316,0,0,1,1
0.187,10.5996,8.3819,0.2342,20.2133,1.7377,0.1863,3.9568,6.7229,68.1463,7.3309,30.8724,0,1,0,0
0.3294,6.9555,3.7007,0.0272,11.1009,3.7289,0.2831,6.0698,5.1631,37.3591,3.8392,16.0071,1,0,0,1
0.2756,6.6125,6.4878,0.0421,35.9987,1.1179,0.3086,13.4278,7.5004,84.6735,37.4063,40.6653,1,1,1,1
0.0343,7.1434,0.4583,0.1273,22.6014,9.9042,0.3346,5.8216,0.8123,116.5236,25.4396,31.1711,1,0,1,0
0.0218,4.7027,2.8191,0.0766,29.3907,2.7423,0.0356,6.9114,2.346,47.0401,5.9607,25.2554,0,0,0,1
0.2105,1.7209,2.7212,0.1163,32.5241,8.41,0.2681,7.9557,2.9624,114.0381,30.5968,24.0579,1,0,1,1
0.0889,3.828,2.0822,0.0251,27.9975,3.028,0.2345,6.2382,0.5525,116.3266,20.4086,22.7109,1,0,1,1
0.1029,14.1468,7.862,0.1529,37.2885,8.6356,0.2941,10.1208,7.1333,102.82,31.9063,25.8759,0,0,1,1
0.3151,13.91,1.7044,0.0307,10.8048,9.2747,0.1818,13.0942,6.6394,62.2906,35.7998,7.8937,1,0,1,1
0.0651,2.5614,4.7962,0.2119,30.7122,9.9579,0.2673,10.1317,6.2386,76.2767,43.228,5.0064,0,0,1,1
0.1617,7.9913,4.2003,0.2542,17.0305,7.6958,0.1869,5.6564,5.0007,43.9564,33.5356,25.911,1,0,1,0
0.0495,3.636,8.6978,0.1506,25.8249,5.3944,0.176,14.0101,3.1211,57.4297,45.5817,22.3799,0,0,1,1
0.2112,11.0955,6.856,0.0647,6.114,3.1928,0.1841,13.6555,2.0509,78.6638,9.9126,35.2488,0,0,1,0
0.1762,5.7315,5.118,0.1356,5.9113,8.0718,0.1641,4.5952,2.41,69.2765,20.1227,24.2964,0,0,1,0
0.2272,10.3447,9.6159,0.0628,11.7279,9.6864,0.1288,11.4936,0.7021,109.3359,11.0592,36.5591,0,0,1,0
0.3196,10.4292,3.7451,0.2475,26.6009,5.7797,0.0624,5.152,3.5991,104.5586,22.4453,42.0477,1,1,0,0
0.1672,8.7466,5.6723,0.3485,9.0829,1.0582,0.0482,2.68,2.5068,68.0297,26.3652,23.6987,0,1,1,0
0.1671,3.5239,0.7905,0.3127,34.0565,8.2849,0.1965,3.5912,6.4537,119.4829,21.4607,26.5847,1,0,1,1
0.248,12.2369,4.7685,0.0995,5.2975,6.9519,0.2745,7.7337,3.4084,113.7806,6.5385,43.082,1,0,0,0
0.2619,13.8049,7.4476,0.2915,19.2129,3.1733,0.2235,3.2856,7.2448,113.8261,16.8486,5.0094,0,0,1,1
0.0991,7.7214,8.0074,0.1907,19.5961,9.0779,0.1271,12.0776,7.644,102.4656,47.1154,7.7821,0,0,1,1
0.1089,9.2522,6.6233,0.0939,37.0427,9.0013,0.2911,13.0927,1.1845,63.2222,49.1307,40.8315,0,0,1,1
0.1085,14.4037,1.9165,0.0928,9.407,1.8645,0.2471,4.1576,4.286,57.5832,38.7952,37.1986,1,1,1,0
0.1254,3.7575,8.5627,0.2739,24.6443,4.8202,0.0569,9.9081,5.1103,59.2775,49.287,9.8385,0,0,1,1
0.0518,7.4354,5.9087,0.1861,32.1494,7.9211,0.0663,4.778,2.7403,103.7346,22.2967,27.2579,0,0,1,1
0.1811,2.4546,1.0927,0.3265,29.4017,6.232,0.1739,12.4685,3.7716,64.1137,29.0318,22.0844,1,0,1,1
0.2446,5.9939,5.2184,0.1288,15.0199,1.5,0.0416,10.7805,3.663,119.5208,36.1983,16.0096,1,1,0,1
0.0552,1.1666,6.9967,0.3263,25.4391,2.2859,0.0974,2.8767,0.7296,31.8956,14.2129,31.5944,0,0,1,0
0.2127,4.7671,3.6176,0.0817,37.9015,7.8254,0.081,8.1099,4.4564,102.9835,35.6241,34.2477,1,0,1,1
0.128,9.1061,5.0353,0.1421,6.5817,1.4623,0.2898,7.376,5.46,93.0275,49.9449,24.9341,0,1,1,0
0.2371,3.4997,3.4526,0.0812,34.0704,0.3622,0.1614,7.3293,2.6313,109.9142,27.641,42.2997,1,1,1,0
0.117,8.155,6.9412,0.0487,6.9977,9.7805,0.1351,12.24,3.1336,101.6894,33.6468,20.7827,0,0,1,0
0.0341,12.1434,5.1204,0.1538,16.087,8.0348,0.2347,6.5503,3.1394,117.3004,13.7584,39.4707,0,0,1,0
0.0961,8.5626,6.7042,0.3244,8.5602,6.1825,0.1102,8.784,5.9878,72.0769,23.5605,35.7174,0,1,0,0
0.1626,14.8096,2.1134,0.1886,33.5832,8.509,0.2956,4.988,6.5632,112.2903,43.3699,13.4704,0,0,1,1
0.2942,8.3068,2.6442,0.3123,19.7451,9.0349,0.1418,12.7916,5.569,44.5308,47.6363,5.4815,1,0,1,1
0.2202,11.0489,4.8209,0.0437,24.6024,9.6442,0.1313,10.9494,1.8019,30.1751,45.8772,35.7886,1,0,1,0
0.3145,12.5042,9.717,0.1399,19.6643,4.0084,0.2561,10.6188,4.7652,43.0556,13.5029,21.5675,0,0,1,1
0.1692,8.2898,9.9991,0.1725,8.5609,0.6001,0.124,14.6117,7.3903,111.2688,17.5417,16.5712,0,1,0,1
0.1107,14.976,2.4568,0.0256,36.7244,8.599,0.0309,5.6489,5.1722,53.2361,9.1899,36.8139,1,0,0,1
0.1574,5.6124,1.7641,0.3368,11.1952,9.8631,0.0831,12.3929,2.6316,104.9762,28.6371,20.1983,1,0,1,0
0.3389,11.2987,1.5474,0.1999,18.0931,7.5955,0.2206,2.7804,3.0488,88.0208,7.9493,18.4825,1,0,0,1
0.3066,12.1375,1.2598,0.2481,29.7825,0.7733,0.3005,4.1679,0.8356,62.2948,36.0583,6.9766,0,0,1,1
0.1096,4.9719,9.0176,0.1035,29.5905,7.3215,0.1309,7.0104,7.8695,40.9351,4.6018,19.1825,0,0,0,1
0.0724,10.8708,3.4109,0.2148,37.4505,7.9534,0.0364,8.7797,1.7779,78.2291,47.7412,10.2611,0,0,1,1
0.2812,13.3127,7.7006,0.2266,24.9857,3.2764,0.1591,11.8771,7.3872,34.8022,34.4072,6.0496,0,0,1,1
0.0235,1.3899,0.8004,0.2555,11.461,7.7449,0.1859,5.381,1.3099,54.123,34.1063,21.8512,0,0,1,0
0.1591,14.0394,3.0856,0.3474,14.7971,8.799,0.051,4.1101,4.3768,87.5327,13.196,30.5891,1,1,0,0
0.0683,5.4741,1.3347,0.1157,7.194,4.9384,0.3395,6.6499,6.5393,40.1212,18.7155,5.0915,0,0,1,1
0.0227,2.1667,2.1583,0.1623,12.5397,1.569,0.1432,2.4466,6.8263,87.9167,17.9958,32.0152,0,1,0,0
0.1335,7.3258,5.8695,0.2407,36.3195,4.7127,0.1344,11.6312,3.4865,67.8453,12.3424,26.0172,0,0,1,1
0.3386,5.8298,8.4167,0.2494,6.91,9.5506,0.2993,7.3542,6.4817,99.9038,12.7627,28.355,0,0,1,0
0.1451,10.9279,4.2362,0.1864,21.9305,1.4286,0.1856,7.6486,7.8136,80.3275,42.4855,36.9736,1,1,1,0
0.1431,3.6715,3.8813,0.2457,20.03,4.1252,0.0443,10.5404,1.2732,89.7633,32.1679,9.1227,0,0,1,1
0.3464,10.2328,4.9335,0.3409,8.1347,5.4457,0.3018,14.2841,5.7176,79.2415,31.6111,34.097,1,1,1,0
0.3433,13.4093,9.4724,0.2437,18.9874,1.8852,0.0934,6.4448,6.5379,64.7464,24.8389,7.5567,0,0,1,1
0.1265,3.2996,5.3974,0.0981,33.4922,6.233,0.2159,11.6871,4.8642,40.6257,33.988,5.4663,0,0,1,1
0.1281,7.4675,5.5813,0.0626,33.2412,9.4976,0.161,10.6967,1.1573,65.6898,20.4344,30.5029,0,0,1,1
0.1697,4.9132,5.4457,0.2164,34.2782,1.9199,0.0693,8.1994,5.2575,76.5765,49.2001,6.1701,0,0,1,1
0.0994,9.8918,7.6005,0.1782,5.3919,9.946,0.2764,8.7465,6.9983,74.5788,16.7024,34.4096,0,0,1,0
0.0993,14.6497,1.7772,0.2537,5.8901,3.2298,0.2653,13.8626,6.3153,73.7154,24.3622,26.6066,1,1,1,0
0.2033,7.3624,3.2564,0.0379,15.0494,8.1602,0.1917,9.4948,5.7569,105.5983,47.7801,43.1328,1,0,1,0
0.2593,14.3165,1.0586,0.0485,14.2595,9.7097,0.168,5.8079,6.83,56.0333,41.9999,13.2468,1,0,1,1
0.3249,6.3657,8.1892,0.064,18.0322,4.2763,0.2655,10.7304,4.9314,69.4151,12.8733,8.3688,0,0,1,1
0.314,5.886,5.581,0.2037,17.046,9.5235,0.0851,6.9837,1.1638,92.6101,41.0408,27.2522,1,0,1,0
0.2917,1.4012,7.8364,0.0551,16.5847,9.2116,0.1865,6.4275,5.7964,68.9614,14.1083,43.9803,1,0,0,0
0.057,8.2305,7.9441,0.0397,33.9383,1.6695,0.1626,8.5109,7.7796,85.4317,28.2069,14.3584,0,0,0,1
0.188,2.9106,7.0435,0.0226,17.5913,6.8553,0.0497,10.241,5.005,103.7868,38.8007,28.7142,1,0,0,0
0.2004,3.7513,1.9392,0.0382,37.111,9.2407,0.2374,5.6692,0.6303,111.4146,22.5453,34.2148,1,0,1,1
0.0867,11.7083,7.9882,0.1379,27.094,4.3155,0.1846,8.0156,1.2338,45.7603,42.5683,22.3637,0,0,1,1
0.0852,4.4872,4.3887,0.1692,5.1204,2.2061,0.292,7.404,6.4986,86.5698,17.31,27.9237,0,1,0,0
0.197,8.0697,1.801,0.2957,33.7963,2.6596,0.0935,4.8549,2.4369,41.731,29.5795,16.2272,1,0,1,1
0.3138,3.9275,0.9772,0.2584,27.5115,5.649,0.0556,8.2523,0.5699,47.8653,37.3057,43.4159,1,0,1,0
0.1588,3.3131,9.84,0.1506,7.169,1.9364,0.0852,14.032,2.2716,48.1481,17.1206,16.7636,0,1,1,0
0.0618,8.9351,7.8625,0.1306,34.7928,3.982,0.1401,7.2783,2.7072,114.4671,33.5742,23.6386,0,0,1,1
0.1296,4.3157,7.9109,0.1227,34.2375,8.2774,0.0269,9.192,2.0301,109.2792,12.2582,31.2166,0,0,1,1
0.3129,1.8247,2.2714,0.3182,9.5929,3.3213,0.0827,2.2943,0.7462,74.9038,7.8845,8.3798,1,0,1,1
0.1521,3.7197,8.5923,0.166,8.0244,5.4496,0.0961,12.9327,7.9945,43.5668,35.3196,28.9887,0,0,1,0
0.11,6.8166,6.6943,0.2781,29.4977,9.2742,0.1685,12.8755,5.3052,35.3249,7.2688,35.0889,0,0,0,1
0.2178,2.9909,8.9364,0.2042,23.055,9.6171,0.0768,5.3725,0.5659,41.8722,49.1556,44.8435,0,0,1,0
0.1431,9.0454,9.1682,0.0571,37.5239,2.8475,0.1868,9.0626,2.4744,31.5191,38.7892,20.7878,0,0,1,1
0.2864,13.6191,2.1668,0.159,39.8855,7.6266,0.341,6.744,3.8551,62.5934,42.9365,25.0341,1,0,1,1
0.2742,4.8277,2.5304,0.0393,36.1765,4.2311,0.3499,6.8104,2.2689,68.1136,36.6882,26.7909,1,0,1,1
0.092,7.5485,6.1307,0.0451,13.1315,1.746,0.1804,2.3695,4.2569,107.4688,4.1065,21.9773,0,0,0,0
0.3123,1.6574,3.4837,0.3013,39.013,6.6101,0.0704,12.3319,5.039,47.3318,12.4108,3.2045,1,0,0,1
0.2416,1.9789,5.3702,0.2292,15.1515,2.4556,0.3014,7.332,7.9148,33.1467,26.4991,36.0204,1,1,1,0
0.3107,11.3448,8.7208,0.1848,20.2579,2.5969,0.0636,10.452,2.2745,98.4868,40.3749,32.8715,1,1,1,0
0.0576,7.4359,8.4444,0.2152,30.13,5.6503,0.2638,7.94,1.6129,116.5846,3.5047,11.5907,0,0,0,1
0.1792,7.2737,9.5705,0.3041,15.8792,8.6939,0.2914,13.1461,6.1332,84.4054,44.2096,15.6356,0,0,1,1
0.029,11.9678,6.4914,0.2393,12.3444,8.0232,0.2581,14.9732,5.9861,34.9253,14.5834,43.7194,0,1,0,0
0.0296,5.1309,7.0125,0.0483,36.6753,6.7588,0.3267,4.7452,7.2722,41.3013,21.7544,18.5614,0,0,1,1
0.2957,9.0007,8.3355,0.0678,27.2488,7.1446,0.0823,9.4727,3.6934,86.3259,32.9914,4.1298,0,0,1,1
0.1403,8.4112,8.1285,0.221,25.7729,1.1931,0.2271,10.7907,7.6196,98.6015,10.8228,37.1673,0,1,0,0
0.1074,8.5659,9.6822,0.3168,37.7186,3.3348,0.1311,3.4713,6.5356,56.6092,32.8782,25.9584,0,0,1,1
0.2792,13.5565,5.1257,0.1442,35.7644,7.7239,0.0673,7.882,1.6637,79.9007,6.452,13.2482,0,0,1,1
0.3268,1.9756,5.215,0.0593,8.8859,7.2876,0.1039,14.9254,7.1696,73.184,41.9035,37.75,1,0,0,0
0.2493,1.7715,7.8294,0.3434,18.912,5.4671,0.0943,9.1736,7.9321,88.9207,6.8699,9.3092,0,0,0,1
0.0965,14.8407,6.573,0.239,33.1048,2.7795,0.3279,2.7196,2.7346,108.2043,26.047,37.6569,0,0,1,1
0.0776,6.2071,0.6358,0.1775,14.1987,3.6432,0.0909,4.5882,4.2073,85.7991,8.2445,16.8614,1,0,0,1
0.273,3.8113,2.0671,0.0415,10.0145,4.4361,0.2401,3.358,6.9814,98.3349,21.8529,39.8898,1,0,0,0
0.1146,7.47,2.8264,0.1354,32.0675,3.398,0.0555,7.4636,5.6948,74.2847,18.5554,9.9967,1,0,0,1
0.1653,5.1307,5.6727,0.0488,11.2595,7.2454,0.1373,7.5051,2.6164,112.7982,18.7803,30.9046,0,0,1,0
0.2223,7.3095,6.9183,0.3494,18.5061,1.8482,0.2089,9.9518,7.3961,112.7824,42.8103,23.9465,1,1,1,1
0.053,6.3545,7.7557,0.1364,37.4491,1.6146,0.1218,2.4502,5.1654,53.3967,31.408,37.5051,0,0,1,1
0.0937,5.2187,9.5104,0.2877,9.36,6.0986,0.2932,5.4262,5.1671,30.357,18.1403,24.4624,0,0,1,0
0.0242,11.837,5.6022,0.0356,37.0288,2.244,0.2993,12.5986,7.4682,37.5511,28.9273,32.2328,0,0,1,1
0.3493,14.5574,8.7923,0.2021,8.7721,2.019,0.0809,5.9225,1.8982,97.2778,42.6159,44.2551,0,1,1,0
0.2924,1.1643,5.3244,0.0868,27.9055,2.8419,0.2092,7.8843,7.3942,84.1401,47.2787,43.0545,1,0,1,0
0.3195,11.2624,1.3848,0.2806,12.023,2.6417,0.0563,9.324,2.5471,85.6534,42.1365,17.6299,1,1,0,1
0.2365,8.7331,4.6269,0.3276,27.3663,0.4994,0.1283,14.9557,1.25,98.011,16.8965,37.9329,1,1,1,0
0.1263,4.1651,3.7494,0.1315,26.4712,1.2798,0.1015,12.5832,3.6589,36.7478,48.8228,10.4609,0,0,1,1
0.1864,12.0563,4.1504,0.2783,10.7971,5.6467,0.0793,14.1468,5.9716,61.4916,21.0709,2.5216,1,1,0,1
0.2381,5.2403,8.2804,0.2234,9.8127,6.3405,0.3296,2.787,7.8127,53.2721,48.9723,44.4153,0,0,1,0
0.1813,8.4916,3.3468,0.1747,13.7651,2.9601,0.3318,13.7557,7.3415,110.5101,34.9122,23.388,1,1,1,0
0.0364,4.695,6.6762,0.1482,23.6743,3.7559,0.1962,2.3005,4.6794,44.2852,32.0269,35.7311,0,0,1,0
0.0931,8.6955,1.7641,0.3173,31.5691,1.7265,0.1862,8.841,3.3856,109.4447,40.9778,31.4212,1,1,1,1
0.2373,5.4134,0.525,0.3305,29.4838,2.3165,0.3038,12.7985,6.2682,60.4612,21.1262,41.6617,1,1,1,0
0.24,2.6639,2.107,0.0842,12.0931,7.4882,0.2252,7.509,7.5556,46.2421,14.1365,28.5514,1,0,0,0
0.1502,5.2631,6.4522,0.2445,23.3074,6.1325,0.0682,13.7085,1.4986,91.7028,18.8626,8.6312,0,0,1,1
0.1985,9.9677,4.3264,0.0321,6.5266,1.148,0.3379,6.0134,5.2187,87.5352,24.5413,39.3016,0,0,1,0
0.1668,7.6965,1.93,0.2632,7.426,2.7627,0.0932,6.4694,2.6433,92.5315,42.997,24.1509,1,1,1,0
0.067,5.1822,6.8605,0.1138,24.5457,2.8396,0.3468,8.579,1.6574,31.2456,39.6307,13.77,0,0,1,1
0.0664,10.0293,3.6131,0.0754,39.1005,2.5306,0.2951,14.385,7.2477,51.225,37.5848,31.9318,0,0,1,1
0.1811,3.1586,3.6566,0.2837,6.1358,7.6451,0.0676,10.7559,7.3132,35.2947,40.1621,2.0654,1,1,0,1
0.1292,12.3834,1.6408,0.1445,24.7893,1.7083,0.0514,14.8757,3.2868,36.9634,40.938,30.1167,1,1,0,1
0.0373,12.1094,0.6159,0.0505,23.5597,9.3719,0.1258,8.5277,4.9024,76.4593,46.0338,15.8827,1,0,1,1
0.3165,14.4479,4.0168,0.1724,25.7615,2.9205,0.2088,14.1124,5.971,104.4593,31.4301,24.9928,1,1,1,1
0.0748,11.5779,0.7806,0.296,20.923,3.7905,0.126,6.55,2.2468,88.4439,38.1419,44.4147,1,1,1,0
0.0645,12.1003,3.0657,0.1445,33.3445,0.6389,0.0806,11.8956,2.2274,45.5547,5.6945,10.8813,0,0,0,1
0.2958,13.3075,0.3819,0.2241,22.9851,7.577,0.2843,14.1763,7.0693,72.9745,36.0879,18.6158,1,0,1,1
0.2701,10.1296,1.1342,0.1353,26.4554,2.6955,0.2271,10.641,7.0626,54.8327,6.9371,31.2933,1,1,0,1
0.2912,10.1407,1.2134,0.0907,30.9731,6.1207,0.0619,4.3639,6.543,78.4274,16.267,27.3286,1,0,0,1
0.3194,9.5034,0.6462,0.1597,27.0328,0.5752,0.0603,5.4539,6.373,77.0296,6.1368,13.0192,1,0,0,1
0.2081,13.6033,5.8593,0.2398,39.7264,8.0903,0.0534,10.4767,4.9725,34.5228,43.3312,28.7457,1,0,1,1
0.1983,1.8253,9.7102,0.2635,23.0046,6.2773,0.2483,11.9108,3.2071,49.3006,33.557,18.174,0,0,1,1
0.1469,11.6054,3.0886,0.3286,31.261,7.4208,0.09,4.8048,3.9728,92.0509,30.4932,27.7971,1,0,1,1
0.0748,10.2432,6.5306,0.203,26.2333,2.4782,0.2673,10.2413,4.9235,47.8072,44.8767,31.0537,0,1,1,1
0.0622,14.2733,3.8352,0.1633,29.4182,6.21,0.189,8.7475,6.1106,94.6312,15.9221,25.9729,0,0,0,1
0.066,2.3862,9.345,0.0259,23.7712,4.2436,0.1531,13.9228,3.8901,96.2471,11.5487,35.2997,0,0,0,0
0.0824,3.414,0.8909,0.2096,36.248,1.8937,0.2977,11.4641,3.9557,116.5935,29.0123,36.5886,1,1,1,1
0.0837,14.378,8.3315,0.2619,21.7464,3.8021,0.1501,10.8719,4.2197,114.7427,34.8786,8.0587,0,0,1,1
0.1512,4.2886,3.6988,0.1769,18.3908,3.1532,0.0333,14.3767,3.0799,44.9103,19.7648,34.3559,1,1,0,0
0.0661,2.7899,7.9633,0.3094,34.3349,4.9766,0.304,8.2768,2.4079,86.8521,10.9193,25.5322,0,0,1,1
0.3204,5.7096,5.8584,0.3194,6.4122,5.2061,0.1901,8.3374,7.0235,84.5053,22.3623,24.6466,1,1,0,0
0.3467,3.8045,2.7675,0.2904,37.4308,2.0869,0.0241,6.1368,2.1182,110.7237,12.0859,13.3749,1,0,1,1
0.3353,8.5403,0.443,0.1333,39.0499,8.1901,0.0224,9.3689,6.3769,42.952,15.3718,44.4683,1,0,0,1
0.1362,11.7803,4.7065,0.256,11.0417,7.2972,0.0967,2.4765,2.2273,57.2341,37.7889,31.6917,0,0,1,0
0.259,13.8505,4.5663,0.2946,37.3272,1.1111,0.2583,5.1591,6.8137,109.1765,12.9784,19.9669,1,1,0,1
0.06,11.9952,7.7102,0.2579,23.7067,1.1835,0.1276,4.7681,4.1636,51.6342,15.7695,32.663,0,1,0,1
0.1847,5.8242,0.6955,0.1312,13.1994,7.325,0.1277,12.4243,0.5668,104.6873,24.1251,5.7233,1,0,1,1
0.0741,10.1066,1.6593,0.3131,17.2217,2.2058,0.1166,6.5058,6.5984,42.4216,38.3414,31.9751,1,1,0,0
0.2412,10.1913,4.0996,0.2314,13.1869,1.997,0.0976,10.0549,2.3062,102.7864,2.5532,39.7913,1,1,0,0
0.3273,11.2771,3.8134,0.3049,26.0355,3.5262,0.2093,13.7934,4.9483,100.162,18.6061,21.8476,1,1,0,1
0.2339,4.8142,5.9648,0.0664,14.2902,8.7171,0.1326,14.0932,7.0545,54.2102,20.7286,15.8281,1,0,0,1
0.1517,6.6046,7.0285,0.1054,13.5149,1.5323,0.041,10.7827,6.7385,94.1048,42.4598,2.0918,0,0,1,1
0.1236,2.0827,5.1721,0.0958,6.3666,8.9296,0.1477,2.6702,5.5203,59.5207,46.7342,24.6973,0,0,1,0
0.0348,10.3526,6.3366,0.0815,15.6885,0.9991,0.0436,5.0798,7.1588,58.2509,39.095,27.4523,0,1,0,0
0.306,1.4738,5.2034,0.2898,36.8805,2.4391,0.0322,11.9142,7.4137,66.903,26.1407,27.9139,1,1,0,1
0.2062,8.2557,5.6939,0.2779,28.959,2.7863,0.139,8.2063,5.5703,65.7543,44.5186,18.2205,0,0,1,1
0.2529,10.676,6.1799,0.0998,13.5119,5.3531,0.0631,4.1759,3.0036,95.762,43.8748,28.8978,0,0,1,0
0.0904,14.2068,3.8123,0.1583,30.2823,6.8929,0.2014,8.6113,1.8155,89.414,45.4904,15.5816,0,0,1,1
0.1227,4.2196,0.7244,0.0342,38.2638,0.3683,0.0935,8.6392,5.5035,94.2634,32.7583,16.1719,1,1,0,1
0.2263,13.2297,3.1376,0.2816,15.4577,5.9402,0.2173,13.2695,2.9558,106.0935,19.1809,42.6015,1,1,1,0
0.1925,3.6051,4.9969,0.3044,7.6073,5.5739,0.2403,6.3854,3.0088,94.1551,26.5309,38.3576,0,0,1,0
0.2054,7.9556,2.5919,0.2011,8.4062,8.836,0.1237,11.6911,0.9612,37.6599,36.4208,23.9489,1,0,1,0
0.0536,3.37,2.4258,0.1296,16.6376,4.7758,0.2174,13.6726,6.8234,90.7505,46.8946,30.5175,0,0,1,0
0.3094,2.0791,4.8779,0.2062,18.8241,5.3893,0.2633,7.4817,0.9543,92.3094,10.6116,27.8816,1,0,1,0
0.1468,4.8233,1.2069,0.0462,10.9276,7.1427,0.0501,14.0734,4.0234,63.1484,4.2672,39.8432,1,0,0,0
0.2018,6.1734,7.4722,0.2134,15.157,5.1647,0.1024,7.969,5.2246,106.1663,5.2518,3.3678,0,0,0,1
0.1251,8.7283,4.5846,0.027,10.3887,1.9462,0.2518,12.9288,5.3038,57.3048,15.1847,38.8959,1,0,0,0
0.3495,8.3479,6.5734,0.2652,10.8628,9.203,0.3253,5.6445,7.9494,61.9614,2.5425,40.6702,1,0,0,0
0.1483,14.2461,4.2726,0.1204,30.0722,7.938,0.0394,10.5447,7.8731,55.9305,3.2584,30.9973,1,0,0,1
0.0549,7.8946,9.2519,0.1506,15.3711,1.9236,0.047,5.352,4.8784,84.122,47.3066,9.3762,0,0,1,1
0.0384,14.9706,9.1276,0.1161,34.9658,4.5851,0.1256,8.8222,1.7946,112.3908,16.2003,26.1696,0,0,1,1
0.2896,3.4113,1.9472,0.3498,8.1886,9.6999,0.1924,10.4992,2.6698,70.0356,35.482,1.237,1,0,1,1
0.1806,9.6065,3.3616,0.0718,38.8487,2.4115,0.1731,7.5324,0.5381,37.1629,7.5638,13.9653,0,0,1,1
0.3488,4.6869,3.9088,0.2078,11.579,3.1513,0.2072,14.4301,5.3077,87.4436,13.178,6.2354,1,1,0,1
0.2633,14.4269,4.5038,0.3074,37.2617,6.5478,0.2422,3.1026,1.1241,64.5309,11.5331,21.6699,0,0,1,1
0.0862,3.2588,6.9184,0.1059,8.7859,5.1948,0.1099,2.0106,3.3011,31.3481,39.6196,40.2171,0,0,1,0
0.2066,8.6523,2.0353,0.1805,33.2957,7.1986,0.2692,4.5845,5.0099,50.6836,40.3467,11.1491,1,0,1,1
0.0926,2.5972,7.4493,0.3445,20.4763,1.6651,0.0557,12.0521,1.0672,62.0123,40.7756,30.9323,0,1,1,0
0.1135,6.3713,0.9654,0.2189,20.1128,0.8814,0.2519,6.6451,0.7729,70.4667,11.3835,19.9506,1,1,1,1
0.0632,6.943,5.4775,0.2572,31.0856,9.9571,0.2419,9.1467,0.5967,30.1664,17.2685,41.5804,0,0,1,0
0.1891,6.9269,1.0674,0.0523,28.3153,0.3366,0.0575,14.8442,2.7463,110.0612,34.1738,19.9119,1,1,0,1
0.2423,10.0837,0.4124,0.2665,36.6214,3.7711,0.0264,3.2963,4.3061,35.1063,29.7812,25.5842,1,0,1,1
0.0518,10.0192,3.9554,0.1403,19.0477,3.4987,0.028,3.2215,6.5722,64.2888,23.6926,8.8344,0,0,0,1
0.219,7.8511,8.5168,0.1647,19.6183,6.9301,0.3313,9.6899,2.3177,41.5086,36.2566,18.1167,0,0,1,1
0.286,8.0579,7.5309,0.0542,36.2567,9.2452,0.0247,11.6242,6.5977,102.724,22.5832,15.747,1,0,0,1
0.2443,11.4279,1.1599,0.256,28.9338,8.4405,0.3127,12.7689,0.705,119.1167,39.1286,35.0171,1,0,1,1
0.2042,13.4821,6.5914,0.1512,23.6704,6.6674,0.3083,5.5287,7.8767,73.5158,40.7131,40.8466,1,0,1,0
0.0895,14.566,4.6629,0.2575,33.0019,0.9083,0.1931,7.3352,2.8464,51.8769,4.1142,29.3316,0,1,0,1
0.1681,8.2695,1.8009,0.2497,28.4501,6.9752,0.1052,5.5622,4.2704,118.6129,18.9692,15.6737,1,0,1,1
0.0638,1.2257,6.6306,0.2228,38.7586,1.87,0.2152,10.3651,3.5906,37.8597,47.3044,28.6001,0,0,1,1
0.1817,12.3037,5.9986,0.202,19.4769,5.6351,0.3209,10.5601,6.8063,39.6167,4.2994,2.2601,0,0,0,1
0.2035,8.2427,4.0102,0.0839,34.0454,4.8457,0.0515,14.3972,7.8283,43.5792,11.4101,29.7786,1,0,0,1
0.1313,11.3925,3.8009,0.1154,24.1891,8.3961,0.3133,9.3869,7.0198,58.4142,25.3723,1.7228,0,0,1,1
0.1831,13.3836,6.4203,0.2822,8.9064,8.8335,0.331,8.2822,1.599,90.9679,24.2035,25.4902,0,0,1,0
0.075,1.3107,5.4275,0.2064,37.5805,3.768,0.1332,11.7875,6.6955,66.9643,27.2145,39.4273,1,1,0,0
0.0755,2.6429,4.9916,0.2677,14.4893,5.9757,0.3398,11.331,0.985,61.7906,38.7549,1.8799,0,0,1,1
0.0402,13.9194,5.6376,0.0443,22.2529,2.3141,0.2327,11.6058,1.4287,57.3261,24.2669,26.0318,0,0,1,1
0.1978,6.8426,9.7753,0.2901,24.7348,4.633,0.0934,3.3958,6.1784,41.692,28.9928,38.3135,1,1,0,0
0.0818,13.7017,8.7775,0.2416,11.3303,3.1297,0.1133,12.975,5.4462,99.5252,45.0529,5.2169,0,0,1,1
0.1989,14.1085,2.0943,0.2194,19.0916,9.7622,0.3384,2.5697,7.9013,84.6928,26.1299,41.8882,1,0,1,0
0.0327,8.7417,4.9116,0.2182,16.0512,2.2681,0.1852,6.4892,7.4742,86.2614,27.7418,22.0546,0,1,0,1
0.313,8.281,1.9568,0.3406,22.8412,7.8594,0.1427,9.4872,6.6717,42.3352,9.1618,39.9005,1,1,0,0
0.0644,1.1792,6.2811,0.3496,16.5094,3.5927,0.2693,4.3893,1.8677,56.2212,30.8046,17.4655,0,0,1,1
0.065,3.5391,8.5905,0.1597,11.848,4.217,0.0705,12.9909,2.4718,30.4949,38.924,6.7628,0,0,1,1
0.2033,2.5618,8.4213,0.0368,28.0723,1.5717,0.2809,7.1859,5.9445,95.5366,7.8162,9.8428,0,0,0,1
0.2993,11.0564,9.9571,0.1748,18.4826,2.2532,0.1948,10.5118,5.8088,110.7881,6.4641,31.3458,1,1,0,0
0.0424,1.9916,3.4866,0.2392,19.0663,2.5556,0.0973,3.9257,3.1559,52.194,5.3847,42.9562,0,1,0,0
0.0628,10.4838,1.9935,0.2462,9.088,9.4177,0.2994,3.3718,2.8968,60.5311,10.8551,17.953,0,0,1,1
0.3367,7.8037,6.0823,0.1841,23.8811,0.9652,0.2603,6.2264,6.1933,114.4311,26.8649,6.2061,0,0,1,1
0.2555,12.0311,8.1031,0.2767,14.8308,3.1723,0.1677,11.2149,1.846,63.3885,24.7882,3.8458,0,0,1,1
0.333,9.1043,2.9356,0.0712,28.9469,7.226,0.169,4.3735,6.4944,83.0186,22.078,37.2574,1,0,0,1
0.2848,1.8148,7.838,0.3365,7.3904,9.0923,0.2333,3.7332,0.8693,37.4533,24.9746,27.398,0,0,1,0
0.1058,2.127,2.1863,0.2039,9.4079,6.0177,0.1549,5.2638,5.0733,99.6336,48.5092,5.3007,0,0,1,1
0.265,12.4582,8.1459,0.2214,36.1413,3.4955,0.2354,13.4656,4.1166,75.5059,41.2703,39.8314,1,1,1,1
0.2464,13.6112,0.5692,0.104,8.3449,7.6912,0.1091,2.9656,6.0344,90.3268,20.274,30.3393,1,0,0,0
0.1604,12.3646,3.1759,0.2012,28.1019,1.078,0.3438,8.871,7.1558,75.7842,26.3797,12.444,0,0,1,1
0.2279,5.007,4.0788,0.3012,12.8622,1.4018,0.1541,9.8484,5.5004,78.2303,45.4218,31.1943,1,1,1,0
0.0256,11.5494,4.368,0.08,25.5122,0.5071,0.2113,11.2917,1.9954,57.2951,9.3307,31.3015,0,1,1,1
0.1714,14.1726,6.675,0.3109,9.894,7.7266,0.0513,10.9209,4.4791,118.4031,33.2381,36.88,1,1,0,0
0.2148,14.3272,4.5269,0.2395,13.0241,2.7492,0.28,2.4425,4.0134,71.4255,24.4279,19.1053,0,1,1,1
0.1503,12.9518,2.1126,0.2385,36.8655,8.8287,0.1693,10.1014,3.5607,103.904,37.3456,25.0043,1,0,1,1
0.186,5.7563,4.5888,0.1938,13.2022,5.8291,0.1232,3.7588,5.2385,64.0728,27.5366,39.4672,0,0,1,0
0.2652,8.7027,2.9142,0.0798,9.929,4.2667,0.2222,5.3847,7.8322,34.1156,29.7572,28.8741,1,0,1,0
0.0977,11.6776,4.2729,0.1392,25.0671,5.7537,0.1199,12.6972,2.2816,38.2673,20.512,40.2363,0,0,1,0
0.2275,14.9458,4.4818,0.2014,6.0561,4.3471,0.2959,10.0304,4.0305,74.4531,18.9798,30.21,1,1,1,0
0.0429,1.3879,1.0954,0.2685,34.766,5.3823,0.1565,9.3469,1.0598,107.3708,23.1575,24.1963,1,0,1,1
0.1049,7.2737,1.8666,0.1261,8.394,2.8479,0.1979,5.2512,1.571,91.8118,16.285,26.5287,0,0,1,0
0.0247,8.6303,4.0827,0.1831,20.218,7.665,0.193,6.1831,2.3605,36.8465,26.0806,40.4316,0,0,1,0
0.0738,5.5617,8.8752,0.0919,25.3673,6.0558,0.1771,14.8332,2.1743,91.9955,23.0344,35.208,0,0,1,0
0.0703,13.2921,8.3515,0.0489,18.2224,3.0714,0.3242,6.5695,7.8667,89.2484,27.7715,3.7762,0,0,1,1
0.1288,12.5069,0.4912,0.0248,39.9571,7.4369,0.1673,12.1962,6.7845,118.928,11.1175,19.4372,1,0,0,1
0.0488,3.6109,4.5814,0.1288,39.2699,6.7555,0.2274,8.2536,4.2728,43.7838,18.0702,39.0569,0,0,1,1
0.2466,2.9661,6.6898,0.1134,19.7061,7.642,0.0626,4.5479,6.0558,112.3245,38.0373,13.7705,0,0,1,1
0.27,4.8021,3.0149,0.1961,38.0715,2.6382,0.3202,9.6903,1.763,36.6424,8.5723,7.5516,1,0,1,1
0.1671,4.4369,5.987,0.3389,19.1636,7.8425,0.042,12.778,7.1019,33.7542,41.7237,33.2775,1,1,0,0
0.1073,8.3327,8.3198,0.3322,12.1812,8.8034,0.142,2.8501,4.4989,40.9734,6.5649,15.514,0,0,0,1
0.2151,7.5103,5.2021,0.1979,12.832,5.6099,0.1575,14.3017,2.598,72.554,42.0309,17.4021,1,1,1,1
0.2998,3.4321,8.8975,0.3355,22.3606,7.5789,0.2401,11.0304,4.8746,94.9665,30.4391,34.933,1,1,1,0
0.3489,2.7763,7.1643,0.2406,6.5842,8.37,0.0386,7.8144,2.2642,56.4013,21.2247,18.051,0,0,1,0
0.1977,4.6159,9.5224,0.0465,16.731,8.8913,0.0271,3.8849,0.9307,108.6344,17.5941,1.0238,0,0,1,1
0.2947,4.7388,9.0401,0.1832,13.4418,7.9447,0.2054,3.248,7.4576,108.5127,36.5651,27.7356,0,0,1,0
0.2204,2.2366,2.6935,0.0422,23.4153,9.7994,0.2167,5.8032,6.8409,32.5536,40.4651,22.7338,1,0,1,1
0.1044,3.0052,7.4865,0.1929,14.3101,2.6227,0.1705,2.5064,4.3455,119.4679,10.3773,16.6415,0,1,0,1
0.251,2.7046,5.0539,0.099,6.5457,9.775,0.0264,7.7872,5.8711,94.4462,48.5585,8.0451,0,0,1,1
0.1758,10.1094,7.7358,0.3026,10.9488,2.6111,0.1156,14.702,6.4984,56.3791,30.0269,18.3236,1,1,0,1
0.212,4.4498,9.7671,0.3022,34.6064,0.4588,0.2977,13.398,0.5704,73.5581,21.1279,10.9286,0,0,1,1
0.0224,4.2885,4.6622,0.2004,14.9661,1.8936,0.1379,10.6674,3.5857,50.5319,29.8096,43.1645,0,1,1,0
0.2045,12.2798,9.5392,0.0553,20.9801,1.5331,0.1106,4.3027,1.711,32.7916,49.812,44.9185,0,0,1,0
0.1213,1.9065,0.9487,0.2077,8.3898,5.4634,0.0954,7.3561,2.3574,93.9511,14.7758,27.1336,1,0,1,0
0.3296,12.7145,3.4591,0.03,22.7281,3.7855,0.3028,4.1806,3.8831,119.8755,37.792,14.2324,0,0,1,1
0.1349,7.6772,4.5523,0.1028,28.1704,7.1624,0.1651,11.587,6.4666,108.0562,41.8596,31.5772,1,0,1,1
0.166,4.6923,8.0962,0.2698,31.7435,1.5435,0.1823,10.5089,7.0227,41.252,24.0577,10.1742,0,0,1,1
0.1631,5.0399,3.3599,0.2388,20.6219,0.9557,0.2785,2.3479,2.084,72.1326,17.5313,24.0129,1,1,1,1
0.1295,13.3148,8.9078,0.2238,36.2226,1.9744,0.1092,13.7619,6.965,117.1604,24.8297,19.0747,0,0,1,1
0.0656,5.3058,5.3133,0.3134,24.1479,7.6439,0.1755,3.2253,3.8853,36.6178,43.4279,36.0631,0,0,1,0
0.0707,14.9138,2.1002,0.2262,6.8706,2.9625,0.1693,13.4978,0.8646,59.1859,22.379,30.6458,0,1,1,0
0.3452,4.4189,2.5131,0.1088,19.0285,7.5818,0.1028,7.6878,1.2948,47.38,40.9856,8.3386,1,0,1,1
0.3151,10.7562,6.9998,0.3461,29.5967,9.511,0.187,13.2045,3.371,35.6167,9.2181,36.4372,1,1,0,1
0.2521,5.565,0.6536,0.2801,15.7532,0.8615,0.0775,5.4752,2.7519,89.2704,26.3918,22.0741,1,1,0,0
0.0697,9.5573,9.7424,0.0305,38.73,5.4196,0.21,11.5247,1.6567,35.937,49.4771,22.6125,0,0,1,1
0.117,13.9195,5.7362,0.2655,33.5402,1.2899,0.336,12.1492,3.7229,64.006,27.0568,4.5704,0,0,1,1
0.2343,2.4541,1.9398,0.2489,15.4367,6.0672,0.3107,3.9698,3.0715,93.5813,43.7324,27.5012,1,0,1,0
0.0786,7.8267,9.012,0.2812,9.896,9.7348,0.2257,5.0776,7.024,35.7016,27.4662,31.8089,0,0,1,0
0.1471,11.2527,7.0643,0.143,22.9341,6.7489,0.3326,11.1237,3.3021,105.6031,24.6935,7.0452,0,0,1,1
0.0239,7.6674,5.397,0.023,28.1708,6.3321,0.2918,2.1483,4.3681,65.7615,45.1365,12.4951,0,0,1,1
0.1723,4.6272,4.7439,0.1869,15.8403,6.1247,0.1631,5.7592,3.8691,102.9454,14.9644,33.7787,0,0,1,0
0.2891,12.9115,4.6436,0.1962,20.2448,2.5816,0.0723,9.2164,2.3967,95.0013,26.8195,12.454,0,0,1,1
0.1193,13.2316,6.2907,0.0736,26.8357,9.9684,0.0829,12.8145,0.7441,81.88,25.3482,30.0306,0,0,1,1
0.075,8.3954,9.104,0.2751,17.9568,1.0785,0.2478,14.0665,7.4106,34.7499,28.2913,35.6866,0,1,1,0
0.056,7.5586,0.5372,0.1185,30.24,8.454,0.0942,5.8324,7.3315,113.0373,18.2326,19.8267,1,0,0,1
0.2438,6.4872,7.7024,0.2327,11.3101,2.3876,0.2134,9.3868,7.552,100.1177,25.0286,31.0116,1,1,0,0
0.0723,2.1276,2.7058,0.0829,23.9063,9.7561,0.0702,9.6078,2.4266,115.846,24.1155,20.2369,0,0,1,1
0.1543,5.3853,5.2014,0.2688,12.9152,4.6192,0.0351,10.7925,4.6081,111.2503,23.4588,22.1147,1,1,0,0
0.0428,8.3674,2.6555,0.2656,30.4315,9.0008,0.342,6.8037,4.3573,36.8457,29.3711,9.8892,0,0,1,1
0.1152,3.776,5.7515,0.0486,14.9245,6.3912,0.3396,14.536,0.5417,93.164,35.6079,39.9967,0,0,1,0
0.0656,6.4319,6.8076,0.1888,15.1021,8.6394,0.3095,8.2621,1.768,55.603,49.8463,8.2048,0,0,1,1
0.2508,10.6469,5.3215,0.0382,6.8672,9.9585,0.2642,3.8396,3.263,55.3732,28.1162,15.7784,0,0,1,1
0.0929,4.1309,3.6431,0.1446,34.7923,2.8537,0.1693,13.0914,7.2154,101.1881,14.6641,10.9912,0,0,0,1
0.1019,2.5953,8.2315,0.0755,33.7966,2.4991,0.2656,3.1493,1.6656,59.8412,15.5751,33.6691,0,0,1,1
0.1462,3.8258,0.5672,0.2035,16.6794,4.3618,0.1512,12.2082,4.9658,54.0136,7.8129,8.7359,1,0,0,1
0.3138,1.399,8.0422,0.0241,19.6839,0.6457,0.1506,8.5586,5.7233,104.2074,5.1031,9.008,0,0,0,1
0.1073,10.3991,2.3787,0.3159,30.922,3.7915,0.3163,2.0127,3.6954,100.9246,26.3333,21.8054,0,0,1,1
0.1723,5.5701,7.0939,0.08,30.3342,3.2566,0.1795,5.093,3.3908,82.9702,33.7498,12.359,0,0,1,1
0.2298,11.9341,1.9863,0.2225,14.1597,3.298,0.2667,12.397,1.1558,117.2475,42.9773,35.1238,1,1,1,0
0.0437,14.2077,1.0913,0.2962,17.9664,6.7423,0.1173,14.5364,6.607,91.1206,18.6525,1.5221,0,0,1,1
0.1374,9.1439,3.779,0.3114,16.865,9.2504,0.2799,5.9393,5.2491,50.0762,30.5795,10.7763,0,0,1,1
0.0647,8.17,9.6229,0.1888,30.4625,6.7707,0.0907,3.7818,7.8017,106.29,35.3059,43.1477,0,0,1,0
0.2288,7.338,3.2629,0.3074,18.4905,5.4257,0.3334,14.6999,1.3754,92.175,49.5799,8.2483,1,0,1,1
0.173,1.1186,8.1179,0.0682,9.2437,3.9159,0.1493,6.817,7.9729,65.3621,22.9352,1.0608,0,0,0,1
0.3323,14.812,5.1359,0.2741,24.7881,3.9646,0.1884,11.1092,6.4713,86.7088,23.4187,10.169,1,1,0,1
0.0286,12.8403,6.6402,0.0595,7.6223,9.6894,0.1303,11.5289,4.2227,59.5123,21.8621,31.4191,0,0,1,0
0.2548,11.2348,8.5064,0.0567,6.3862,5.8771,0.1966,14.1191,2.7295,96.7971,34.5782,6.5525,0,0,1,1
0.347,10.4012,8.654,0.0596,8.4125,1.6029,0.3145,12.98,5.8769,61.8957,2.1422,28.4515,1,1,0,0
0.2136,3.8849,1.57,0.2524,12.2443,4.5232,0.2065,8.8493,0.5718,61.3503,14.4167,40.2951,1,0,1,0
0.0447,5.9901,6.3246,0.2661,38.933,6.8942,0.187,4.5212,2.5902,68.064,15.0916,16.4095,0,0,1,1
0.0492,9.7562,6.8712,0.1319,31.163,7.3272,0.0258,14.2748,4.6076,48.777,12.1447,44.9552,0,0,0,0
0.2477,8.0438,7.7552,0.2283,27.4791,0.6779,0.3366,8.6879,4.9803,113.1626,7.9278,5.403,0,0,0,1
0.3038,9.4659,9.3151,0.1137,32.8198,8.1704,0.3294,8.3325,0.7228,91.4597,18.487,14.7901,0,0,1,1
0.3371,2.0034,1.8835,0.2813,14.097,6.3597,0.0811,7.1175,6.9682,39.666,9.117,21.038,1,0,0,0
0.2294,6.4011,4.9863,0.0978,21.2459,7.9713,0.2646,9.4999,4.2016,116.2558,29.9109,37.9748,1,0,1,0
0.0824,6.1874,5.7014,0.3478,15.0517,0.8293,0.1781,14.6332,6.1416,117.6302,45.161,15.1268,0,1,1,1
0.2834,8.9682,8.2319,0.3462,26.5714,7.094,0.0295,11.0429,7.5612,71.0454,49.3192,17.5876,1,1,0,1
0.1761,12.7569,8.3891,0.2,31.2698,4.5931,0.2272,5.9878,2.7391,40.6042,32.2031,34.5819,0,0,1,1
0.0344,6.8898,5.8134,0.2148,19.3959,5.9775,0.0535,2.6176,4.1889,95.6837,49.2812,3.6654,0,0,1,1
0.294,7.7329,5.6411,0.0847,7.2584,7.1225,0.3306,4.9067,1.3276,103.6313,15.0747,38.9503,0,0,1,0
0.0951,8.3217,7.1807,0.2715,36.2027,6.7643,0.0507,6.1345,2.9,97.1093,47.2927,8.9505,0,0,1,1
0.0218,4.1807,9.3613,0.3475,7.6238,9.2948,0.1046,10.5324,6.4396,100.9931,10.4673,3.6865,0,0,0,1
0.0942,3.6504,1.0086,0.1786,21.9936,2.7224,0.2876,10.4189,6.9868,45.7319,12.6499,37.8595,1,1,0,0
0.287,14.2803,5.4443,0.2804,27.2642,5.2841,0.2932,10.6735,7.6909,37.0106,17.889,3.5728,0,0,1,1
0.0608,3.3758,5.45,0.1208,17.5715,5.6692,0.1029,5.8903,5.0586,39.9578,17.4442,4.6088,0,0,0,1
0.1905,10.9302,9.3723,0.2469,6.232,2.1562,0.1713,13.8012,3.4774,113.9041,39.0769,11.64,0,1,1,1
0.0716,2.6416,6.0707,0.0712,35.2602,1.6138,0.1271,14.5708,7.291,53.2973,15.5863,39.8251,0,1,0,0
0.0749,9.6827,0.9321,0.1279,12.9354,0.9229,0.2166,8.1405,5.5947,65.1064,24.5522,7.9868,1,1,0,1
0.1525,13.8701,8.979,0.3278,14.0968,7.861,0.1323,9.2385,7.3143,82.775,44.5397,36.1151,0,1,1,0
0.1368,6.5139,8.8161,0.2032,38.3397,3.8091,0.0467,5.8651,4.9177,58.6615,20.6631,1.5709,0,0,1,1
0.1437,4.6907,7.0586,0.3146,37.9034,9.3439,0.1823,12.8014,5.3291,109.6435,30.3633,7.6324,0,0,1,1
0.2352,14.9385,7.1112,0.2601,37.4858,1.8219,0.2339,10.8209,4.1639,95.2259,27.5545,20.0988,0,0,1,1
0.0392,13.6417,3.6342,0.0951,36.259,0.4318,0.2953,12.573,6.899,116.7712,35.1439,13.551,0,0,1,1
0.0481,13.037,6.6826,0.1013,23.1469,2.2469,0.0953,4.2599,7.3277,97.4292,9.5655,21.2233,0,0,0,1
0.2563,9.2936,8.4165,0.0395,8.3452,2.3234,0.0314,2.3553,7.854,82.9631,34.2042,6.5897,0,0,1,1
0.0507,4.9449,6.7385,0.1143,8.8148,7.1158,0.1562,5.1999,3.5851,46.856,20.3252,10.2671,0,0,1,1
0.0948,2.8313,5.7361,0.2404,9.3863,0.5875,0.1086,9.1244,4.0702,46.533,17.4805,16.2622,0,1,0,0
0.0862,12.2799,0.8221,0.1766,39.1054,8.414,0.1969,14.5891,7.6727,61.7007,49.9481,11.2015,1,0,1,1
0.1421,10.5729,2.2559,0.3437,20.8445,3.177,0.1168,14.1274,2.6002,56.0808,37.1595,15.4951,1,1,1,1
0.1976,2.7699,5.4669,0.2838,30.8939,4.826,0.2186,11.542,5.067,112.4354,46.973,32.9543,1,1,1,1
0.1764,11.1349,3.1736,0.2872,6.4601,5.4565,0.0462,5.3949,6.3658,70.1533,17.2172,1.9145,0,0,1,1
0.1959,11.3796,4.1304,0.0462,23.7497,9.7426,0.225,4.9028,2.3176,73.7372,34.2874,34.7865,1,0,1,1
0.0942,10.9872,8.0776,0.2815,20.3354,5.2093,0.0456,11.4542,1.6696,102.4232,10.05,38.9183,0,1,0,0
0.2242,10.2584,5.3786,0.0225,8.9346,1.0177,0.1925,13.3844,5.2973,107.1916,6.5391,22.369,1,0,0,0
0.0819,1.8434,5.9728,0.3414,28.9841,4.2699,0.2727,13.3406,7.4059,100.4608,33.7884,37.5932,0,1,1,0
0.0973,3.4821,5.0533,0.1079,18.074,1.0726,0.3126,4.8732,2.114,98.6264,22.704,10.1289,0,0,1,1
0.2434,12.2286,6.8261,0.349,15.1371,1.1089,0.3412,9.2806,7.3197,93.9583,16.7185,22.9629,1,1,0,1
0.2357,1.5918,0.3843,0.1327,38.8264,4.1403,0.2596,5.3447,3.449,98.1147,9.263,6.2861,1,0,0,1
0.1227,9.5991,7.7598,0.1191,27.6288,4.6199,0.2629,7.855,1.8262,63.1749,21.7406,9.6567,0,0,1,1
0.1765,13.334,0.9704,0.0722,35.7298,8.0533,0.2186,4.8909,5.5471,96.5526,29.4351,6.0079,0,0,1,1
0.1625,10.8674,1.588,0.3313,36.8713,4.2065,0.1243,6.2482,2.4905,65.6635,20.5302,20.9685,1,0,1,1
0.2043,11.6336,5.9965,0.0982,35.4874,6.5167,0.2033,5.0177,5.2547,75.7064,20.7111,25.7809,0,0,1,1
0.0376,8.2842,2.2309,0.2078,20.3542,6.8579,0.1267,4.5842,3.7365,38.4434,41.0141,11.7598,0,0,1,1
0.215,6.2836,2.373,0.1297,27.2361,7.4044,0.2171,3.3968,1.1791,95.8443,16.9497,12.5694,0,0,1,1
0.1986,10.487,4.6057,0.0787,37.8808,4.9359,0.2476,6.6124,3.2354,80.2734,9.954,34.2401,1,0,0,1
0.2315,10.6615,6.2163,0.3488,19.7392,7.3362,0.1743,11.684,7.4408,72.7173,7.8499,21.24,1,1,0,1
0.3112,9.773,5.2263,0.1586,39.1182,4.5723,0.3194,11.0373,4.61,38.5122,38.0264,42.1936,1,1,1,1
0.3247,7.1861,0.9611,0.212,15.486,9.518,0.3399,6.1066,5.7241,64.8408,23.6517,32.0424,1,0,1,0
0.0336,10.6175,9.2011,0.1908,15.8644,4.6413,0.3046,5.9454,5.6545,40.5392,26.6173,26.5439,0,0,1,0
0.1198,4.8855,4.0792,0.1334,31.99,2.2798,0.345,14.8781,6.6784,106.9304,31.3902,3.0155,0,0,1,1
0.3458,4.9143,4.3019,0.213,14.7272,3.7823,0.2397,11.6326,5.9664,56.8384,9.1084,12.1655,1,1,0,1
0.3065,2.5695,3.8516,0.2786,29.7436,7.667,0.3485,4.3694,5.0452,82.446,16.0359,11.27,1,0,1,1
0.1314,13.4474,4.1264,0.1118,33.7876,2.7387,0.1456,7.2376,5.2916,41.6528,11.4269,40.0069,1,1,0,1
0.0576,7.1738,3.0994,0.2227,23.254,4.5594,0.1796,12.5229,2.7117,32.6946,33.0732,3.5256,0,0,1,1
0.216,3.9421,5.9277,0.1619,28.1626,8.2138,0.1242,8.4017,4.7736,51.1385,6.3191,21.1527,1,0,0,1
0.1859,14.5017,1.5606,0.1428,29.3654,3.2098,0.209,9.3676,0.8592,90.8911,14.6749,13.2472,1,0,1,1
0.2841,3.6836,5.1695,0.1629,8.6205,7.3021,0.1794,12.2492,5.368,45.8763,30.557,36.5211,1,0,1,0
0.3255,12.2682,9.5109,0.0821,39.8874,8.2971,0.174,10.9221,0.6667,68.9497,46.4831,38.3189,1,0,1,1
0.2268,8.6634,7.0303,0.2031,10.4816,8.1503,0.0556,4.7845,7.5902,49.0432,12.9025,36.8748,0,0,0,0
0.1838,11.1511,2.9982,0.3337,13.3495,4.2247,0.3407,9.5432,2.1294,118.5619,21.4573,37.1432,1,1,1,0
0.268,2.6452,2.3892,0.1462,12.0963,2.4667,0.3404,8.5706,2.8996,36.4093,42.297,20.5403,1,1,1,0
0.1764,5.1713,6.4213,0.1072,20.5496,1.6045,0.1304,11.0274,2.9137,112.1592,16.881,30.9105,1,1,0,0
0.0749,13.966,2.4359,0.1191,32.6233,6.2096,0.258,5.7987,4.5416,80.7974,29.3236,8.2152,0,0,1,1
0.1584,2.4957,8.1895,0.2462,21.3931,8.9758,0.208,9.6067,3.1589,78.1803,10.9105,25.2095,0,0,1,0
0.2409,14.6933,2.4093,0.2705,22.3301,8.1366,0.0208,3.9078,6.9957,93.4306,22.8916,1.6156,0,0,1,1
0.3191,1.1938,6.5148,0.1673,26.4143,4.1661,0.1528,14.9317,4.8018,115.3727,20.8572,12.4275,1,0,1,1
0.235,3.4032,3.9042,0.3049,12.4382,0.5631,0.2115,5.7735,5.5532,105.3772,17.8065,25.5846,1,1,0,0
0.2051,13.7823,9.6137,0.274,19.5773,6.0091,0.0209,5.8277,5.8362,103.8068,12.8449,2.6201,0,0,0,1
0.2818,12.5168,2.2014,0.1078,38.1711,8.3837,0.0732,5.7032,1.9035,100.6678,41.5126,40.365,1,0,1,1
0.2483,5.8894,3.517,0.2069,29.9642,2.1462,0.2237,6.8866,6.7953,38.9878,19.6969,27.9655,1,1,0,1
0.2825,1.0711,5.0804,0.2544,21.6608,2.6078,0.1535,5.6998,0.5674,115.0264,35.6185,6.5712,0,0,1,1
0.1312,12.8653,4.4875,0.2761,29.6247,5.5482,0.1713,5.7017,3.9982,86.3101,19.4777,19.7074,0,0,1,1
0.0295,8.5077,8.6539,0.2167,38.5114,0.633,0.3138,2.1442,3.0364,82.1158,6.4096,5.0434,0,0,1,1
0.2381,9.9886,9.8923,0.0927,34.8742,3.8388,0.2499,9.1135,6.8969,66.1796,20.3375,16.7534,0,0,1,1
0.3256,13.3098,6.2752,0.25,34.8606,0.8955,0.0296,5.4405,6.3424,105.8584,32.8309,7.443,0,0,1,1
0.1975,4.3275,6.8486,0.0788,16.6518,1.4988,0.1288,8.9737,7.3319,102.1501,9.7986,21.0518,1,1,0,0
0.0422,9.7324,9.2675,0.1711,34.3016,1.9603,0.1665,8.2401,0.5403,37.4906,42.6835,32.0829,0,0,1,1
0.069,7.2178,3.2287,0.2289,12.4064,4.944,0.205,12.2684,5.0644,57.6325,37.9929,23.2014,0,1,1,0
0.3099,11.8339,4.2099,0.1566,13.0698,3.062,0.3034,10.159,0.8046,50.2707,42.5449,11.4733,0,0,1,1
0.0388,10.1394,4.4674,0.2352,12.2812,6.1529,0.1148,6.5508,6.8455,95.2125,33.7241,38.8717,0,1,0,0
0.1962,11.314,6.0143,0.1723,27.6551,0.6243,0.2875,12.498,6.7993,53.9998,34.608,31.9321,1,1,1,1
0.0489,2.0813,1.1618,0.2425,27.8404,0.8455,0.224,5.8312,2.7265,54.0997,9.3105,5.7557,0,0,1,1
0.3033,6.7924,5.8861,0.2477,23.5326,2.7939,0.3439,2.7546,2.6747,68.8809,44.1835,11.4439,0,0,1,1
0.177,13.8249,3.5477,0.294,8.5983,6.7763,0.3376,10.2132,2.8784,50.854,35.3397,26.7875,1,1,1,0
0.3094,9.2556,7.149,0.1712,12.2608,4.3546,0.2114,4.6848,1.6376,86.614,20.0475,1.9851,0,0,1,1
0.3227,12.1777,0.5412,0.1858,14.0238,9.2932,0.2489,11.6023,2.5252,104.8775,31.6964,3.3562,1,0,1,1
0.0728,10.9296,2.266,0.0809,27.8118,1.9383,0.077,6.5373,6.1892,78.1804,34.8226,29.3566,1,1,0,1
0.0362,10.2427,2.2566,0.2868,18.3188,0.4057,0.0793,12.7355,1.534,51.8243,41.4304,10.406,0,1,1,1
0.1985,12.2835,0.9037,0.0546,18.5124,3.7397,0.0935,5.404,0.5305,76.2861,45.47,14.297,1,0,1,1
0.2306,14.4817,2.5932,0.1692,14.4878,1.1182,0.2914,12.3497,2.1505,86.8358,2.3334,11.7433,1,1,0,1
0.0389,5.1655,1.9339,0.2446,21.3649,0.4144,0.1323,7.1382,1.6867,70.5836,49.8269,40.8304,0,1,1,0
0.1419,9.7499,7.6099,0.0318,34.5116,5.3268,0.1312,6.4087,2.483,91.7372,32.5459,37.8108,0,0,1,1
0.3312,8.3643,9.3022,0.1341,19.0301,1.0999,0.1102,11.2677,1.7813,105.5832,9.0699,44.2674,1,1,0,0
0.0333,1.2339,5.1322,0.2462,34.15,3.3258,0.2635,13.8311,4.8372,78.4102,36.2517,33.9024,0,1,1,1
0.0707,6.13,5.6626,0.1797,19.0747,7.0632,0.2678,4.9115,3.4966,79.5707,30.0056,37.6361,0,0,1,0
0.2728,5.9975,4.7912,0.0702,31.7492,5.6123,0.0554,2.2305,3.2865,69.3082,25.2332,37.8176,1,0,0,0
0.2856,4.4091,9.6781,0.1963,30.0604,9.5875,0.081,10.3117,6.6129,105.7814,34.4671,11.9085,0,0,1,1
0.2574,10.9816,4.2648,0.1606,39.1511,8.1942,0.0293,4.9557,0.7249,69.2448,35.153,26.1292,1,0,1,1
0.0228,2.2832,7.4199,0.142,15.847,2.623,0.2873,8.0118,1.713,67.7712,31.4192,10.0924,0,0,1,1
0.2755,7.9753,4.5115,0.1404,24.3871,8.3426,0.1616,2.3542,4.8053,96.9483,41.2401,44.243,1,0,1,0
0.2443,4.3377,1.6422,0.1886,33.1351,3.8077,0.0938,12.4596,3.7824,81.5809,17.9385,29.4054,1,1,0,1
0.2391,14.7126,2.9471,0.2798,15.5173,8.557,0.099,6.5697,0.8285,92.193,17.3177,25.4942,1,0,1,1
0.3416,2.1462,4.0607,0.2712,30.263,9.6267,0.2445,8.3146,7.599,105.4474,24.1464,25.4133,1,0,1,1
0.0778,2.0161,7.1956,0.1269,38.6829,3.307,0.2776,12.0529,3.0164,75.1861,36.4464,22.9129,0,0,1,1
0.3448,3.4226,1.5432,0.0425,28.9345,5.1773,0.3124,8.9726,3.2418,82.6961,12.2704,19.0573,1,0,1,1
0.0398,8.5585,5.1279,0.2776,21.3534,2.6558,0.2196,11.366,4.6938,69.0827,29.3168,27.1536,0,1,1,1
0.0777,9.6966,7.1764,0.3015,24.8311,5.0204,0.2005,4.5535,3.4077,106.1908,45.2845,39.8711,0,1,1,0
0.0336,14.4905,5.9693,0.2693,13.9951,1.2213,0.2337,5.5055,0.5224,95.7695,9.6656,3.1191,0,0,1,1
0.1408,6.798,1.9066,0.1316,35.0298,8.4246,0.0584,4.7525,5.2744,91.2763,32.0742,13.3734,1,0,1,1
0.1111,6.274,7.7098,0.3201,24.7131,4.4741,0.3006,9.8034,4.6161,101.3738,15.9465,41.2773,0,1,1,0
0.3221,10.6117,5.1282,0.1228,39.915,4.9346,0.0371,12.7265,7.1275,69.9191,49.4629,28.6309,1,1,0,1
0.3174,4.0964,1.4652,0.0874,23.1983,7.7806,0.2919,12.4702,6.3604,69.9123,5.3727,4.4805,1,0,0,1
0.0846,13.9798,9.6478,0.1192,22.1435,2.5043,0.0237,3.1498,4.4278,49.1211,21.5502,22.1974,0,1,0,1
0.1785,13.6472,9.7081,0.0704,14.0583,7.2627,0.1746,10.9279,1.4229,30.9105,13.8759,28.956,0,0,1,0
0.069,14.4427,6.1557,0.2213,18.414,3.5956,0.3138,5.2602,5.6227,77.971,44.8418,23.2754,0,0,1,1
0.211,7.9921,0.3974,0.2235,20.2109,8.0145,0.3252,8.8058,4.7842,44.2633,32.1215,26.4305,1,0,1,1
0.1396,10.2397,8.6211,0.1145,38.3818,4.3227,0.1945,11.4102,5.6017,70.166,41.7393,32.2283,0,0,1,1
0.0425,1.2406,8.7719,0.3204,8.1433,5.2827,0.2472,4.1312,6.226,56.8607,25.1795,4.9134,0,0,1,1
0.1514,6.018,1.7235,0.0765,26.8439,9.0636,0.2811,7.6676,5.429,58.8272,3.4562,26.4472,1,0,0,1
0.2586,6.2613,5.3431,0.2191,20.8047,9.5059,0.3121,7.7159,4.2656,52.2226,39.191,21.644,1,0,1,1
0.2143,5.3232,9.5567,0.2103,17.3246,1.972,0.2943,14.0213,2.2465,119.7457,7.1004,19.694,0,1,1,1
0.1171,11.8294,0.3683,0.2618,24.9766,8.5887,0.2965,13.6347,3.1156,46.45,48.2705,28.2848,1,0,1,1
0.2365,1.7699,9.0574,0.023,31.8847,1.4704,0.2782,6.7028,6.6948,84.2363,12.4758,39.2145,1,0,0,0
0.1682,4.775,4.6872,0.3156,26.3391,1.2482,0.2361,7.42,1.4828,35.4277,11.5643,9.71,0,0,1,1
0.0789,10.28,7.6772,0.2271,35.6761,4.9374,0.0215,3.5391,2.7357,88.2341,47.1712,10.1038,0,0,1,1
0.0567,8.4268,7.7955,0.0358,39.7941,6.1735,0.2411,9.8275,7.558,44.4422,41.1215,41.6922,0,0,1,1
0.1985,2.6485,7.8886,0.2942,36.4613,8.8544,0.2416,9.3366,6.4739,77.4102,34.0771,16.8364,0,0,1,1
0.2296,5.147,7.2621,0.2875,23.5672,5.7081,0.1182,12.7594,2.3888,119.9018,15.4144,19.8863,1,1,0,1
0.202,7.1321,3.5932,0.1687,19.0112,8.3992,0.1207,2.6607,4.5262,110.2349,15.5048,20.5758,1,0,0,1
0.0575,9.0838,2.9356,0.2747,31.9273,8.5208,0.2603,13.4236,5.7062,32.0301,24.8275,5.6014,0,0,1,1
0.0717,13.4296,4.057,0.3425,38.5829,4.0565,0.216,2.2757,0.9083,31.8911,3.2343,40.8221,0,0,1,1
0.2219,9.5826,4.316,0.0771,13.5849,6.7257,0.289,13.2373,5.0303,108.2554,17.5526,18.5374,1,0,1,1
0.0277,9.0097,0.6622,0.1117,29.7989,3.6147,0.3332,10.0265,7.7168,118.3293,46.8306,8.5799,0,0,1,1
0.1145,14.9808,8.1149,0.0258,31.8913,7.3839,0.2403,14.0303,5.2868,97.6613,11.2039,34.3263,0,0,0,1
0.3239,12.8391,5.0041,0.1781,6.6936,2.916,0.143,12.0966,7.6543,107.8779,33.7456,43.3019,1,1,0,0
0.139,9.691,9.2329,0.106,19.4928,8.2459,0.1272,12.4364,6.8423,77.4863,2.5061,29.6145,0,0,0,0
0.2349,7.7508,0.7564,0.3069,13.3916,6.7374,0.0727,12.6494,5.7479,46.2329,38.0515,34.5084,1,1,0,0
0.053,10.6425,3.6734,0.198,28.5723,0.5698,0.3327,12.1986,1.7328,119.2094,46.4899,14.263,0,0,1,1
0.2803,12.5554,1.1006,0.3151,6.0881,2.867,0.0692,7.3387,4.4775,70.3942,44.9448,29.1539,1,1,0,0
0.1959,3.9516,9.2586,0.2463,6.4762,8.977,0.054,8.6851,7.9521,36.5769,13.88,31.0814,0,0,0,0
0.1499,13.0534,0.8289,0.2053,20.3532,4.8569,0.0594,8.9083,4.5441,47.6676,3.3152,13.6864,1,0,0,1
0.2216,3.3754,4.3123,0.2064,11.8308,1.8643,0.164,6.3164,1.7816,75.2785,27.8297,26.5559,1,1,1,0
0.2045,9.4581,9.9121,0.0909,34.7985,6.4872,0.0408,12.5565,2.3304,47.7186,16.2107,26.3737,0,0,1,1
0.168,4.6467,1.97,0.0509,7.082,3.5978,0.1048,10.6534,6.8864,31.7406,25.0031,18.3136,1,0,0,0
0.1114,10.3091,9.4958,0.1263,12.2375,3.2726,0.0614,3.6707,5.3458,56.6643,13.7878,23.7434,0,1,0,0
0.0635,4.467,8.4445,0.0855,13.2023,3.9028,0.1359,2.1561,6.5566,117.3905,20.7386,16.7117,0,0,0,1
0.088,3.4305,5.4073,0.2203,24.1122,6.3808,0.2238,11.4178,2.1399,41.4584,40.5596,10.3387,0,0,1,1
0.3095,8.6279,0.9753,0.1441,26.2782,2.0163,0.3292,7.8603,2.7354,113.4997,2.1934,23.0899,1,0,0,1
0.2025,14.7649,5.4319,0.117,30.1981,4.9946,0.1705,11.4503,2.4613,70.507,9.078,5.0029,0,0,1,1
0.2382,8.4486,0.7707,0.0597,14.1336,9.5859,0.0518,6.6558,1.6714,45.3348,20.9054,29.5233,1,0,1,0
0.1433,9.3287,0.5174,0.1117,39.3987,6.3793,0.2295,11.4641,2.1225,76.2586,16.076,44.1507,1,0,1,1
0.2775,9.3151,0.7028,0.0452,19.0412,3.4846,0.3077,13.6123,3.6365,77.35,8.5473,38.2518,1,0,0,0
0.1518,14.5217,3.1996,0.221,31.8766,9.0975,0.1965,10.4177,5.4195,50.9593,31.5368,6.4917,0,0,1,1
0.2531,5.8981,1.4268,0.0337,9.5892,3.005,0.2915,12.102,5.9067,99.1954,9.0838,43.1999,1,0,0,0
0.2353,13.123,4.9741,0.152,17.1256,9.0412,0.2684,7.2683,7.7063,103.497,15.1309,13.0931,1,0,0,1
0.3082,8.0927,9.7032,0.2799,35.0954,7.1039,0.052,8.6029,5.1948,99.0499,42.6769,33.1116,1,1,0,1
0.2068,1.4001,8.4385,0.2457,5.9744,6.3868,0.129,10.1375,5.1114,95.1947,22.3221,18.03,0,0,1,0
0.0331,12.4981,8.4954,0.2814,9.1917,6.2147,0.2652,3.4905,2.4078,114.1014,32.8181,43.6398,0,0,1,0
0.3118,10.8515,8.9413,0.293,21.2689,7.1758,0.3431,10.468,5.5919,98.7065,16.2365,20.0233,1,1,0,1
0.1787,14.2722,1.8121,0.2031,30.4195,4.8912,0.2679,8.0484,1.9222,64.8596,15.0114,7.433,0,0,1,1
0.2356,13.8642,3.4568,0.1075,12.0648,1.9755,0.2331,8.0043,2.2186,83.5559,48.8152,22.4125,1,1,1,1
0.2471,6.5508,5.9506,0.1305,21.1657,7.8953,0.1119,9.3362,3.3129,91.4001,11.1185,8.5327,0,0,1,1
0.034,5.6789,2.1841,0.0548,5.8259,6.4804,0.0929,2.8788,7.5997,35.1259,18.2097,21.4618,0,0,0,0
0.1924,9.393,1.6994,0.1863,29.6581,3.6667,0.322,6.8154,7.3492,97.8326,15.3987,26.6457,1,1,0,1
0.027,8.8766,2.6566,0.285,17.9772,8.3618,0.1735,3.8698,5.8888,34.9334,15.2339,29.2447,0,0,1,0
0.0663,10.3172,8.7376,0.1186,38.5881,3.213,0.2787,9.1642,1.7358,99.1626,21.8738,43.0657,0,0,1,1
0.1256,9.9473,7.2094,0.1975,32.9984,3.5693,0.2978,6.5954,1.8926,91.0662,26.3703,22.5578,0,0,1,1
0.1918,10.4984,1.6391,0.1634,25.534,9.1877,0.031,7.2381,6.7403,103.2761,31.9558,16.9064,1,0,0,1
0.3034,14.0855,8.1643,0.2891,26.1096,3.186,0.3336,5.1083,7.9923,34.4917,35.8462,34.7103,1,1,1,1
0.2951,1.8894,0.4335,0.3363,29.7133,9.9355,0.2677,9.8957,5.012,92.711,11.6122,16.7313,1,0,1,1
0.2116,9.9146,5.5199,0.0959,28.3781,8.6908,0.1457,6.3911,6.1246,92.4576,49.6958,3.966,0,0,1,1
0.233,13.3685,4.1903,0.1069,12.7678,8.5413,0.2467,12.6816,4.3219,69.849,5.7813,15.1784,1,0,0,1
0.037,2.8059,9.7483,0.084,17.1979,9.0813,0.1255,7.7126,6.4966,90.0337,11.649,30.1546,0,0,0,0
0.2765,13.9477,6.9682,0.0952,15.0927,9.3318,0.1671,9.6011,7.1259,85.5431,47.5763,38.2573,1,0,1,0
0.0232,13.4576,8.2666,0.349,23.1678,1.6462,0.3373,10.1835,1.8242,101.4011,25.1086,5.7163,0,0,1,1
0.2388,1.3266,5.5705,0.1276,20.0422,4.6895,0.2285,13.0867,5.4446,30.3504,29.5425,33.2613,1,0,1,0
0.2203,2.1582,5.7762,0.2104,28.9279,4.3138,0.3127,10.2661,2.9158,79.0199,32.6874,17.3117,1,0,1,1
0.3038,6.1322,3.9264,0.2691,33.7919,0.5017,0.139,4.0503,3.4524,106.7171,26.0255,26.6478,1,1,1,1
0.0946,12.8968,6.0123,0.2161,15.8423,6.3579,0.2862,4.8954,0.725,34.3182,27.5847,37.9118,0,0,1,0
0.0861,10.021,7.7857,0.188,19.5279,1.6147,0.3457,9.4648,5.0961,82.2436,3.0646,1.2937,0,0,0,1
0.1553,1.734,0.4672,0.2116,7.3721,6.2636,0.2956,14.7344,1.4424,102.218,12.6895,17.6623,1,0,1,0
0.287,14.8169,4.3594,0.0698,28.8637,9.2566,0.3139,5.546,3.1227,106.0529,20.9244,4.799,0,0,1,1
0.0526,12.8392,6.4002,0.0386,17.009,1.7647,0.2727,8.2123,5.4137,31.8985,37.9965,25.8447,0,0,1,1
0.0569,6.1116,1.1031,0.1351,23.0836,0.4609,0.283,12.1893,4.5871,114.824,29.7406,34.0202,1,1,1,0
0.1174,8.6879,5.7237,0.278,37.6365,2.4,0.2822,3.992,6.8843,67.9559,29.7018,19.126,0,0,1,1
0.2968,9.5507,8.5892,0.2557,34.8019,2.0878,0.0208,13.8296,0.941,67.2706,22.1487,5.6483,0,0,1,1
0.0893,12.256,9.6949,0.2958,30.5686,8.1667,0.1572,13.778,2.2073,31.572,49.5291,16.2679,0,0,1,1
0.1318,14.237,5.3796,0.2837,32.2887,2.4125,0.1398,9.2566,3.498,51.4529,2.1441,37.5385,1,1,0,1
0.3076,10.3872,2.6572,0.029,33.1147,1.6203,0.1915,12.537,2.7474,51.9039,32.4601,22.4651,1,0,1,1
0.0726,6.2365,1.2714,0.2517,36.4747,1.9201,0.1744,9.575,0.9368,60.2407,17.6818,10.2461,0,0,1,1
0.2766,4.4892,0.9748,0.1901,33.0788,1.7604,0.1138,9.6417,1.8427,84.6024,46.5299,13.6321,1,0,1,1
0.3416,14.8657,1.1527,0.0701,27.1388,5.4004,0.1429,9.5489,2.3627,75.8559,47.1246,15.4663,1,0,1,1
0.0833,6.8252,4.235,0.0751,15.0225,7.414,0.3283,9.2541,5.3353,35.5745,15.5228,21.5719,0,0,1,1
0.2556,7.7876,3.0377,0.1707,6.5053,2.1802,0.3034,8.6082,2.6999,100.5702,24.7459,17.8702,1,1,1,0
0.0635,10.1872,1.4112,0.1455,13.5144,8.5073,0.2678,9.7572,6.6073,103.101,31.3087,26.4677,1,0,1,0
0.0438,11.2664,3.9852,0.109,22.0106,4.534,0.2072,9.071,5.9111,47.0727,46.7835,2.255,0,0,1,1
0.1571,6.963,8.5901,0.1357,23.0369,1.3753,0.3408,8.8759,1.4249,54.9491,34.1534,25.318,0,1,1,1
0.0233,3.7794,3.4886,0.0843,27.478,5.6478,0.2232,6.2412,1.6158,101.002,25.7783,14.8558,0,0,1,1
0.0585,10.5246,8.546,0.3075,10.7065,3.0168,0.2035,10.0473,1.7179,106.6559,25.4793,14.1725,0,1,1,1
0.236,8.2968,1.228,0.2056,15.9714,5.0029,0.1308,2.0454,2.5218,97.0127,41.4186,28.771,1,0,1,0
0.2137,10.619,8.3469,0.3256,31.9611,1.768,0.2779,4.0706,2.9445,65.0051,20.3623,19.6874,0,0,1,1
0.0663,11.0312,7.437,0.1072,16.447,0.4031,0.3175,11.2572,3.2115,64.6015,12.7177,17.4122,0,1,1,1
0.0619,2.2048,4.4546,0.1331,31.1799,2.8615,0.2205,2.0395,1.1574,92.1901,17.5273,6.3269,0,0,1,1
0.1263,1.1475,3.7969,0.0754,17.9267,5.7143,0.2174,8.8151,5.3094,109.5456,47.5876,26.7676,1,0,1,0
0.0944,4.0605,8.5875,0.1801,31.3841,7.5949,0.2031,11.5403,0.6906,66.006,2.1916,28.1528,0,0,1,1
0.2369,12.2029,4.8691,0.2631,20.5165,7.4605,0.0582,12.5545,2.6582,93.3272,46.9306,36.7897,1,1,1,0
0.3138,12.2541,8.5644,0.0883,12.4195,0.952,0.1663,6.4162,7.2242,118.242,49.1222,32.0915,1,1,1,0
0.229,8.8466,7.1849,0.305,19.6417,4.3044,0.2254,9.9281,6.1637,102.7695,25.419,13.011,0,0,1,1
0.2381,9.9888,5.1572,0.2103,9.725,4.7758,0.1942,7.4539,6.6323,43.096,38.741,26.4276,1,1,1,0
0.1039,11.0217,8.8659,0.2624,30.5849,6.8437,0.1675,12.0987,5.2626,71.0767,10.2679,34.03,0,0,0,1
0.2839,5.0047,6.4743,0.3051,20.6144,0.496,0.0801,7.238,1.8593,46.6359,39.4831,39.6004,1,1,1,0
0.1817,14.5528,7.669,0.1657,19.459,1.8711,0.108,2.9873,6.694,46.4219,24.0084,3.2985,0,0,1,1
0.1082,12.0681,4.9139,0.0957,9.8689,1.0875,0.1041,12.3669,7.4928,106.1865,30.3354,41.1252,1,1,0,0
0.2924,1.4401,7.9448,0.1672,33.728,9.1431,0.1744,4.7044,3.584,95.2174,9.9832,43.9333,1,0,0,0
0.3258,7.9171,1.3988,0.3448,20.4726,7.9977,0.1603,7.0918,2.3794,113.1459,26.9746,37.9307,1,1,1,0
0.211,2.8269,1.9912,0.3156,37.4834,5.5081,0.3492,10.2,4.3877,117.2955,47.6245,14.7151,1,0,1,1
0.2179,13.788,5.3566,0.1269,24.1143,5.6968,0.3258,10.4529,2.9437,39.6321,12.9322,4.3436,0,0,1,1
0.2732,8.3031,7.322,0.3479,37.4254,9.3657,0.1563,12.3725,0.9471,43.8398,6.8257,26.2538,1,0,1,1
0.1642,6.7026,4.7953,0.1673,10.7969,3.9176,0.2099,9.8994,3.206,95.2265,40.2638,8.1799,0,0,1,1
0.2412,3.1051,6.5869,0.0899,18.5166,0.6005,0.1102,12.0066,1.5999,110.5821,48.7572,17.5575,1,1,1,1
0.195,3.6762,7.9675,0.3133,24.0446,0.6807,0.2773,14.4138,5.5024,115.9639,10.8306,38.5494,1,1,0,0
0.1105,6.9184,3.1112,0.1587,22.6571,9.8515,0.2927,6.5785,5.1468,55.9936,37.4049,23.9348,1,0,1,1
0.0308,14.3391,1.523,0.2928,14.9421,0.3055,0.2967,5.1127,6.7115,84.839,28.8319,11.3617,0,1,1,1
0.3024,11.9361,8.1996,0.3101,23.9999,4.7468,0.2756,11.3299,0.6398,74.5359,44.0499,2.5362,0,0,1,1
0.0676,11.2902,1.8577,0.2986,35.5652,9.6202,0.2837,9.8228,2.9518,119.5102,6.0057,41.9653,1,0,1,1
0.0878,11.0923,5.1649,0.2505,9.4172,2.0035,0.0329,10.5982,4.9962,84.1572,10.8018,39.1864,0,1,0,0
0.2398,3.5476,9.4354,0.2048,38.0387,5.0134,0.3037,11.522,1.6427,40.6678,11.7605,37.8623,1,1,1,1
0.1789,12.8093,7.9456,0.2462,31.0004,2.4938,0.0723,9.8568,6.253,101.3809,19.933,28.7806,1,1,0,1
0.2702,5.3099,9.4645,0.1187,26.1108,0.9124,0.262,7.8109,2.8364,107.106,45.5719,17.6714,0,0,1,1
0.1576,13.7608,2.6845,0.0479,14.9747,3.1408,0.2775,9.4088,4.2219,63.5403,28.1546,10.466,0,0,1,1
0.2392,13.7641,5.6169,0.2413,33.0823,8.6009,0.1899,10.5293,6.9731,63.7281,46.1712,41.6267,1,1,1,1
0.1275,13.0825,3.2959,0.2851,5.621,7.9591,0.2467,14.521,7.1734,95.4781,22.1523,26.0923,1,1,0,0
0.2357,2.2211,0.4752,0.2966,34.3591,6.2201,0.0227,3.8806,4.0818,54.3745,36.1869,14.5468,1,0,1,1
0.2529,12.2342,8.8086,0.2211,8.539,1.4792,0.2043,2.7524,7.0241,69.8827,30.7203,35.6563,0,1,1,0
0.2239,2.2131,5.6243,0.0265,17.0703,0.4388,0.3256,2.1663,1.9448,109.9448,12.1806,14.1027,0,0,1,1
0.2833,10.1786,1.7251,0.1829,39.5654,8.9376,0.0779,6.183,1.281,34.349,46.017,25.8801,1,0,1,1
0.1017,2.4785,2.7132,0.2134,24.7499,8.1625,0.2668,11.2245,0.6534,43.1028,10.5634,6.7266,0,0,1,1
0.2235,5.053,3.8075,0.1527,20.9614,5.2721,0.1305,2.4735,2.6335,100.836,10.2132,43.1848,1,0,1,0
0.0847,10.6713,5.8758,0.2829,12.8543,1.7036,0.0785,12.2912,2.8514,75.2107,2.8102,19.7826,0,1,0,1
0.291,1.7625,6.1825,0.2795,26.7909,0.8538,0.3092,6.5986,7.3902,81.8206,20.7072,37.4196,1,1,0,0
0.0832,5.3411,3.1741,0.1084,36.0983,1.5406,0.1833,7.9875,1.8907,30.7413,49.671,16.1686,0,0,1,1
0.3355,7.6116,5.6434,0.2124,11.632,6.0495,0.2441,9.3367,1.3974,98.2865,25.0681,17.7544,1,1,1,1
0.3026,5.2721,0.9527,0.1526,31.6676,5.1467,0.1654,13.1668,7.887,59.9918,43.4578,30.1513,1,0,1,1
0.2955,8.1372,3.3312,0.0489,17.1626,5.4807,0.1185,5.894,6.379,61.2759,35.3646,24.5883,1,0,0,1
0.2319,5.8842,1.6343,0.2879,36.249,1.579,0.0491,8.1027,4.6869,72.4282,24.1077,7.0798,1,0,1,1
0.1661,12.7029,0.7278,0.0246,7.558,5.0413,0.2415,3.8689,6.08,93.962,22.8311,27.6286,1,0,0,0
0.0884,14.2975,6.2117,0.2531,23.212,6.0105,0.0828,5.5862,5.9821,86.0735,29.032,21.3841,0,0,1,1
0.1693,12.7384,9.1147,0.1608,5.2459,3.4162,0.2375,6.341,0.9844,79.1694,17.2933,15.2439,0,0,1,1
0.2138,7.0758,0.8616,0.2881,17.014,6.2356,0.2899,4.3666,3.923,115.1528,29.4028,24.6365,1,0,1,0
0.1966,4.7229,9.6672,0.2802,8.361,7.7615,0.0848,5.2251,7.8579,63.8399,42.7133,18.877,0,0,1,0
0.3142,5.1086,8.1111,0.3416,7.6232,2.6013,0.1253,9.0121,2.7511,54.5602,35.2545,36.8027,1,1,1,0
0.1549,9.1,8.0471,0.3071,26.6615,8.3021,0.0575,9.3074,1.358,97.6182,22.5792,30.7763,0,0,1,1
0.0637,13.3877,9.5818,0.18,24.9107,9.7488,0.0808,7.345,5.538,101.5697,31.9625,9.9781,0,0,1,1
0.0462,12.3807,5.7426,0.1885,21.8838,8.7469,0.2206,2.1086,7.834,83.9127,16.0024,15.1795,0,0,0,1
0.0352,2.5756,5.3023,0.166,12.2649,5.6621,0.2708,4.4721,5.3836,33.5974,3.5468,28.0579,0,0,0,0
0.2208,12.4911,1.025,0.2459,13.796,9.1513,0.0997,3.757,3.5369,87.6003,7.3578,32.6999,1,0,0,0
0.2293,8.9233,7.597,0.1608,17.8796,4.9722,0.3366,10.1499,5.9512,95.3998,33.8006,5.2502,0,0,1,1
0.217,11.2456,2.251,0.0901,39.3534,6.0449,0.0227,12.7001,3.7409,37.2068,15.7837,16.2631,1,0,0,1
0.3085,2.4881,5.0037,0.2381,30.3339,4.9949,0.0983,2.2991,6.2161,39.202,17.2851,32.0582,1,1,0,1
0.1343,14.1878,7.15,0.1032,7.303,5.3613,0.132,14.1475,6.7704,68.0027,11.8423,19.8398,0,0,0,1
0.2744,5.9941,5.8164,0.2641,26.595,7.2077,0.3318,11.6936,0.5501,108.6927,21.7078,37.3268,1,1,1,0
0.2786,10.2082,7.9256,0.2423,17.6989,9.3191,0.3444,8.558,3.0921,88.1963,21.1796,22.2206,0,0,1,1
0.3145,6.4005,3.5562,0.0571,35.7309,0.8305,0.2176,3.6681,2.4866,33.6111,16.1006,34.8767,1,0,1,1
0.1078,8.3629,2.1811,0.1201,12.0437,5.1995,0.2913,14.5871,7.2766,76.5452,12.1234,11.5492,1,0,0,1
0.1246,9.6009,5.666,0.2336,36.135,2.5369,0.0532,5.7048,2.4393,55.4658,2.1026,25.9641,0,0,0,1
0.1636,10.013,2.3548,0.0456,14.4567,1.6005,0.3142,13.7892,0.8771,74.4961,40.4067,11.7273,1,0,1,1
0.0898,9.8142,2.955,0.3328,21.246,6.1845,0.1985,13.6909,2.8723,69.588,44.4586,17.6707,0,0,1,1
0.0661,6.8916,8.1703,0.2322,17.6327,0.563,0.0772,14.4536,7.3719,73.1632,12.6976,29.911,0,1,0,0
0.1396,8.8409,6.5795,0.2297,36.023,8.7472,0.109,11.7369,0.8722,103.9845,34.1557,6.1641,0,0,1,1
0.1379,2.1502,9.3117,0.1593,9.3092,7.4011,0.1561,5.9275,5.3191,60.2642,44.573,9.0293,0,0,1,1
0.3488,6.314,0.8326,0.2311,31.1967,8.9499,0.2705,8.6929,6.8935,97.0096,24.5384,22.453,1,0,1,1
0.1824,2.3467,5.5221,0.0696,28.3165,7.6945,0.1007,4.9147,5.7936,64.7742,49.8052,1.6782,0,0,1,1
0.0965,14.0638,7.1763,0.0937,24.2744,1.8285,0.2737,10.4275,3.8474,45.4326,42.6238,9.6691,0,0,1,1
0.2833,14.9636,8.1213,0.2283,39.1345,5.1822,0.2814,10.1777,2.6451,84.3164,5.4643,9.0426,0,0,1,1
0.0533,10.3062,4.7012,0.2231,5.0854,7.2686,0.1734,10.8974,3.757,91.2832,44.8129,43.546,0,0,1,0
0.3255,5.0613,8.8015,0.121,38.3196,0.9384,0.2003,6.5103,2.4036,38.4172,40.3111,32.6633,1,1,1,1
0.2297,14.0758,6.1755,0.2025,28.0619,9.8136,0.0295,3.4293,3.8053,106.9155,14.5029,21.0269,0,0,1,1
0.2877,12.9083,8.9361,0.2355,8.9305,6.5613,0.3161,9.5718,3.9672,56.0573,25.4971,37.8465,1,1,1,0
0.081,1.9408,8.9713,0.2252,36.4241,2.6547,0.2693,2.2409,7.1264,80.4268,2.8777,39.4774,0,0,0,0
0.1267,9.1633,5.772,0.0967,32.85,6.2341,0.3403,13.9146,6.944,86.9064,31.5705,12.9049,0,0,1,1
0.0792,7.1592,0.9885,0.2521,12.8704,7.3757,0.096,2.9087,1.7693,30.5468,4.5873,44.0042,1,0,0,0
0.2823,2.6192,1.0623,0.0693,29.8943,9.4787,0.0566,8.8511,0.8395,84.0686,20.5311,32.799,1,0,1,0
0.1254,13.1524,5.9613,0.3044,19.4363,1.0563,0.2046,11.5868,7.965,112.29,46.3526,16.3007,0,1,1,1
0.0321,6.2091,2.2523,0.324,18.6396,2.154,0.157,9.4378,2.3589,103.6274,21.6446,28.7217,0,1,1,0
0.1046,4.4446,0.4454,0.244,24.1153,4.6439,0.1507,13.3879,2.0496,51.5499,2.0024,23.9211,1,0,0,1
0.2258,9.6218,9.5355,0.1603,24.3395,4.0647,0.2329,5.2522,2.8427,98.56,43.5748,27.2815,0,0,1,1
0.0686,5.7541,1.3603,0.1345,13.332,8.8604,0.0553,11.7531,7.0211,41.7294,9.5192,15.0756,1,0,0,1
0.2542,11.4754,8.0205,0.1831,28.5026,9.5058,0.1137,6.3007,3.818,72.4188,18.3294,42.1976,1,0,1,0
0.2605,3.2546,2.484,0.2102,11.1886,1.5657,0.2064,3.2132,4.6862,60.2362,25.801,18.6619,1,1,1,0
0.3356,8.5811,4.9531,0.144,35.1259,0.3259,0.2311,2.8166,5.6827,90.1249,24.1638,39.5968,1,1,0,1
0.0885,5.5101,2.7964,0.147,34.5923,1.3205,0.0481,14.1173,6.802,103.7785,48.8038,7.8755,1,1,0,1
0.2348,1.6416,6.0636,0.2981,17.4279,5.7531,0.2551,13.9141,5.4248,114.746,43.3445,39.0134,1,1,1,0
0.2492,12.0081,3.0071,0.2813,24.0837,1.1355,0.1812,13.4187,7.8525,43.6397,47.3302,26.2138,1,1,1,1
0.2099,4.57,1.0252,0.3478,29.6746,2.7764,0.2428,2.459,5.9458,85.5331,25.2664,4.5041,1,0,1,1
0.1798,7.4713,9.696,0.3083,11.2435,6.5152,0.2153,12.6608,3.1921,95.4268,46.3236,34.1457,0,1,1,0
0.1991,3.5088,8.9571,0.1672,22.455,9.5635,0.3356,5.8882,4.3268,108.0258,26.5303,36.6413,0,0,1,0
0.2449,11.0768,1.239,0.0203,7.5613,4.0765,0.1584,11.2429,3.321,86.5359,4.0203,5.3859,1,0,0,1
0.0902,4.0581,4.6267,0.3321,11.8196,5.0476,0.0282,6.116,5.2232,106.698,30.7284,21.3828,1,1,0,0
0.2852,1.1792,2.9842,0.327,7.8631,8.5527,0.2673,14.7267,2.6996,73.0451,19.5278,33.2286,1,0,1,0
0.2955,12.3209,4.6571,0.1658,29.5509,6.4929,0.2671,6.3759,1.1371,58.4728,33.1858,4.2673,0,0,1,1
0.1856,11.4954,9.9369,0.1694,13.0899,2.9943,0.1157,11.0069,7.6671,112.6916,33.7194,36.3727,1,1,0,0
0.0961,3.4335,1.1242,0.056,30.5674,6.6756,0.2407,12.6356,2.3547,58.2866,25.5569,41.1221,1,0,1,0
0.2051,12.6258,8.6146,0.1804,25.7887,6.489,0.0747,3.0156,4.2583,116.4768,40.1436,9.2953,0,0,1,1
0.1958,7.9643,4.1402,0.3062,26.833,0.482,0.0652,13.8755,7.0732,57.2146,2.5803,24.0365,1,1,0,1
0.1696,11.959,6.3299,0.2547,21.2746,6.8501,0.1148,8.6215,0.9764,102.7129,33.4242,26.8647,0,0,1,1
0.197,2.1405,9.165,0.1165,6.9794,9.7659,0.1858,8.5825,5.1325,115.9042,35.0319,29.5405,0,0,1,0
0.1441,10.7795,4.4251,0.2846,27.4872,2.7117,0.1622,8.0142,3.8079,30.9983,15.4342,20.5699,1,1,0,1
0.2318,10.3617,5.3118,0.284,22.3856,6.5005,0.2047,5.4103,2.2601,30.1172,11.3064,16.2005,0,0,1,1
0.1626,3.4351,2.1157,0.3078,7.2579,4.0816,0.1167,13.5498,2.7416,62.8071,13.6882,21.4964,1,1,0,0
0.1974,10.2021,0.9576,0.2592,30.2794,8.667,0.3133,12.3683,5.98,104.7644,42.7448,39.9603,1,0,1,1
0.1705,3.9248,9.6282,0.0356,18.7143,2.3545,0.1733,3.5325,7.4908,52.0833,23.9536,37.9722,0,0,1,0
0.3483,3.9258,2.2191,0.0584,14.9135,8.3896,0.0355,13.2448,4.8428,64.115,38.7755,11.3981,1,0,0,1
0.2355,11.8268,7.0076,0.1117,23.1192,3.5102,0.2171,4.1228,3.2566,81.8602,31.9463,2.7649,0,0,1,1
0.1186,5.9712,6.5719,0.118,38.596,9.3245,0.0721,13.6411,1.1615,112.7657,13.447,7.4437,0,0,1,1
0.0714,12.8662,4.6629,0.1533,32.3647,2.3937,0.2518,4.1501,0.8099,100.0561,16.6745,7.332,0,0,1,1
0.1756,1.1548,8.3354,0.2732,9.7593,4.2101,0.0239,6.0984,5.6464,111.3981,14.1373,32.664,0,1,0,0
0.0714,4.5651,2.3421,0.1445,23.0119,9.1792,0.1039,5.8748,4.9402,55.6592,14.848,22.6887,1,0,0,1
0.2445,10.9985,4.1755,0.0205,30.1804,1.4379,0.1255,3.5542,1.8709,79.1367,39.2891,17.7372,0,0,1,1
0.0358,3.0503,3.1393,0.1723,11.5318,2.7683,0.1318,12.4039,4.2018,86.493,39.1341,2.045,0,0,1,1
0.0408,11.3475,5.857,0.254,10.9127,9.9439,0.0682,6.0867,7.7599,40.9622,13.3461,39.1765,0,0,0,0
0.1151,4.6387,4.664,0.1414,19.039,6.7938,0.1269,10.7457,3.4494,105.1752,7.5213,22.2078,0,0,0,1
0.2846,14.141,3.2109,0.0324,38.5732,6.4642,0.3329,14.1708,5.4875,111.8435,7.2818,25.9471,1,0,0,1
0.1078,13.8451,9.2599,0.0618,28.6174,4.1953,0.1266,4.7586,6.8675,92.2586,36.7705,2.8028,0,0,1,1
0.253,11.8192,1.5991,0.2631,19.3417,9.1765,0.0694,6.3234,3.655,45.6815,49.3234,21.9229,1,0,1,1
0.2611,4.8419,5.6161,0.0832,28.0234,7.3288,0.3046,10.0458,6.2582,93.2712,40.6587,24.7236,1,0,1,1
0.1718,7.6901,3.2548,0.2176,23.478,3.5672,0.3126,8.132,6.8137,90.789,41.2283,10.8295,0,0,1,1
0.0257,9.9676,4.3438,0.3133,10.0928,1.1908,0.2993,8.4077,3.7761,91.269,40.9186,23.2849,0,1,1,0
0.0635,8.5375,6.9435,0.1023,26.8955,5.7363,0.086,9.1944,0.6647,81.78,41.985,24.1901,0,0,1,1
0.3053,3.9241,8.383,0.2681,35.2486,1.761,0.1478,4.9711,1.5748,57.5693,19.4397,13.1369,0,0,1,1
0.0831,6.8721,6.4219,0.1731,7.8098,6.0302,0.2637,14.4109,6.5468,102.4992,22.8847,18.243,0,0,1,0
0.055,2.0685,4.487,0.2564,28.5089,2.2988,0.0706,2.3198,3.1615,49.2192,48.4725,29.4131,0,0,1,1
0.0445,3.4776,1.326,0.3352,32.142,7.5661,0.1149,11.666,3.4237,99.987,12.0345,21.557,1,0,1,1
0.1963,8.0066,3.4366,0.0309,18.2434,8.8834,0.1764,13.1339,2.4994,49.8269,4.2271,7.4652,0,0,0,1
0.3276,6.7961,5.4054,0.3008,30.5195,2.3008,0.1757,2.0846,3.4414,50.762,43.8671,27.676,1,1,1,1
0.0653,12.3851,2.4639,0.2503,9.1209,3.7236,0.2782,3.2257,2.3779,61.7829,9.6601,32.6348,0,1,1,0
0.3445,2.8612,2.4329,0.2162,19.4843,5.5452,0.24,5.9132,7.83,94.1196,8.8082,17.6288,1,0,0,1
0.1655,4.2144,2.791,0.1025,38.5087,8.9538,0.0948,3.7809,1.3495,104.1804,19.1804,7.7977,0,0,1,1
0.1887,9.683,1.6063,0.0642,28.4011,1.6555,0.2955,11.7582,3.5608,99.427,42.1997,27.0229,1,0,1,1
0.2837,14.6354,7.4303,0.2877,5.7776,3.5125,0.0365,14.708,1.8413,63.255,40.2423,2.7043,0,1,1,1
0.2256,12.7689,9.9039,0.1786,19.371,5.5608,0.0601,13.7727,4.8039,36.5015,7.0225,26.1087,0,0,0,1
0.2691,14.9444,6.6139,0.1607,31.9511,1.5192,0.3444,5.7986,3.6423,69.1658,47.9776,28.5378,1,1,1,1
0.2757,14.5088,8.5195,0.3485,35.479,3.8923,0.2415,14.3034,7.1271,93.0932,19.5443,43.3667,1,1,0,1
0.1135,8.9416,6.0905,0.0479,7.2704,7.1736,0.2037,13.5348,3.9834,100.628,34.8666,29.7756,0,0,1,0
0.1466,2.8435,5.2908,0.1705,17.8376,6.6937,0.3354,5.1916,4.141,36.8133,19.7019,13.9031,0,0,1,1
0.1144,1.9128,5.4576,0.1075,21.6779,7.4042,0.0875,10.492,3.6615,119.3088,31.8323,29.7305,0,0,1,0
0.069,4.9024,3.538,0.0823,14.9365,5.972,0.3231,10.57,3.6253,103.2134,46.352,3.7116,0,0,1,1
0.296,7.7204,2.1474,0.2301,25.4793,4.8022,0.3207,12.0746,0.8275,44.1754,26.8514,27.5129,1,1,1,1
0.0343,3.9136,8.1717,0.3091,22.3929,8.0152,0.1053,11.1309,7.2941,66.6251,3.4465,42.4928,0,0,0,0
0.29,5.6949,1.6938,0.2481,28.0011,3.0421,0.1843,9.9875,5.6533,94.5747,26.6131,4.3959,1,0,1,1
0.0817,14.3309,5.9653,0.075,31.7132,4.0946,0.3385,8.9379,4.8833,48.8702,14.9669,16.596,0,0,1,1
0.2462,3.519,9.0425,0.2047,32.3454,2.9718,0.1995,13.6567,7.2993,76.0702,15.3176,1.6036,0,0,1,1
0.2061,6.8539,4.746,0.1776,22.9176,7.764,0.229,6.2525,1.962,93.7351,31.1763,31.3963,1,0,1,0
0.2275,2.2021,0.5098,0.2848,38.4329,1.7455,0.1736,9.7748,0.7862,35.0091,24.8842,19.0176,1,0,1,1
0.2522,10.3088,1.0449,0.1983,14.2182,1.9769,0.3048,12.3465,2.1638,104.762,11.2286,25.6633,1,1,1,0
0.1341,3.4086,7.1478,0.1965,26.5972,1.9738,0.1693,10.9814,0.6046,70.3531,32.9833,18.5018,0,0,1,1
0.3364,4.7471,0.9389,0.1168,13.6568,5.5056,0.1609,3.6875,1.3344,81.4251,34.0895,23.4448,1,0,1,0
0.2307,1.8609,9.1645,0.1428,10.4277,2.8493,0.1941,2.8733,7.1215,54.3629,17.1277,5.4605,0,0,1,1
0.0823,8.1774,6.0094,0.0661,8.7924,8.9876,0.0227,11.4752,1.8135,89.2779,47.8252,7.8137,0,0,1,1
0.0368,7.028,9.5423,0.0257,32.7694,3.2646,0.3239,6.7325,5.0104,108.0296,14.2315,16.1235,0,0,1,1
0.0338,10.7634,7.2605,0.2409,6.4577,4.3186,0.3473,6.1123,7.9596,80.6313,36.6961,9.3663,0,0,1,1
0.0923,14.6081,3.2676,0.2537,15.5622,6.6293,0.3174,5.1234,0.9138,89.2264,4.5909,10.9934,0,0,1,1
0.0502,2.0596,2.7052,0.0724,30.4809,0.8485,0.2155,3.5463,0.7998,57.0046,34.0977,22.0499,0,0,1,1
0.0317,3.7242,7.3855,0.1605,31.1189,2.1616,0.0475,7.598,3.1994,69.1285,38.3692,1.2583,0,0,1,1
0.1279,6.0244,8.6929,0.237,26.3634,7.3991,0.2819,9.6832,7.4319,37.5902,32.9371,18.5055,0,0,1,1
0.0297,14.7964,1.357,0.3256,17.8722,8.2969,0.1518,8.6803,0.9414,102.3879,4.1268,26.0401,0,0,1,1
0.3258,6.509,6.6742,0.3067,7.7415,4.302,0.148,13.8233,1.2631,99.6569,34.6792,27.1157,1,1,1,0
0.3442,2.2271,4.1059,0.0722,5.2483,2.0784,0.3034,11.7134,2.2159,84.2253,33.6182,27.123,1,0,1,0
0.0775,10.1368,8.2435,0.182,35.2775,2.2861,0.1811,11.3377,3.9264,74.6605,12.593,39.141,0,1,0,1
0.1254,1.6293,6.1659,0.3237,10.1405,7.1121,0.3191,12.0728,3.7829,52.186,35.2783,8.5056,0,0,1,1
0.1479,11.2749,2.2161,0.0317,21.11,6.988,0.206,6.6651,5.3693,46.6462,29.3485,20.9286,1,0,1,1
0.2424,3.2989,6.3467,0.268,16.0211,7.9583,0.1695,7.392,6.539,115.7174,44.6212,4.1891,0,0,1,1
0.0497,2.7301,5.4606,0.3159,10.0527,6.2402,0.0757,2.5769,1.3713,110.9368,43.497,39.4409,0,0,1,0
0.1304,13.3457,9.0979,0.3273,30.1448,3.2007,0.0423,10.8402,7.5868,110.4759,11.3312,10.1821,0,0,0,1
0.2831,14.6798,7.6643,0.2528,31.4694,9.8205,0.1483,6.2416,2.0156,64.8717,17.0028,34.8553,1,0,1,1
0.23,3.2989,6.7777,0.2507,13.2245,7.6937,0.255,11.3943,5.1217,107.9414,44.9622,26.8473,1,0,1,0
0.0437,11.1901,5.1118,0.1458,11.8192,5.6323,0.0316,5.1449,6.2776,50.1674,47.6324,30.8867,0,1,0,0
0.0848,1.9038,5.275,0.1434,15.0516,8.6612,0.3094,14.6623,4.5618,82.9112,21.2521,16.297,0,0,1,1
0.3392,11.2465,6.0517,0.2538,8.9537,8.9273,0.2238,9.312,6.8357,93.1746,8.2269,33.6937,1,1,0,0
0.0989,7.2018,3.699,0.31,16.6803,9.3621,0.2531,7.0098,0.9117,104.6499,11.6189,38.8497,0,0,1,0
0.1863,12.9207,4.6418,0.1864,36.1532,2.4862,0.2768,5.2138,6.1074,114.8809,12.3333,41.4193,1,1,0,1
0.3058,11.8279,6.917,0.0218,13.445,0.5425,0.1536,7.2438,1.1648,84.6033,30.4153,26.4391,0,0,1,0
0.0689,2.1373,0.4995,0.1694,25.6309,4.1939,0.3295,12.0915,3.5562,45.506,4.4216,27.0847,1,0,0,1
0.1264,14.7799,6.2448,0.2663,22.7283,5.2983,0.0661,7.2357,4.9824,101.9251,10.0621,21.0453,0,0,0,1
0.1641,9.2499,8.238,0.2061,31.0068,3.0565,0.1191,11.9486,3.6969,88.5654,34.0718,2.1674,0,0,1,1
0.2195,3.2212,7.7111,0.2039,8.7472,9.3015,0.2274,3.9581,2.2201,63.1476,6.9704,35.8703,0,0,1,0
0.1233,14.1883,2.5703,0.0409,20.5095,7.555,0.0679,13.9837,6.6995,67.9414,30.1305,15.2527,1,0,0,1
0.3096,2.6885,5.873,0.245,31.12,3.6113,0.2258,8.8643,5.3918,54.8759,33.4971,16.8362,1,0,1,1
0.2595,14.9021,9.9841,0.1556,15.6864,7.1614,0.08,11.053,6.2161,113.995,15.1843,22.9343,0,0,1,1
0.233,7.8328,0.3607,0.1588,26.5009,6.0564,0.3252,12.6328,2.1534,62.9798,23.1187,2.3825,1,0,1,1
0.3041,13.6745,1.2794,0.0661,27.8094,0.7255,0.2331,13.2183,4.3179,83.9466,11.9644,11.3124,1,1,0,1
0.0977,1.7882,2.4877,0.1014,23.8966,3.4725,0.0643,9.6077,7.3907,75.3984,35.5331,38.4576,1,1,0,0
0.1863,13.2122,4.251,0.2287,10.9512,6.5947,0.1629,10.0128,6.2568,48.2201,10.6218,8.7508,0,0,0,1
0.1752,11.0158,6.3579,0.3149,15.79,9.6357,0.0758,5.9039,5.7815,92.8627,31.4282,29.2199,1,1,0,0
0.1377,14.6289,2.9598,0.2082,37.3608,7.215,0.0917,10.7576,1.9859,60.3052,4.9313,2.8994,0,0,0,1
0.1423,10.6451,2.4949,0.2893,18.7985,6.9834,0.2738,8.2911,6.767,65.5814,14.2095,33.4603,1,1,0,0
0.1433,4.9747,7.6723,0.1609,9.5017,7.171,0.2566,11.4963,4.8745,112.8904,11.6968,40.1374,0,0,1,0
0.1306,10.2037,1.6539,0.0669,16.3018,6.2138,0.2625,14.0849,5.4193,91.1221,36.8332,44.4294,1,0,1,0
0.1677,7.7523,9.1853,0.066,14.0077,1.6692,0.1418,11.8585,0.7358,50.4053,24.295,21.3503,0,0,1,1
0.19,7.3052,1.5423,0.0823,9.2531,6.0655,0.1284,14.2201,1.4959,92.6922,31.0449,24.2636,1,0,1,0
0.286,4.2815,6.9656,0.2412,37.5145,7.9312,0.0755,10.6888,5.4502,39.2234,46.1145,37.6446,1,1,0,1
0.2356,5.9354,1.4281,0.3382,15.1649,8.3993,0.3337,6.2935,3.5399,89.9748,4.9434,11.2488,1,0,0,1
0.3001,1.7602,7.0821,0.334,20.4464,3.3985,0.2946,7.3213,1.1243,73.9177,4.2051,32.9166,1,1,1,0
0.0227,1.1159,5.3518,0.3194,37.9427,6.959,0.313,4.5469,2.9177,76.6737,35.6697,26.4939,0,0,1,1
0.2801,14.5733,9.5605,0.3378,31.2727,8.9138,0.3373,10.8052,6.0688,71.2757,49.3614,2.7493,0,0,1,1
0.0605,7.7115,2.1309,0.0287,15.0505,3.0766,0.3186,11.9096,2.346,114.2904,10.3482,2.4826,0,0,1,1
0.1537,10.747,3.7818,0.1367,11.5689,2.8292,0.3428,5.0711,3.8057,48.8224,49.7987,30.2979,0,0,1,0
0.0711,3.8436,1.1399,0.1508,5.941,8.2359,0.2,11.8222,3.0975,59.3036,44.6853,6.6999,1,0,1,1
0.2557,6.6417,1.248,0.0768,6.9512,6.1146,0.0841,14.013,1.3456,69.6022,11.3211,13.3026,1,0,1,1
0.1898,9.0504,1.3461,0.1123,6.155,4.7034,0.2047,3.1058,1.0808,106.7439,19.4139,30.345,1,0,1,0
0.2074,9.2155,2.2148,0.2732,34.5829,2.1746,0.2637,4.9639,1.6512,102.494,26.5317,20.1557,1,0,1,1
0.0786,2.8707,4.9991,0.1878,38.2228,8.1535,0.2637,4.1222,6.4857,94.842,24.9497,8.4613,0,0,1,1
0.1822,5.3381,2.457,0.1766,11.2022,7.3895,0.0604,7.4363,3.6601,83.2925,45.9211,40.6656,1,0,1,0
0.0396,14.1183,9.8576,0.2107,14.6992,0.9911,0.2318,6.4668,6.0822,97.7568,31.8948,41.6681,0,1,1,0
0.2451,14.3611,6.4475,0.1933,33.8852,3.8357,0.1505,12.4773,7.0876,73.1014,2.4436,17.1984,0,0,0,1
0.3071,2.2581,1.1098,0.2745,12.3862,8.4556,0.1696,2.1002,5.709,54.6895,41.0351,39.5187,1,0,1,0
0.3394,7.4299,5.0138,0.0907,9.5913,1.8396,0.1575,7.0586,6.0056,83.2424,20.2508,26.3989,1,1,0,0
0.0656,5.5315,7.1221,0.1184,20.856,2.0757,0.1364,14.3863,6.5975,40.4234,17.1848,4.6491,0,0,0,1
0.2092,1.911,3.4087,0.0202,22.6977,2.2494,0.2534,3.6202,2.1992,69.7366,35.0813,16.2655,1,0,1,1
0.1672,13.2579,2.0547,0.1615,24.0637,0.7565,0.2655,3.2724,2.2138,49.4437,36.8132,33.8921,1,1,1,1
0.0442,4.455,7.2728,0.2261,32.7939,2.7297,0.2377,4.0208,2.3279,79.7677,26.014,4.1755,0,0,1,1
0.0657,2.6161,8.793,0.113,38.1697,7.5152,0.2294,14.8027,7.92,61.0391,28.5836,40.1197,0,0,1,1
0.0391,10.4859,1.8577,0.0498,14.4316,0.8667,0.1679,14.0898,5.0382,96.492,47.1328,14.8191,0,1,1,1
0.3499,12.8374,9.5828,0.2327,13.2541,1.3414,0.3122,2.688,4.7908,79.0358,49.1477,11.2211,0,0,1,1
0.1401,5.0284,3.5969,0.3264,19.2833,4.1633,0.1091,6.6541,4.8933,57.2242,43.6777,30.7834,1,1,0,0
0.1682,13.7561,6.6728,0.273,16.6624,5.3856,0.192,12.157,5.7736,58.4746,41.4933,18.4775,0,1,1,1
0.1088,6.576,6.8215,0.097,27.7104,6.7925,0.2166,10.3146,6.6212,51.3877,30.9202,4.4604,0,0,1,1
0.2789,1.7189,5.0935,0.1255,14.7209,4.3407,0.2845,4.2684,4.2887,60.1238,6.6657,39.8666,1,0,0,0
0.2324,1.4645,0.8496,0.2178,38.8629,6.6973,0.1626,11.5087,5.8575,106.676,29.7439,36.2812,1,0,1,1
0.1116,10.5726,0.5199,0.347,22.1235,9.3042,0.1421,2.8495,3.1355,106.9727,27.7131,17.3587,1,0,1,1
0.061,1.3913,8.5572,0.3422,29.4607,7.676,0.0558,2.9184,3.3866,48.0491,39.1221,25.6242,0,0,1,1
0.2503,9.6703,3.0719,0.2874,16.9186,8.0672,0.1379,6.7134,1.1616,52.5696,9.9327,15.0754,1,0,1,1
0.155,4.4872,4.8033,0.0792,17.7499,4.5729,0.1211,8.9599,7.8882,113.6039,28.276,8.5576,1,0,0,1
0.1943,2.115,9.052,0.0987,33.1513,5.5955,0.2713,3.4906,3.9105,99.9964,8.8295,4.7253,0,0,1,1
0.3127,8.9422,8.1308,0.0319,33.9927,9.9027,0.0225,7.2742,0.6296,57.4372,36.9753,32.4936,1,0,1,1
0.1877,14.9881,2.2279,0.0963,39.6099,4.2492,0.0899,11.473,6.1326,118.9361,24.801,28.1004,1,0,0,1
0.3333,6.6503,6.039,0.1562,33.8124,5.2843,0.1534,9.8287,6.6293,58.2534,48.4308,37.1285,1,0,1,1
0.2235,9.4321,1.0884,0.1161,24.7249,3.936,0.3195,12.1477,5.4242,75.8499,23.6034,6.3047,1,0,1,1
0.1356,5.7656,7.1238,0.2304,25.6072,2.347,0.0556,11.9793,7.8969,97.4038,44.167,3.7686,0,0,1,1
0.3188,3.4704,5.1842,0.3193,38.5449,9.7724,0.1577,8.5079,7.4548,107.9741,40.043,2.8942,0,0,1,1
0.2837,6.0514,2.5508,0.0336,38.2881,6.1631,0.2678,11.8625,5.5907,111.8871,22.5821,12.092,1,0,1,1
0.2569,10.3304,3.2834,0.2068,6.7385,3.2711,0.0429,3.0724,4.2137,117.9241,2.616,9.1689,0,0,0,1
0.2936,12.9372,5.278,0.1252,24.6786,8.9178,0.0884,14.6077,3.434,88.3992,32.4044,34.0548,1,0,1,1
0.0495,2.6128,2.2275,0.2127,32.0403,2.0385,0.1115,6.8995,6.3199,110.3219,15.704,4.5528,0,0,0,1
0.2872,3.0358,5.9516,0.2014,6.5798,6.1431,0.3134,14.3163,7.1895,65.5665,25.8183,40.7845,1,1,1,0
0.0435,10.3362,7.6925,0.0439,26.8208,7.4693,0.291,3.7682,7.556,39.3129,5.7303,18.3068,0,0,0,1
0.2047,14.393,4.9644,0.0342,38.5964,1.3622,0.2904,12.8221,0.72,34.4527,38.3277,21.6402,0,0,1,1
0.0491,5.6983,1.1359,0.2028,5.6387,2.9236,0.3124,10.2228,3.4159,47.543,34.6874,33.4369,1,1,1,0
0.0487,14.2184,1.6216,0.1955,14.7848,1.4979,0.0551,8.6131,0.9433,101.7718,5.5323,27.999,1,1,0,1
0.0582,4.2746,8.2489,0.112,28.1402,8.9368,0.0884,13.1647,2.4139,64.114,27.2249,20.3198,0,0,1,1
0.1713,11.5885,7.0495,0.1201,24.0293,2.475,0.1911,13.9853,6.7808,105.0191,30.3146,12.5167,0,0,1,1
0.1932,7.3517,5.6712,0.1298,8.4471,1.1564,0.2982,5.8377,1.8988,93.5884,41.1747,29.67,0,1,1,0
0.2059,12.0852,7.4893,0.05,29.0249,3.2555,0.3312,6.2241,1.6429,47.3364,10.4498,12.2658,0,0,1,1
0.3041,14.1576,9.1522,0.3045,17.0824,8.0724,0.0726,12.9694,5.7163,103.7185,13.472,26.2851,1,1,0,1
0.0335,11.6677,2.7926,0.1664,34.2127,9.6237,0.0803,14.4068,3.6128,59.3188,34.3755,43.4028,0,0,1,1
0.0765,13.9685,5.0237,0.0738,17.0303,3.0738,0.2045,11.0439,1.6731,40.7849,46.5896,35.5486,0,0,1,0
0.2635,7.2393,1.4737,0.0501,31.1947,7.9525,0.152,11.2032,3.149,40.3143,26.7607,12.5785,1,0,1,1
0.1919,3.4881,6.2238,0.1274,35.6777,8.0841,0.067,4.9795,3.5366,92.1432,9.1724,36.9522,1,0,0,1
0.1082,12.1663,8.9149,0.1327,17.3637,0.4933,0.1753,7.6771,0.9502,114.0179,14.8403,4.4762,0,0,1,1
0.1243,14.5383,1.0915,0.1947,21.6229,7.2932,0.0481,10.1226,7.977,85.0397,25.4817,2.9557,1,0,0,1
0.1907,14.5882,4.6276,0.211,38.9221,7.261,0.0424,4.9806,6.7255,67.001,21.0862,9.2958,0,0,1,1
0.225,8.8322,3.4648,0.2389,9.2408,1.4712,0.2673,2.1892,2.5795,33.6257,7.4912,1.0957,0,0,1,1
0.1535,11.2769,1.0646,0.2068,34.4871,4.6091,0.2111,10.2169,6.4935,91.7232,47.9908,18.2816,1,0,1,1
0.1747,2.6207,1.2379,0.2716,11.6566,8.9467,0.2936,13.7386,3.2738,114.59,12.4308,40.1286,1,0,1,0
0.3478,7.9332,0.3085,0.1117,6.6319,7.597,0.1527,10.7413,4.0838,72.835,6.0978,9.9147,1,0,0,1
0.2111,4.0779,6.2149,0.2187,30.7498,7.2671,0.1678,5.7993,7.3029,31.9553,20.5038,40.2922,1,1,0,0
0.0832,14.5452,4.9509,0.1175,5.0698,9.2203,0.0712,4.6279,3.7751,91.4355,18.0843,5.1077,0,0,1,1
0.1499,14.157,6.4857,0.3081,36.4089,7.6387,0.0304,10.4343,7.724,70.6612,49.8415,18.3444,0,0,1,1
0.0322,6.4078,1.0532,0.3352,26.1334,2.0134,0.1659,3.0177,7.9324,80.4324,30.8036,14.8409,0,0,1,1
0.1816,13.3759,8.1348,0.2071,16.7152,3.2298,0.2949,14.4445,1.9151,94.41,29.362,5.6842,0,0,1,1
0.3192,10.8997,0.9436,0.2421,22.7605,5.491,0.0529,13.1478,2.4017,43.7904,5.1607,40.9066,1,1,0,0
0.0562,7.0679,2.7624,0.0257,20.3013,4.745,0.0827,8.94,6.7283,62.2497,15.1897,42.4424,0,0,0,0
0.3025,12.3978,4.1676,0.2082,14.1726,5.6653,0.2046,6.6862,6.9066,57.5622,16.8989,16.1792,1,1,0,1
0.3164,3.0363,1.5548,0.2985,23.7587,7.6523,0.1029,8.3812,2.359,112.6662,6.9038,19.7991,1,0,1,1
0.0913,12.0962,4.5851,0.2259,32.5163,4.9027,0.0332,10.6053,0.9617,108.2809,21.0075,38.5966,0,0,1,1
0.1637,14.8517,7.6725,0.0316,35.6828,4.3542,0.1199,2.4384,1.7413,84.8344,42.3495,38.4438,0,0,1,1
0.1027,1.7669,7.8236,0.1231,19.9019,8.3391,0.1253,10.466,1.0559,64.227,43.0298,29.4307,0,0,1,0
0.3001,3.3321,4.2068,0.176,7.7719,7.9363,0.2579,12.4728,6.9451,109.5036,47.5562,37.2321,1,0,1,0
0.131,12.5441,7.3291,0.2574,7.6934,6.3248,0.2674,3.6712,1.1767,85.5301,43.6763,41.1278,0,0,1,0
0.161,5.644,1.5404,0.1451,5.5131,6.212,0.3105,14.1861,3.2636,95.4759,33.1581,33.7682,1,0,1,0
0.345,3.5638,1.5799,0.099,10.1546,8.8804,0.34,7.3916,4.4904,102.7296,18.7309,21.1577,1,0,1,0
0.0372,14.637,5.1457,0.1092,11.8547,9.4896,0.1044,11.2004,2.6033,93.0164,48.2799,4.846,0,0,1,1
0.0472,5.715,7.0745,0.2362,31.952,6.0421,0.1248,10.0236,6.7444,102.9084,47.2827,5.7787,0,0,1,1
0.1047,9.3378,1.2319,0.2106,34.7768,5.627,0.0965,8.7743,5.6462,105.6642,7.2546,36.3167,1,0,0,1
0.1547,5.3132,1.6961,0.2311,31.2048,1.9181,0.3219,5.6299,4.958,46.8526,48.8471,43.3924,1,1,1,0
0.2285,11.7163,5.9138,0.3005,35.6308,7.933,0.2347,9.7296,0.8161,93.1443,34.5633,14.4641,0,0,1,1
0.0668,8.7014,4.9163,0.1183,26.4236,1.4488,0.2115,11.5178,3.3604,61.9528,13.8399,5.1775,0,0,1,1
0.1199,14.0524,4.9813,0.2734,38.9771,3.4141,0.107,13.3107,1.9883,76.7796,3.6165,27.2191,0,0,0,1
0.3064,14.2377,4.2109,0.248,32.2917,4.4185,0.1983,7.0632,0.7035,44.1283,19.3405,21.3075,1,0,1,1
0.2068,13.8897,8.9155,0.1002,27.3312,6.6175,0.1655,11.2309,7.1176,79.7151,27.5594,34.0242,0,0,1,1
0.2054,14.3506,0.4589,0.2778,13.6231,5.4723,0.3365,9.3201,6.8996,105.088,11.3573,12.2786,1,1,0,1
0.2651,4.1592,8.6893,0.18,5.3048,8.5434,0.1541,9.1489,2.365,31.3225,4.9161,39.1787,0,0,1,0
0.1716,5.7846,2.3678,0.2242,10.9348,1.6768,0.1001,12.6414,4.1399,32.9832,41.6781,4.1462,1,1,1,1
0.0227,10.4413,7.4933,0.2428,22.4919,0.5692,0.2777,13.6825,3.1478,86.9273,9.9096,6.0068,0,0,1,1
0.2006,7.5474,7.3189,0.1374,23.1586,3.4805,0.1069,2.4137,6.5538,102.1253,35.3818,17.5204,0,0,1,1
0.2758,2.6951,5.5665,0.1876,27.4025,5.2647,0.1551,14.3541,6.0038,34.5647,30.7937,6.4181,1,0,1,1
0.3373,11.6699,8.1694,0.1612,11.9876,8.3915,0.0205,10.8769,3.728,89.4994,19.3643,7.262,0,0,1,1
0.0995,9.2025,5.7653,0.2784,39.0359,3.6104,0.0999,5.68,0.9253,34.3347,40.313,29.9097,0,0,1,1
0.3211,5.2719,8.8401,0.0855,29.6051,1.0264,0.0443,6.2475,3.3522,87.4624,14.9386,30.0474,1,1,0,1
0.0449,11.8166,5.5695,0.1366,27.0634,8.4979,0.2596,13.1242,6.9713,59.6913,47.0526,27.5081,0,0,1,1
0.058,9.0321,6.0397,0.0305,18.0728,3.7159,0.1864,9.0563,1.1483,39.8585,31.0822,37.9881,0,0,1,0
0.1947,10.816,6.179,0.2541,17.9272,4.605,0.1769,7.5361,4.6641,93.2991,38.1089,29.2154,1,1,1,0
0.3302,5.4822,1.9396,0.302,13.2731,3.5408,0.2127,6.5129,1.5306,47.4296,12.447,16.274,1,1,1,1
0.2299,11.0373,8.127,0.3112,29.4685,3.0147,0.3181,12.6998,5.6273,107.6567,10.0061,35.757,1,1,0,1
0.255,13.7423,7.1021,0.0274,8.8716,4.6144,0.257,4.127,7.8226,30.019,30.5906,37.1644,0,0,1,0
0.1729,5.9178,5.1954,0.1124,8.7993,1.9024,0.0436,2.9498,5.0343,99.1203,28.3964,29.9117,1,1,0,0
0.192,8.6643,9.8737,0.1792,19.7341,4.7983,0.3325,13.3991,5.452,59.9425,46.2334,42.0921,0,1,1,0
0.2463,8.7805,3.6071,0.285,14.0595,0.4818,0.3069,10.6324,3.9102,65.1799,10.8027,36.1146,1,1,0,0
0.0701,2.339,3.4626,0.0663,20.0667,6.8922,0.0647,14.7158,7.607,60.3812,44.6039,3.0938,0,0,1,1
0.246,8.0655,2.3666,0.1764,31.3784,4.2833,0.318,9.181,5.432,87.5391,10.6674,6.6876,1,0,0,1
0.2111,7.8441,1.4669,0.3492,37.7188,7.1083,0.2714,9.0858,3.8323,72.5286,29.9603,29.3265,1,0,1,1
0.1182,1.091,7.2075,0.0673,5.9239,0.6402,0.2903,6.4365,5.2043,55.8341,21.1512,30.6018,0,1,1,0
0.1992,4.2006,8.9629,0.0302,16.8939,5.0052,0.1281,4.0579,0.923,38.7978,35.6292,42.4111,0,0,1,0
0.2675,6.0717,9.1083,0.322,16.418,3.0337,0.2887,4.8848,4.4401,57.2484,7.9191,29.2822,1,1,0,0
0.2744,6.0838,1.4685,0.2418,22.0601,0.7276,0.2103,4.3351,1.2681,43.531,34.8242,22.7313,1,1,1,1
0.2614,13.987,9.517,0.1809,20.3879,3.9118,0.3126,8.285,4.2921,58.1593,26.5004,34.8146,1,1,1,0
0.2938,9.0803,9.0122,0.1509,30.4144,1.6393,0.1071,10.3684,4.2067,35.8487,36.8908,36.8802,1,1,0,1
0.3304,6.704,7.3571,0.3228,18.7366,1.7622,0.0596,10.6372,1.3722,51.1372,14.1895,4.3872,0,0,1,1
0.3067,10.2725,5.5027,0.2618,12.5179,8.4053,0.3261,3.9381,3.54,76.3701,6.8105,23.5287,1,1,0,0
0.2786,7.0611,3.2843,0.2121,27.4672,8.2613,0.1646,5.4703,7.5408,118.2116,36.245,7.0285,1,0,1,1
0.0913,8.5324,1.112,0.3419,20.705,7.6246,0.0675,10.9764,4.7159,114.9257,28.2295,17.4629,1,0,1,1
0.1555,10.3661,1.1126,0.3144,30.1499,4.8085,0.3021,10.6932,1.0158,33.0106,19.0171,7.1756,1,0,1,1
0.2703,4.7959,5.3272,0.1947,21.7986,1.5697,0.1692,13.1832,2.4778,118.0957,34.4321,7.951,1,1,1,1
0.0613,3.6344,9.0956,0.1631,7.045,9.859,0.2293,13.83,3.172,50.8718,28.4511,30.2681,0,0,1,0
0.1366,8.063,8.4657,0.0625,31.4193,5.3379,0.1838,10.4471,4.3788,75.0119,33.0734,42.598,0,0,1,0
0.2987,5.4608,9.1736,0.3075,36.2454,7.7149,0.3348,11.4612,1.5675,75.1345,43.0483,27.5727,1,0,1,1
0.1054,2.5223,6.198,0.1327,14.5607,6.2019,0.0886,3.8789,6.9293,67.036,26.1609,37.582,0,0,1,0
0.2326,11.7899,6.297,0.2731,8.0945,9.8575,0.2861,3.4739,3.2017,111.3134,20.0875,17.0773,0,0,1,1
0.0399,7.3391,6.5988,0.0216,6.9242,6.0819,0.0224,13.6592,7.1045,68.6118,2.425,9.0205,0,0,0,1
0.225,9.0552,6.9334,0.3029,25.0329,7.6107,0.2468,11.2155,2.7102,71.4922,16.8075,18.709,0,0,1,1
0.2103,9.0292,3.9195,0.245,19.9427,2.7355,0.284,13.722,0.5205,73.0922,3.4323,31.1637,1,1,1,0
0.1384,11.4132,2.6482,0.3073,10.6905,2.3209,0.0975,10.6479,6.6952,55.1519,49.0454,19.3444,1,1,0,1
0.0972,13.6381,1.3367,0.0555,14.2183,7.3122,0.3203,10.4958,5.432,110.7401,13.5839,30.7943,1,0,0,0
0.231,1.0475,1.1665,0.1901,36.8375,6.0498,0.1004,11.0751,7.4572,69.8745,38.935,9.6608,1,0,1,1
0.034,10.2271,2.0008,0.3441,9.3392,9.9629,0.0628,7.4954,1.4755,62.1982,15.0643,31.0243,0,0,1,0
0.1043,11.2516,5.5874,0.1156,11.4594,0.4315,0.2183,12.4885,3.6257,40.6377,30.4436,8.6427,0,1,1,1
0.2322,2.409,8.9419,0.1425,14.6408,6.597,0.1433,13.6731,4.2423,112.275,40.1962,28.491,0,0,1,0
0.2397,8.0367,8.7773,0.2245,7.5444,7.4695,0.0825,12.9667,4.8847,93.1617,34.76,18.4613,0,0,1,0
0.1961,10.9781,6.0094,0.2727,34.0992,1.3889,0.2259,2.1279,2.4512,82.3523,11.9564,1.5244,0,0,1,1
0.2434,4.179,5.4166,0.1279,25.9627,7.9396,0.0495,9.6163,1.1414,88.8856,28.7821,26.3599,1,0,1,1
0.2763,3.54,9.4989,0.301,26.054,0.674,0.3107,9.7703,3.3389,109.2076,49.7773,29.2346,1,1,1,1
0.0786,14.9063,5.8617,0.1973,20.8298,1.8029,0.0242,2.667,3.439,110.1905,39.0612,40.1874,0,1,1,0
0.2423,9.2282,2.831,0.2105,20.8219,6.7774,0.2481,6.6191,1.3168,48.7787,39.5069,19.7138,1,0,1,1
0.3466,10.5376,1.4605,0.2489,14.2886,3.063,0.27,9.0797,5.6884,49.191,32.09,22.8408,1,1,1,1
0.2715,5.121,6.2451,0.2564,30.0952,2.1815,0.1758,5.5907,5.9561,62.917,7.1183,37.2863,1,1,0,0
0.1915,6.435,2.7781,0.0333,28.102,8.621,0.0648,4.5827,3.8794,46.6012,19.2341,28.2371,1,0,0,1
0.0741,6.3815,1.311,0.338,37.8474,6.9014,0.1178,8.7966,6.2521,84.6282,35.3527,18.2784,1,0,1,1
0.039,11.6436,9.2217,0.3447,20.9579,7.9728,0.0406,6.2526,4.8439,65.985,42.0157,39.8348,0,1,0,0
0.1975,4.5622,2.8866,0.0991,37.7739,4.1162,0.2733,6.6062,5.4954,116.5179,27.8172,33.8331,1,0,1,1
0.1226,5.0843,6.1995,0.1373,23.5212,7.3166,0.2758,12.4926,4.5959,50.925,37.487,9.1987,0,0,1,1
0.0215,8.8569,2.4916,0.0316,37.5057,1.5019,0.2708,4.6482,4.2411,104.6687,16.841,9.6095,0,0,1,1
0.108,5.3265,5.278,0.255,13.7703,7.3059,0.1505,9.2901,1.0726,65.0227,3.0024,29.8874,0,0,1,0
0.1177,12.6947,9.4845,0.0846,31.8524,1.9875,0.2352,13.2262,6.2292,79.9154,23.1388,13.9009,0,0,1,1
0.229,10.6753,0.5771,0.3063,16.7524,4.2924,0.125,3.2366,2.6305,104.251,48.757,27.2698,1,1,1,1
0.2639,10.2646,1.1034,0.1431,39.7931,2.4059,0.0326,3.0524,2.2469,42.4484,39.852,7.448,0,0,1,1
0.0937,5.9888,5.6145,0.1862,34.3413,7.6609,0.3194,12.506,7.9655,82.6162,6.0688,29.6926,0,0,0,1
0.2541,4.2725,0.4883,0.1335,19.7164,8.0414,0.0617,2.9579,2.4149,110.2446,49.0256,8.2438,1,0,1,1
0.3284,6.3775,0.5812,0.1551,26.5482,6.5476,0.158,9.3799,2.0034,105.6882,24.1919,7.5508,1,0,1,1
0.1613,5.0182,8.2364,0.0704,37.143,4.5862,0.3075,10.9249,3.3823,119.8386,25.9564,19.7796,0,0,1,1
0.273,14.1664,6.9773,0.1504,22.0145,5.6429,0.2466,10.7949,3.9687,88.6669,24.9041,20.0441,0,0,1,1
0.3209,7.0272,0.5053,0.3429,38.2607,4.5349,0.1516,10.7519,6.658,47.4453,34.0386,10.6763,1,0,1,1
0.2941,3.7367,4.7393,0.0868,6.4346,2.8952,0.271,5.6875,1.9429,67.04,22.6482,44.9802,0,0,1,0
0.1551,13.7271,9.5266,0.3248,32.6467,4.7556,0.2081,7.0115,1.7929,56.8213,27.7998,12.7563,0,0,1,1
0.1661,14.6353,5.1437,0.0335,11.7738,5.5944,0.1003,8.9255,3.0419,46.6311,4.4366,32.1971,0,0,0,0
0.0427,4.5633,7.6276,0.1228,12.3971,3.2068,0.2235,4.8602,1.7518,117.4561,10.1167,29.7186,0,0,1,0
0.0763,8.1729,2.7073,0.1363,37.6014,9.7882,0.1298,10.9439,4.9124,62.8951,19.1167,34.6385,1,0,0,1
0.0693,9.8118,1.5032,0.1546,9.2142,8.5965,0.1879,3.6082,4.1617,71.311,40.338,7.0732,0,0,1,1
0.048,2.2887,5.8575,0.1132,27.2658,9.1409,0.2269,6.0928,2.0549,76.3961,29.4012,14.2602,0,0,1,1
0.0561,3.8702,6.1905,0.2422,12.2264,0.6557,0.2043,6.959,7.2917,50.2913,44.4575,11.2047,0,1,1,1
0.1132,13.352,4.795,0.1195,35.2286,1.7169,0.0934,12.0647,5.0883,83.0117,38.7513,36.1685,1,1,0,1
0.3177,2.686,7.0056,0.1701,34.2627,8.7013,0.1497,8.2123,3.5712,42.047,30.0167,2.4127,0,0,1,1
0.2607,13.7828,2.2669,0.1012,18.25,4.8406,0.195,13.5196,6.3785,91.7754,12.1931,6.1055,1,0,0,1
0.1376,6.5565,2.2947,0.2608,36.0007,7.9873,0.1111,9.2629,1.7799,43.5859,29.632,17.201,1,0,1,1
0.0942,9.2875,3.6169,0.0767,10.0744,6.3429,0.206,12.677,1.3936,47.0314,41.1098,16.4484,0,0,1,1
0.3355,5.5982,2.2843,0.072,23.9945,0.6651,0.2335,2.9383,7.544,37.9853,49.5142,40.6436,1,1,1,0
0.2137,4.2459,6.6711,0.2935,20.0861,4.0465,0.2711,10.563,6.9351,88.8295,39.7237,9.2712,0,0,1,1
0.2742,14.8771,8.6632,0.3487,39.9936,4.3508,0.0374,9.457,1.4311,45.5242,20.7822,17.0472,0,0,1,1
0.114,14.9096,0.3229,0.0963,30.5648,4.5954,0.2378,9.5818,4.5601,54.8875,32.1001,5.058,1,0,1,1
0.1622,5.9039,8.4501,0.2631,9.1162,8.0883,0.1314,10.7946,3.6028,99.9892,16.8125,2.6426,0,0,1,1
0.2514,2.2837,2.0226,0.0914,36.712,6.3907,0.141,13.8961,7.3494,83.6482,40.6462,37.6592,1,0,1,1
0.1636,7.371,9.3482,0.1217,23.021,3.8144,0.1487,11.6631,0.5812,84.2124,17.4054,32.4229,0,0,1,0
0.1536,1.5287,7.1406,0.2846,17.8133,7.9178,0.0763,3.9616,3.6729,113.7708,4.045,37.4625,0,0,0,0
0.2161,3.5292,6.8499,0.1594,14.5874,0.6179,0.087,7.3732,6.0873,99.9071,38.6099,39.9973,1,1,0,0
0.0249,5.7928,5.2467,0.3354,25.6341,3.3515,0.2091,7.9816,2.3246,43.1148,31.4335,33.9078,0,1,1,0
0.2976,5.5315,7.3089,0.3041,12.9567,7.2627,0.3316,14.7568,7.4421,37.9996,28.0706,27.513,1,1,1,0
0.1085,6.5644,2.5218,0.0252,32.8895,7.0117,0.0912,14.0009,7.3587,112.2045,5.1256,10.4849,0,0,0,1
0.1563,3.7469,9.1776,0.1418,31.2467,5.2806,0.2063,12.5181,6.0003,55.3744,39.2941,14.9793,0,0,1,1
0.2831,1.437,4.3432,0.1539,17.2475,0.8716,0.0201,7.4234,2.758,57.0555,6.8105,5.3928,1,1,0,1
0.2651,11.5557,5.8309,0.1549,5.7689,3.8088,0.2748,5.2698,4.819,111.6497,41.6235,36.2308,0,0,1,0
0.075,7.1543,7.5646,0.0607,22.5005,8.6984,0.1757,5.868,4.4793,71.2285,7.5807,35.1515,0,0,0,0
0.2483,10.1005,7.5546,0.0359,31.892,0.7357,0.2368,3.3906,3.0792,94.7464,46.4081,10.4798,0,0,1,1
0.106,3.9584,7.7667,0.1163,24.3485,2.9934,0.1552,9.7361,4.1284,35.1798,13.7763,4.969,0,0,1,1
0.1605,4.6097,5.0538,0.0742,26.1942,8.1891,0.2782,4.0402,2.6103,117.0481,2.6784,17.3042,0,0,0,1
0.0744,3.7341,1.7949,0.2865,9.5026,9.0618,0.28,4.6213,2.5113,52.6515,16.2617,25.1249,0,0,1,0
0.2675,4.3105,9.8598,0.1062,15.1113,1.3288,0.2015,9.3746,6.6357,75.1628,2.8249,23.575,0,1,0,0
0.2676,13.1491,1.6084,0.0583,11.0292,6.4293,0.3265,5.2289,1.1217,31.7975,32.3107,10.5305,0,0,1,1
0.2373,8.9275,6.7582,0.2747,19.5973,1.5384,0.0665,11.3772,7.6975,52.5831,29.5456,34.6948,1,1,0,0
0.0799,7.5103,2.0286,0.0271,17.0414,5.1922,0.2798,8.522,5.3172,93.8842,5.4584,1.2496,0,0,0,1
0.244,4.4699,8.0392,0.0997,35.9785,1.4671,0.3007,12.9968,5.9321,43.9217,23.5975,10.6561,0,0,1,1
0.1611,9.1605,5.7994,0.0247,34.0473,6.5631,0.2167,13.2403,3.8581,65.2084,30.2186,8.3865,0,0,1,1
0.0305,12.8524,2.2492,0.0922,15.7758,6.8697,0.3386,5.1625,3.4188,64.2376,3.1177,43.2519,0,0,0,0
0.2782,7.7309,6.8525,0.0415,12.5221,9.6875,0.1445,14.3874,6.2085,60.2236,21.109,38.4856,1,0,0,0
0.2681,13.8933,5.5264,0.2145,38.6755,0.5278,0.1245,10.9656,2.2701,117.9252,16.0544,15.3804,0,0,1,1
0.3192,14.8034,7.2901,0.1031,27.5766,1.9951,0.2621,11.0419,5.3864,49.8772,23.2081,27.8022,1,1,1,1
0.2228,14.1423,4.7676,0.1282,15.2632,7.4749,0.0458,7.1146,4.9174,96.0208,30.2319,7.9976,0,0,1,1
0.1599,4.3875,4.765,0.196,35.2973,8.9459,0.0288,4.1677,2.1712,30.3996,8.8201,7.9538,0,0,1,1
0.3224,10.9971,9.3989,0.0933,24.7431,1.0877,0.0452,12.9656,4.114,41.2406,47.9588,11.061,0,0,1,1
0.0857,12.8109,1.6119,0.2554,11.982,0.872,0.0416,9.844,3.0441,53.4126,48.6308,38.327,1,1,0,0
0.1794,8.1958,3.3518,0.2099,8.2746,4.5057,0.1649,5.74,5.7024,115.8247,11.3582,2.2907,0,0,0,1
0.2407,4.4851,9.3889,0.2268,35.1681,4.1656,0.1796,14.9244,4.6545,104.5368,20.2865,26.8486,1,1,0,1
0.1182,9.3771,7.9074,0.2357,39.3476,2.2177,0.2168,5.2783,2.4528,113.3938,17.278,12.7079,0,0,1,1
0.2448,1.2092,4.0937,0.2384,25.0158,2.8515,0.3368,12.2747,1.8187,79.5918,4.6791,42.2686,1,1,0,0
0.1037,6.367,0.4391,0.1633,27.0188,8.8911,0.0915,6.3452,2.2233,45.0201,45.0839,34.7854,1,0,1,0
0.3075,7.5427,4.435,0.2405,38.9405,2.5901,0.2164,14.4895,6.6484,40.8862,48.5786,31.0612,1,1,1,1
0.0849,6.7598,4.6148,0.3087,6.728,5.5995,0.2228,8.7756,0.5421,66.1064,39.2133,28.273,0,0,1,0
0.1427,3.2811,8.6487,0.0261,27.5771,3.937,0.2721,8.6323,6.7335,104.4593,35.3026,6.1814,0,0,1,1
0.2704,7.6975,1.027,0.0229,14.3789,3.377,0.271,7.1876,1.1815,56.4897,6.7161,44.8268,1,0,1,0
0.241,9.1791,9.0735,0.2272,5.2435,6.0199,0.2636,3.692,7.149,104.4584,23.0453,27.3667,0,0,1,0
0.2897,10.5278,1.2432,0.1984,27.0268,5.605,0.2801,10.8315,5.8081,69.5049,3.2003,14.4415,1,0,0,1
0.1001,12.6439,4.3048,0.0206,18.9445,4.3104,0.1744,5.2051,7.1263,39.5961,18.5075,26.3433,0,0,0,1
0.0478,13.3029,3.3161,0.1432,6.1506,8.3538,0.3207,14.3708,2.9052,40.0986,4.5141,34.5451,0,0,0,0
0.3106,14.6657,8.5419,0.1422,13.6145,0.9199,0.3429,13.0827,3.5491,49.847,42.2907,35.1538,1,1,1,0
0.3196,1.1809,9.2212,0.1995,35.0449,9.8234,0.1903,14.7661,1.2526,58.6459,28.9297,38.4062,1,0,1,0
0.0227,7.5776,5.6422,0.285,20.9959,9.763,0.0613,10.5595,1.3926,111.0002,32.7562,25.7901,0,0,1,1
0.0859,4.9044,0.7523,0.0733,16.6659,9.9724,0.1184,8.8993,4.2368,73.3022,8.5438,15.4793,1,0,0,1
0.3424,10.6078,5.5725,0.2787,29.6308,4.7519,0.0253,12.9683,6.508,30.2788,43.7421,37.6509,1,1,0,1
0.3417,1.4335,7.4824,0.2064,26.2532,7.7898,0.3362,3.9281,2.0868,48.3702,7.5723,14.216,0,0,1,1
0.0332,9.2605,6.3682,0.1079,14.1732,1.0215,0.29,7.3036,1.7041,93.3952,16.587,26.0628,0,1,1,0
0.0378,10.0207,6.9293,0.0532,13.099,5.5892,0.2102,14.6888,2.8109,87.9792,49.8739,36.7115,0,0,1,0
0.1057,7.3529,8.3734,0.0863,17.1815,5.4505,0.2805,10.9461,7.7126,78.0096,5.2877,1.2674,0,0,0,1
0.0321,3.8334,2.0566,0.0521,11.8282,4.7627,0.2355,13.6481,2.541,73.0675,20.7802,39.8405,0,0,1,0
0.0886,11.9373,2.725,0.0854,36.2637,5.0723,0.2052,6.7683,3.0112,80.1417,34.5669,42.9899,1,0,1,1
0.0892,13.7886,5.179,0.3112,25.4444,3.3814,0.2059,3.0386,1.6932,96.2399,36.2443,11.8325,0,0,1,1
0.1745,2.5213,1.3011,0.088,35.1295,3.8259,0.1273,10.1054,7.9851,119.4807,48.4263,25.2884,1,0,1,1
0.2755,4.4069,9.3223,0.1577,20.5604,1.4549,0.0293,4.1096,1.9341,79.2857,43.1577,33.232,1,1,0,0
0.0409,12.3458,9.1371,0.258,6.1038,2.1568,0.0334,8.2861,1.3405,116.4003,46.2127,33.653,0,1,1,0
0.0574,7.9992,5.7367,0.1676,27.9491,4.904,0.1821,6.4166,5.3645,73.6131,3.1818,35.2908,0,0,0,1
0.2227,1.7692,3.4082,0.0726,14.9822,3.2181,0.1332,3.1499,4.3566,57.9604,45.2709,31.7683,1,0,1,0
0.0303,13.9759,6.21,0.0492,7.244,1.813,0.0306,6.2688,5.6257,39.0516,12.5288,22.8726,0,0,0,0
0.3008,8.7042,7.9285,0.0324,33.0377,7.2538,0.2641,5.0216,6.2848,112.2061,48.9135,15.757,0,0,1,1
0.06,5.3949,4.3064,0.0913,35.0113,0.4009,0.1165,12.7931,4.5529,101.3441,46.2661,7.1705,0,0,1,1
0.1316,9.558,1.7246,0.1035,24.6739,7.1668,0.2006,9.366,5.8446,98.026,38.2181,28.6655,1,0,1,1
0.1964,6.6106,6.3019,0.1685,26.2175,3.9848,0.2227,6.955,7.0901,38.6276,4.02,3.1033,0,0,0,1
0.1028,8.1058,5.9119,0.0214,28.3535,8.3605,0.3008,7.195,2.8842,43.8371,24.502,33.3819,0,0,1,1
0.0489,2.7397,2.1961,0.2433,15.4226,1.1427,0.3322,11.7862,4.1211,80.6807,20.4799,6.932,0,1,1,1
0.2451,14.7899,1.2736,0.1317,29.1228,0.9937,0.0339,10.6208,1.35,101.4256,20.1229,5.2311,0,0,1,1
0.0721,2.5153,1.2404,0.1418,37.2431,5.6702,0.1012,11.8813,5.5109,34.0207,31.7109,16.5015,1,0,1,1
0.2684,11.226,0.9123,0.2068,29.3917,3.7651,0.0565,13.1148,4.2849,51.1065,18.0778,27.9882,1,1,0,1
0.1419,4.7162,8.9525,0.2842,35.4028,9.962,0.0923,10.2193,6.1359,72.1764,42.0695,18.2829,0,0,1,1
0.241,4.7074,1.4125,0.2952,8.4124,3.8082,0.1486,14.5265,1.5098,55.4774,23.2985,2.3325,1,1,1,1
0.0657,4.0271,2.8731,0.1787,34.7511,2.4777,0.2624,2.3194,7.0839,53.9521,30.038,25.5045,0,0,1,1
0.0728,12.5434,5.4845,0.2722,9.9722,3.3056,0.2174,14.7048,7.7324,87.0356,16.3839,20.0005,0,1,0,1
0.1935,5.6012,2.4868,0.1734,30.6763,8.7015,0.1026,7.4783,7.4367,93.4863,35.0307,1.6515,0,0,1,1
0.3233,11.3484,8.7606,0.285,30.5586,5.7376,0.1415,11.8574,7.0967,42.7794,37.0652,43.8363,1,1,0,0
0.0834,9.707,9.2727,0.2378,14.0206,7.1367,0.1175,5.7247,6.0481,108.5004,14.81,9.1642,0,0,0,1
0.0797,5.8925,1.709,0.1189,30.095,4.6061,0.2413,12.6058,3.6353,50.0739,23.7971,34.6961,1,0,1,1
0.0599,5.896,0.6125,0.2313,10.4535,2.1362,0.1786,6.0333,1.7196,106.445,48.3303,44.9491,1,1,1,0
0.3423,3.8716,5.701,0.077,17.1336,2.9461,0.1542,7.6611,7.6709,88.1602,28.4409,30.9573,1,1,0,0
0.175,10.9064,3.6179,0.0738,35.6001,8.3153,0.1031,5.564,4.4099,31.7955,11.8137,5.3562,0,0,0,1
0.045,7.9836,7.4439,0.2585,5.9533,7.5888,0.2704,9.6059,0.9847,62.4653,35.5314,27.4273,0,0,1,0
0.2782,14.2946,4.2977,0.0756,17.1625,2.9878,0.2281,7.9674,7.206,79.6377,2.9822,34.3353,1,0,0,0
0.2304,4.0163,9.8408,0.1537,38.205,6.5513,0.1289,2.2156,5.2622,117.6317,15.7953,32.504,0,0,1,1
0.2389,1.3929,9.7351,0.0362,24.3447,6.0538,0.0991,4.6528,1.8236,62.6861,44.4867,15.9825,0,0,1,1
0.3381,14.9543,6.0541,0.166,14.2332,1.1496,0.0203,12.9546,7.4734,90.9653,27.7327,43.3758,1,1,0,0
0.1993,1.0723,0.7167,0.1714,32.2994,8.3025,0.0717,2.5165,4.8436,76.206,18.6859,43.0477,1,0,0,0
0.2516,3.9451,0.5341,0.3074,6.4445,2.9242,0.2155,4.5953,5.5453,60.3258,30.3512,37.8531,1,1,1,0
0.0882,11.2341,4.9265,0.1206,36.8431,9.3194,0.2048,11.564,2.6795,75.0038,37.7809,3.22,0,0,1,1
0.2069,10.557,3.6397,0.1583,35.1463,6.8235,0.0979,14.1573,3.9799,44.1455,14.5269,5.6178,0,0,1,1
0.307,6.969,8.8229,0.3306,15.38,8.3297,0.0811,11.4614,1.5695,115.473,49.5512,29.0638,1,1,1,0
0.0706,6.1607,0.5589,0.2147,28.2519,5.6481,0.2142,9.8076,1.2846,71.7714,36.7502,33.6593,1,0,1,1
0.3299,11.0243,5.1911,0.24,22.131,2.0861,0.0369,7.9774,5.2624,40.5117,33.9507,44.8391,1,1,0,0
0.228,5.4944,7.4412,0.1078,24.7867,0.4692,0.1451,13.2104,6.2659,43.3275,7.8451,38.0083,1,1,0,0
0.0649,13.4647,4.8035,0.2779,14.2691,6.8621,0.3313,12.6652,5.5295,88.3384,10.3868,39.5012,0,1,0,0
0.2534,10.8556,3.7641,0.0676,19.5721,6.2514,0.3261,4.9707,5.6021,81.1963,39.3318,34.686,1,0,1,0
0.2802,11.8046,5.7175,0.218,30.5781,9.6503,0.0911,9.7264,6.3038,45.1782,9.3897,17.0306,1,0,0,1
0.1619,14.3188,2.0512,0.0906,9.8132,9.2942,0.2476,11.2718,5.7285,51.5514,37.2672,38.3556,1,0,1,0
0.0872,12.5516,1.3769,0.2261,10.8965,5.1812,0.1625,7.432,6.2107,115.0601,4.2374,9.0175,0,0,0,1
0.101,1.0254,7.9363,0.1016,14.8541,9.1197,0.084,10.9145,0.6708,77.7577,35.0052,22.3669,0,0,1,0
0.0756,10.6722,9.1649,0.3267,11.5775,2.1242,0.0998,9.3457,6.3911,89.6173,12.6396,25.4168,0,1,0,0
0.2259,2.043,3.7933,0.0444,24.7716,1.4367,0.0932,3.3786,7.0275,51.2347,28.1946,41.5901,1,1,0,0
0.3415,10.5705,0.3402,0.0883,32.431,9.8729,0.317,10.4953,3.0929,41.8933,20.5178,35.0591,1,0,1,1
0.1718,14.2091,6.9544,0.0743,32.2196,9.5347,0.0359,14.8655,4.3002,115.0644,14.3824,1.8259,0,0,0,1
0.1707,13.2091,0.9696,0.3304,32.5333,6.8343,0.148,4.0295,1.0328,114.1929,11.256,42.3978,1,0,1,1
0.0719,5.246,1.8868,0.126,12.6903,9.2446,0.1005,14.5446,3.3674,46.2843,42.1114,33.3084,1,0,1,0
0.189,5.3497,2.2711,0.3144,8.6802,2.6044,0.0858,8.4163,2.613,76.6558,45.1472,36.468,1,1,1,0
0.2661,11.656,9.2643,0.026,17.4224,2.2172,0.2698,14.9518,2.7025,48.5297,12.3196,39.4661,1,0,1,0
0.1833,7.8847,3.1841,0.0526,36.671,8.4081,0.204,4.6329,7.3828,94.7612,30.014,34.3376,1,0,0,1
0.3304,2.2505,3.6025,0.1934,15.3016,1.2267,0.2487,14.3228,5.6248,68.6821,16.0075,44.7434,1,1,0,0
0.2834,9.5521,5.8997,0.0509,22.9082,4.5541,0.1031,11.2953,6.0439,88.104,46.6599,38.5023,1,0,1,0
0.0793,9.6331,4.399,0.0622,38.5726,9.2558,0.1533,3.3388,1.2495,58.9535,28.2832,41.0976,0,0,1,1
0.1188,8.8553,2.5824,0.2557,9.5394,6.9129,0.2957,5.2909,6.19,84.8428,44.4513,8.998,0,0,1,1
0.1951,14.2349,2.0653,0.0489,8.9605,3.1318,0.1137,12.6018,7.2399,58.0833,33.0211,29.6715,1,1,0,0
0.32,8.5462,2.7843,0.0424,21.0446,6.7205,0.3042,14.2534,6.1318,60.0093,13.4627,33.6914,1,0,0,0
0.1414,12.7588,8.3771,0.0551,5.1992,3.3009,0.3414,7.9932,1.7195,39.1146,36.6902,6.6413,0,0,1,1
0.3419,6.4728,5.8391,0.2644,35.8466,3.3258,0.3408,3.6406,0.607,31.1869,8.6531,6.5908,0,0,1,1
0.3347,9.201,6.8204,0.2669,29.6276,6.721,0.2337,5.842,3.46,90.3392,49.4181,4.0427,0,0,1,1
0.3189,12.583,6.8797,0.1903,19.0481,4.2904,0.3301,11.9788,1.7337,64.5647,39.7583,38.3032,1,1,1,0
0.0648,4.2883,4.9608,0.0335,37.4594,7.0061,0.0311,3.9972,6.8493,89.1462,25.652,18.417,0,0,0,1
0.2041,2.1665,7.2345,0.0409,19.9991,6.3156,0.0747,12.2825,7.4802,86.6035,13.2167,44.7374,1,0,0,0
0.2934,11.6655,2.7365,0.14,15.9902,6.6418,0.1783,3.3147,7.7594,66.087,46.5349,9.2676,0,0,1,1
0.2186,11.5931,5.2131,0.2618,24.9326,9.5125,0.3151,9.5345,7.1883,36.9083,34.1357,12.8708,0,0,1,1
0.1972,1.6318,3.1803,0.333,30.3503,2.7039,0.2264,7.4525,4.4698,69.2025,25.846,24.2988,1,1,1,1
0.218,8.4201,7.31,0.1724,9.1485,7.8503,0.3043,10.2026,3.6957,62.6235,30.8844,34.2709,0,0,1,0
0.1149,10.8457,3.5511,0.1316,12.0752,5.1146,0.0319,7.6604,7.7013,110.958,2.8987,36.9124,0,0,0,0
0.0734,9.4106,1.8352,0.3299,35.7459,7.7366,0.3318,7.3759,7.1483,63.7769,25.4383,43.896,1,1,1,1
0.199,3.1097,8.481,0.2883,7.5168,3.3893,0.3422,10.2949,3.2105,46.5894,45.8141,11.6775,0,1,1,0
0.2241,9.4453,7.0687,0.271,38.4559,1.4488,0.1146,10.575,6.9057,91.1401,37.3366,35.1146,1,1,0,1
0.2891,5.6478,4.3444,0.342,6.2442,4.1916,0.0322,13.5995,4.0359,59.2151,25.0547,44.0959,1,1,0,0
0.129,9.957,6.4693,0.1985,39.8539,9.5787,0.221,9.4336,1.1609,105.5404,46.9267,17.7765,0,0,1,1
0.158,10.8711,0.3173,0.0372,8.1135,8.5779,0.0601,7.6178,2.1197,63.9498,49.501,43.3932,1,0,1,0
0.275,12.2024,3.4256,0.2033,27.9422,8.222,0.08,2.9663,6.6541,99.6285,14.3992,12.8104,1,0,0,1
0.0521,7.6425,5.2046,0.1536,39.7755,7.9732,0.3385,5.5984,6.6193,49.0219,12.796,43.6946,0,0,0,1
0.1538,10.8078,8.6793,0.1359,37.7247,8.4915,0.0307,14.1039,7.0348,69.4861,18.9744,31.5378,0,0,0,1
0.1208,5.8142,4.4529,0.2895,39.0746,7.4281,0.2519,2.0583,6.9906,74.8094,49.3389,30.3923,0,0,1,1
0.2313,12.3697,5.052,0.0216,25.96,8.309,0.2996,14.0238,3.7994,46.1509,44.6487,13.0803,0,0,1,1
0.2695,6.7634,9.0269,0.1755,35.4395,3.0468,0.2905,9.0666,7.9704,60.3188,16.7703,25.7272,1,1,0,1
0.0772,1.1244,5.8137,0.1576,24.0999,8.6061,0.232,9.0018,6.2462,100.4251,42.9244,17.8925,0,0,1,1
0.1567,8.6031,8.0849,0.0203,35.0016,9.7523,0.3183,7.3012,5.9233,113.7103,3.9415,1.7846,0,0,0,1
0.1579,12.4705,6.8673,0.1536,20.7213,2.5209,0.1686,12.125,0.5861,60.4088,41.026,2.285,0,0,1,1
0.0365,11.4906,9.6053,0.1088,14.5373,5.7417,0.2708,11.5351,1.1541,47.4119,36.8205,8.0388,0,0,1,1
0.303,13.5628,4.785,0.0808,32.6778,1.6171,0.2604,13.2154,6.094,94.4338,20.9553,10.9925,1,0,1,1
0.1181,14.7693,2.9781,0.2759,34.5661,1.0826,0.25,6.4757,0.7407,30.9116,45.0956,38.799,1,1,1,1
0.1181,3.5323,9.1936,0.2458,29.4375,1.1747,0.16,13.6214,5.4779,117.6631,20.8764,8.8405,0,0,1,1
0.2306,7.8398,3.8847,0.161,17.1583,6.7128,0.2604,8.6172,1.8425,95.051,45.1053,32.1304,1,0,1,0
0.3023,10.8824,4.7142,0.19,16.354,5.806,0.3073,12.3194,7.4265,99.6972,44.8663,25.7818,1,1,1,1
0.2545,10.6944,2.9404,0.1145,7.7593,2.8074,0.2555,10.2094,4.9603,88.2645,10.9221,26.1861,1,1,0,0
0.0804,4.3458,2.7025,0.121,29.9747,4.9078,0.0776,12.3202,4.3228,81.2339,28.1914,21.5173,1,0,1,1
0.1873,9.7796,6.7536,0.275,9.8685,5.8997,0.3349,10.5566,3.0067,74.7011,45.8905,6.771,0,0,1,1
0.2688,7.2682,3.8369,0.2272,11.3397,3.7256,0.3007,2.8723,0.5277,118.2246,16.125,18.2988,1,1,1,1
0.2458,5.9472,8.2487,0.286,25.1745,3.2791,0.0509,7.7343,2.7405,60.719,46.0188,17.256,0,0,1,1
0.0345,8.0049,1.5786,0.0721,15.172,6.201,0.1581,8.121,3.0309,77.2055,47.9303,44.2678,0,0,1,0
0.0517,4.7003,7.0704,0.0525,31.7366,3.9188,0.3275,11.2703,3.6212,91.1812,9.7306,10.1573,0,0,1,1
0.3032,6.57,6.7445,0.1756,11.7336,1.55,0.1558,7.6388,6.8369,33.9816,7.5398,18.1612,1,1,0,1
0.0345,3.2024,5.2012,0.1825,13.5678,7.9224,0.1848,7.6807,1.3309,69.6551,4.229,43.0871,0,0,1,0
0.2787,5.3013,9.7673,0.2722,21.8666,1.1697,0.142,6.1374,4.3879,31.8131,40.2109,31.7405,1,1,1,0
0.2415,7.1099,6.0015,0.1433,18.5891,5.856,0.0647,6.6193,2.7867,44.9294,44.8868,8.5861,0,0,1,1
0.2635,6.1637,5.3009,0.3346,15.1705,4.4684,0.1615,4.7501,6.8935,38.1954,33.2964,35.6936,1,1,0,0
0.1874,8.9688,4.4509,0.1222,21.4066,9.8219,0.1819,12.0457,5.7694,56.5386,15.8639,25.5236,1,0,0,1
0.3104,2.4669,1.8292,0.286,34.1298,2.5956,0.1652,2.2614,3.3745,61.0343,6.2629,34.5874,1,1,0,1
0.3063,4.3645,7.3824,0.2479,22.877,3.7605,0.0246,12.789,5.6437,112.8669,47.1862,29.7218,1,1,0,0
0.3049,10.1721,4.6785,0.0763,10.8326,6.2713,0.1452,10.3097,3.2465,115.4436,27.699,25.4213,1,0,1,0
0.0791,13.1395,5.6185,0.32,9.4222,5.9223,0.2469,10.1358,2.2965,62.4792,43.6795,36.8663,0,1,1,0
0.1272,8.5573,3.945,0.2762,13.9989,2.461,0.3072,8.7639,1.738,88.4485,26.9033,22.5906,1,1,1,0
0.3082,14.3373,3.033,0.3093,13.8265,7.5048,0.0879,3.6695,0.7945,89.7207,27.0563,24.8322,1,1,1,1
0.2058,1.2718,2.4289,0.2476,5.1195,2.9424,0.1636,12.8449,5.4995,85.3577,20.8836,12.8018,1,1,0,0
0.2372,4.4341,1.8208,0.1057,14.0629,3.0547,0.1462,13.2415,1.2463,85.4302,18.1447,26.7341,1,0,1,0
0.1432,3.8954,3.4217,0.0392,6.8637,3.6496,0.1307,6.2299,2.9215,94.905,15.7786,23.2327,0,0,1,0
0.297,3.0543,6.8572,0.1913,26.3955,1.7255,0.3385,3.8478,2.9916,92.7303,34.8431,33.9961,1,1,1,0
0.229,8.2897,2.3452,0.223,18.5353,1.2309,0.2168,9.8442,2.597,103.2637,40.7722,17.7708,1,1,1,1
0.0932,11.3199,6.6732,0.2103,9.3505,5.4221,0.2237,5.5579,5.2075,102.2214,35.3113,31.2143,0,0,1,0
0.19,13.4494,5.1661,0.0448,39.0949,9.6567,0.0881,8.9589,6.3736,111.6318,22.9531,27.9733,1,0,0,1
0.2114,1.7587,6.3526,0.3186,37.2945,4.9784,0.2566,8.8817,6.7462,47.0079,18.138,39.6152,1,1,0,0
0.0394,12.9116,0.8293,0.273,30.2534,0.4388,0.1125,8.669,2.7485,54.9212,21.6257,32.168,1,1,0,1
0.0946,1.516,7.9223,0.0956,30.6314,7.8242,0.2826,10.7925,4.826,99.2081,18.9499,8.2827,0,0,1,1
0.051,8.9312,3.1221,0.3263,18.63,2.4197,0.1281,12.7509,7.0422,43.7851,39.2958,9.8798,1,1,0,1
0.1338,13.4212,2.5728,0.2502,18.4122,3.2468,0.2275,7.7494,7.8812,78.2485,6.8858,42.6274,1,1,0,0
0.1436,7.4076,5.6777,0.0203,36.7819,3.9162,0.1859,6.5166,3.503,35.8849,30.4234,37.2289,1,0,1,1
0.117,11.6469,3.1118,0.2679,37.6592,9.5669,0.2107,2.3151,6.8699,83.3701,30.8784,7.0991,0,0,1,1
0.3327,12.3869,4.0951,0.0903,36.5389,9.7736,0.2479,8.9467,2.2096,53.7276,26.024,18.8229,1,0,1,1
0.23,5.7388,6.7235,0.2055,21.5724,6.9148,0.0803,2.2744,2.735,50.7613,32.2021,12.4223,0,0,1,1
0.2057,8.6221,2.3889,0.2633,38.2252,1.2368,0.3031,12.2034,3.4484,38.2414,21.8591,16.1879,1,0,1,1
0.2124,3.1882,8.7169,0.0845,35.6885,2.9819,0.323,10.7654,5.9975,104.1729,2.3237,26.8551,0,0,0,1
0.1368,3.033,2.7031,0.0882,39.1996,5.4064,0.0769,13.1071,6.5367,69.6408,35.6009,25.5418,1,0,0,1
0.2561,6.5779,0.4014,0.3269,32.3774,3.3358,0.1596,7.115,7.476,51.3504,14.5956,30.7817,1,1,0,1
0.2065,10.8072,1.5426,0.0832,25.6004,7.6398,0.0672,7.0009,0.663,88.0391,6.9564,33.2034,1,0,1,1
0.0748,10.9157,4.3613,0.2786,28.3608,9.3984,0.0688,4.6374,3.6609,91.0158,21.2723,31.1062,0,0,1,1
0.0804,7.62,4.1503,0.1562,18.9167,1.1993,0.262,12.3712,1.1271,54.0575,11.1,24.8041,0,1,1,1
0.3274,4.4527,4.1615,0.3144,39.0767,8.2473,0.1557,6.6613,2.3274,35.6174,7.9478,7.117,0,0,1,1
0.1628,14.641,7.4512,0.2832,29.4848,9.9902,0.2039,8.8458,3.6635,105.8135,45.1825,11.7343,0,0,1,1
0.2072,9.2278,8.8249,0.2302,19.3197,4.9671,0.3366,13.9538,0.6991,93.838,29.2797,30.8791,1,1,1,0
0.1147,11.8681,1.3428,0.045,32.0349,6.546,0.2543,9.0209,4.4465,101.306,5.9445,6.614,0,0,0,1
0.2076,4.9229,8.7777,0.2631,33.1232,2.1452,0.1878,9.372,5.0872,82.1775,9.2739,4.0482,0,0,0,1
0.193,9.64,3.5491,0.2675,31.115,6.2282,0.1494,5.862,2.1952,109.966,48.6024,44.7312,1,1,1,0
0.2825,14.591,8.2229,0.3142,34.9784,7.2624,0.1475,12.5961,0.8143,65.467,18.3808,8.8227,0,0,1,1
0.031,9.5042,7.2062,0.0526,11.7205,2.1345,0.1829,7.9851,7.5905,78.0039,8.1536,24.7808,0,0,0,0
0.0522,6.214,4.8613,0.0365,23.0512,9.6968,0.268,5.052,2.9168,88.4795,44.7194,35.0837,0,0,1,0
0.0696,13.15,7.0719,0.156,32.1209,7.9288,0.2088,12.8261,4.4411,99.913,42.0961,42.1099,0,0,1,1
0.3225,4.5575,3.3302,0.1867,37.5597,6.014,0.1261,6.9851,5.6714,91.1326,28.1346,15.9217,1,0,1,1
0.101,10.1256,4.9432,0.0299,31.7031,4.6359,0.1663,10.5025,5.1582,97.1726,9.2379,20.3507,0,0,0,1
0.3014,13.5011,3.8999,0.2758,7.4254,4.3298,0.1317,8.1617,4.3074,68.4396,11.7902,23.5197,1,1,0,0
0.2117,1.7988,9.529,0.107,31.9668,7.5697,0.157,14.3546,2.2581,30.1358,49.8372,17.0917,0,0,1,1
0.1096,14.5792,3.4914,0.0438,22.5246,1.8767,0.3132,2.6692,4.6615,83.6967,31.645,16.193,0,0,1,1
0.2285,2.8939,8.1507,0.1637,29.179,7.2524,0.2941,12.2603,3.2514,118.7779,48.4374,14.6811,0,0,1,1
0.0509,5.8307,5.5409,0.1286,29.0092,5.4971,0.2762,5.5703,0.7361,70.6612,12.541,14.3215,0,0,1,1
0.2087,3.5416,4.4064,0.1106,10.5517,1.1131,0.0802,8.5176,0.5203,72.3255,23.2079,26.9309,1,1,1,0
0.1647,4.1357,7.6256,0.027,13.3362,7.9733,0.1062,8.8411,3.7106,30.1718,8.5716,40.3606,0,0,0,0
0.1193,2.0075,8.69,0.1848,27.7453,0.8857,0.2199,11.889,5.5945,37.8625,8.3563,33.6362,0,1,0,0
0.3335,9.1264,1.4124,0.0758,33.7588,4.6834,0.1354,8.0596,7.6162,65.2455,4.4323,26.6138,1,0,0,1
0.0935,3.8524,5.2408,0.0654,6.5791,6.957,0.2186,7.0429,3.5879,30.9287,18.6916,9.7488,0,0,1,1
0.2517,14.5068,0.6464,0.0966,11.3679,1.9709,0.2837,11.0157,7.7081,69.6886,44.7944,14.5177,1,1,1,1
0.0445,11.4671,3.6285,0.2828,13.3059,8.5525,0.0375,14.4734,0.9448,51.709,25.616,27.6758,0,0,1,0
0.0941,1.7717,9.7737,0.2099,34.4476,8.5424,0.1267,5.4532,1.6398,65.6898,38.5277,38.4626,0,0,1,0
0.2551,11.4356,2.6787,0.334,7.385,0.8396,0.2621,9.8669,4.1824,35.7061,36.3949,9.9945,1,1,1,1
0.1715,1.8039,0.8428,0.2748,11.828,5.4709,0.1925,14.7534,6.8866,43.9283,14.5137,44.9171,1,1,0,0
0.1744,14.3283,6.6524,0.1177,8.2112,7.6608,0.164,12.6962,5.7082,52.774,49.0916,22.8691,0,0,1,0
0.2077,14.9153,0.3153,0.1835,36.0346,6.4423,0.0993,14.6245,4.9428,40.7928,23.241,15.4965,1,0,1,1
0.2069,5.8128,2.0534,0.2386,16.0819,3.6057,0.1712,6.4482,3.1589,51.1672,40.5856,37.3565,1,1,1,0
0.0888,1.4697,9.2262,0.1582,35.9984,5.1416,0.2263,11.0412,1.2303,61.8586,49.7749,39.7658,0,0,1,0
0.0931,13.7626,1.0864,0.0233,11.1432,3.7163,0.194,4.8082,2.3922,60.1975,27.8017,2.299,0,0,1,1
0.0595,12.1648,6.1995,0.0848,33.8512,2.2746,0.2533,5.9693,5.9153,40.9149,2.5865,2.55,0,0,0,1
0.3315,6.4618,3.8704,0.0645,29.4043,7.5644,0.2863,11.8344,1.6001,51.6507,36.7414,13.0708,1,0,1,1
0.0301,12.081,4.1079,0.3413,28.0793,9.1309,0.286,10.9109,6.0609,30.5583,9.2111,42.9012,0,1,0,0
0.0966,1.0173,2.3821,0.1702,29.009,4.533,0.0677,8.0165,2.4429,88.7331,39.0693,21.1371,1,0,1,1
0.244,2.8692,3.2293,0.2822,7.1511,2.2206,0.1734,4.4901,3.68,114.4032,41.7844,21.6326,1,1,1,0
0.0221,5.9853,8.3768,0.2713,22.1247,0.5413,0.2547,13.1339,4.0733,49.6709,9.1421,24.502,0,1,0,1
0.1774,2.5287,3.3581,0.0557,30.2845,2.954,0.2553,7.4042,3.998,99.9766,39.8061,16.1751,1,0,1,1
0.3473,13.8376,2.4122,0.0446,33.5235,8.5714,0.037,5.6595,1.6903,47.5741,43.3405,14.3107,1,0,1,1
0.09,9.4753,4.6393,0.0733,22.8019,6.0705,0.3312,2.213,1.5899,48.5984,44.9236,3.9779,0,0,1,1
0.2932,13.2309,4.8532,0.1868,29.3718,8.6247,0.3198,14.3777,5.6074,107.5899,39.9576,11.8523,1,0,1,1
0.0925,10.5516,9.8569,0.2322,22.1679,8.116,0.2604,3.7426,5.9761,55.4055,15.8236,12.3705,0,0,1,1
0.1418,5.582,2.2072,0.25,7.4718,3.6336,0.2722,12.6927,5.9442,61.5751,14.8695,13.911,1,1,0,0
0.3193,4.072,3.6734,0.2827,16.1391,1.1988,0.0687,8.3544,5.7532,92.9791,25.6346,35.6615,1,1,0,0
0.0536,3.5374,8.4509,0.2072,26.8607,6.8221,0.3259,4.5718,7.775,39.7696,9.6544,34.9292,0,0,0,0
0.2966,2.0879,2.9409,0.2486,22.0073,6.395,0.2411,14.2464,1.8018,38.4286,13.5301,31.3742,1,0,1,0
0.1206,2.6692,3.5199,0.3164,36.9448,9.4322,0.1311,7.0668,5.676,89.5629,7.0602,28.6072,1,0,0,1
0.3383,12.4944,9.2103,0.1686,23.1583,4.1829,0.1878,8.5471,2.3902,70.2723,5.0676,13.9346,0,0,1,1
0.1251,12.1818,4.0503,0.3287,30.9142,8.1694,0.1615,11.1734,1.5873,58.8852,46.8646,8.939,0,0,1,1
0.3356,12.9738,3.9422,0.0245,26.4705,9.8683,0.186,5.9646,1.4003,89.4791,6.6528,33.7844,1,0,0,1
0.3499,5.3113,0.6155,0.2702,32.1267,4.6431,0.0477,9.4995,7.0598,54.6983,45.0441,2.1422,1,0,1,1
0.0514,8.1228,1.3229,0.2301,27.4272,8.9124,0.2523,12.2743,3.1803,32.1414,24.3128,39.9484,1,0,1,0
0.2206,12.5352,2.0664,0.327,27.3328,9.572,0.112,8.3172,3.8827,113.1461,17.9313,14.864,1,0,1,1
0.2883,3.9407,7.624,0.2407,5.4777,1.7167,0.1786,10.0131,3.1242,52.5296,37.1843,10.158,0,1,1,0
0.2164,7.4312,4.5209,0.3259,32.1125,5.7025,0.1932,13.4356,5.0534,119.2025,24.9092,10.2431,1,0,1,1
0.1374,6.5625,6.7365,0.0592,12.1541,9.1954,0.1784,2.7713,4.2635,118.1898,22.3489,40.8082,0,0,1,0
0.0493,11.9706,9.4071,0.3368,28.8558,6.5971,0.2209,4.4606,1.0242,118.445,28.5709,26.0472,0,0,1,1
0.2459,7.8818,7.2345,0.2839,28.2674,8.9702,0.3217,12.5048,6.8413,60.1213,13.3958,35.7518,1,1,0,1
0.3033,4.7765,5.1336,0.3467,28.2085,1.0186,0.08,9.5769,2.4224,36.82,42.0955,33.2784,1,1,1,0
0.321,12.2943,6.3766,0.3071,24.8797,7.3314,0.1555,10.5558,7.304,67.0043,14.0077,38.4497,1,1,0,0
0.1525,10.6333,4.5107,0.1946,29.3253,4.0613,0.0789,10.2887,7.8653,85.6418,42.6939,32.329,1,1,0,1
0.1483,4.259,8.6585,0.284,16.6011,4.4496,0.2346,5.3006,3.6337,35.4092,44.1648,34.6232,0,0,1,0
0.2274,13.6868,4.3888,0.2141,36.6951,9.1819,0.1704,10.9095,2.9404,41.2146,13.428,27.8311,1,0,1,1
0.2936,4.767,5.8212,0.2453,39.6084,3.0145,0.1739,7.2229,7.3718,56.1591,42.5254,1.8627,0,0,1,1
0.0409,7.3465,3.2361,0.1698,27.3943,0.6507,0.2733,10.6612,1.3083,102.5981,36.0454,24.7405,0,1,1,1
0.2114,10.6146,5.8176,0.2219,29.4759,7.9322,0.0466,3.9248,5.9143,106.6062,34.1122,30.4197,1,1,0,1
0.3334,8.1441,7.6914,0.1989,10.7473,2.2842,0.1433,14.1866,6.9087,112.996,32.9793,6.182,1,1,0,1
0.3037,2.569,7.5625,0.3154,17.6675,3.4237,0.1021,9.8477,6.3559,111.7826,24.3135,35.5433,1,1,0,0
0.2841,4.2802,3.7549,0.1504,8.482,2.6835,0.2322,12.0268,5.5093,112.4955,43.5829,14.988,1,1,1,0
0.1948,13.1998,2.9944,0.2774,29.9959,8.4483,0.1216,4.2572,6.4058,58.8832,14.009,25.029,1,0,0,1
0.3028,12.0609,9.0082,0.0816,12.2567,8.2179,0.0766,12.3151,1.7408,86.0268,34.3589,31.6139,0,0,1,0
0.1963,14.1229,4.1396,0.0822,33.6984,1.7561,0.0489,3.1715,0.9105,80.5266,34.6501,6.1165,0,0,1,1
0.2867,5.2123,1.3712,0.2835,19.4107,5.1855,0.1501,14.0142,4.9231,55.3332,17.1279,43.9136,1,1,0,0
0.2327,2.3778,6.8424,0.2567,35.9789,9.9998,0.2682,14.0461,2.779,56.2194,5.805,44.1653,1,0,0,0
0.3457,5.5581,5.9762,0.029,27.524,1.7752,0.2077,3.5133,1.0931,74.3322,35.779,34.352,1,0,1,0
0.3391,7.7065,0.9676,0.2049,34.526,4.0984,0.34,3.77,0.6151,118.7277,10.7938,16.6213,1,0,1,1
0.265,9.4477,8.8253,0.2593,19.7072,9.8855,0.1488,13.7521,6.7856,50.0942,44.5693,41.9238,1,1,0,0
0.0971,9.7836,5.7634,0.0745,15.4524,6.4332,0.1644,3.5788,5.2852,91.2633,23.893,7.8875,0,0,1,1
0.2054,10.3901,5.1437,0.2025,37.0663,0.3904,0.2724,4.5436,3.2828,31.8111,38.226,26.3651,1,1,1,1
0.1586,4.3743,4.1689,0.2797,6.4242,2.4071,0.3186,5.8798,7.6848,54.9958,30.6895,6.8986,0,1,1,1
0.1214,7.2715,7.2971,0.0381,39.1946,0.685,0.2186,8.3924,0.6647,102.3383,17.8474,23.9003,0,0,1,1
0.0742,8.438,1.9147,0.0646,22.6988,7.7353,0.2515,5.2404,1.6248,110.4696,18.3337,30.3734,1,0,1,1
0.3472,8.0897,5.9712,0.2317,34.0434,9.1488,0.1458,14.0308,5.0241,60.8908,19.6507,31.4559,1,0,1,1
0.3054,9.0426,3.3932,0.2467,5.1289,5.0162,0.2073,9.3396,7.2906,57.9789,12.8234,33.0627,1,1,0,0
0.3206,7.0676,1.2284,0.1475,6.5011,8.1821,0.2728,13.4676,7.1779,97.0175,2.8475,31.6922,1,0,0,0
0.3317,6.1893,6.4788,0.2203,39.7429,8.8923,0.1545,10.0541,5.0099,47.3696,31.6103,34.5766,1,0,1,1
0.1823,14.4084,6.3068,0.2077,11.9953,1.4683,0.2365,5.3614,4.8077,90.2257,29.3017,29.4839,0,1,1,0
0.1432,10.3674,0.9484,0.2039,8.3542,1.7016,0.2677,3.6846,5.2227,100.0391,16.8924,35.9655,1,1,0,0
0.0834,14.6753,9.0318,0.202,32.1311,0.8546,0.0822,4.0375,3.8042,74.9857,38.8984,25.0596,0,0,1,1
0.2662,9.3814,3.4463,0.3474,24.9603,8.2081,0.14,13.0284,5.4587,83.4723,24.6913,8.9765,1,0,1,1
0.0299,12.192,5.3799,0.1238,27.1365,2.4043,0.2329,4.2056,5.1095,100.2421,15.5759,36.0624,0,1,0,1
0.0532,12.6667,0.7475,0.0962,29.3618,4.52,0.024,3.0317,3.0005,106.4497,44.8167,27.1999,1,0,1,1
0.3174,7.8057,9.499,0.2755,31.3964,4.9034,0.2493,12.7201,3.8943,65.6208,30.517,16.1336,0,0,1,1
0.1804,12.8904,6.36,0.1629,19.8753,5.5221,0.0233,14.5574,2.4945,119.7056,43.8889,39.351,1,1,0,0
0.1873,5.0981,4.3317,0.1561,14.6148,1.6714,0.2485,12.3481,2.746,64.1149,12.7896,15.8585,1,1,1,1
0.328,7.9001,9.4965,0.3403,8.6319,0.9436,0.2739,13.4554,1.6183,104.0724,10.5118,40.492,1,1,1,0
0.0584,9.1639,2.4164,0.0751,9.2292,6.5212,0.0856,8.9341,1.6539,61.1742,7.0345,23.4011,0,0,0,0
0.1643,11.7791,1.7499,0.1069,7.9643,2.7399,0.278,7.9645,2.15,97.847,37.0744,10.6066,0,0,1,1
0.2078,12.4517,2.7436,0.2864,20.0479,2.5169,0.3457,4.894,4.0427,43.7415,48.3148,8.6726,0,0,1,1
0.0541,4.3073,7.2382,0.2981,33.1292,4.0355,0.1729,9.7661,2.5286,54.4538,3.5273,15.948,0,0,0,1
0.2563,1.3888,7.2788,0.1452,38.9497,6.686,0.1192,3.9098,1.2519,98.0835,19.131,14.761,0,0,1,1
0.3346,5.9116,6.3469,0.1428,38.9789,2.3794,0.0646,2.2548,1.5076,87.3608,32.6605,9.1223,0,0,1,1
0.0299,6.2982,4.7744,0.186,32.2849,1.8394,0.1316,14.8032,4.1542,75.7817,20.4345,41.9676,0,1,0,0
0.1466,10.3653,4.7039,0.3171,17.3402,9.7142,0.2045,6.2335,2.6422,83.3105,49.6409,4.7822,0,0,1,1
0.1001,10.7131,0.8814,0.2208,16.5751,3.7025,0.229,9.8633,1.0547,97.8793,6.8205,18.3578,1,0,1,1
0.1639,4.2072,6.2717,0.2296,30.5189,9.4056,0.3009,7.2545,3.1541,67.5016,46.9056,18.7654,0,0,1,1
0.1294,2.1971,4.4079,0.2582,31.3509,7.4011,0.2781,4.0789,4.803,93.364,18.9112,2.1169,0,0,1,1
0.2464,11.3298,6.596,0.3486,30.8724,8.1832,0.1899,12.4688,6.1145,79.3069,7.2899,30.6177,1,1,0,1
0.1626,10.0686,4.8716,0.148,8.5587,3.2319,0.237,10.0675,3.8119,88.9275,30.9422,33.5126,0,1,1,0
0.2947,14.8921,8.7747,0.1043,14.9685,5.1124,0.1047,14.4427,3.8052,80.286,36.2006,18.1818,0,0,1,1
0.1583,12.6447,9.4945,0.2363,35.3816,5.3033,0.173,9.7986,7.238,68.5547,32.3848,3.948,0,0,1,1
0.0427,2.3732,9.4189,0.0295,32.7145,4.3462,0.0663,12.0291,1.4859,63.9261,20.1563,9.6284,0,0,1,1
0.0761,7.7432,2.8812,0.1396,17.5925,1.8704,0.1237,10.3177,3.3002,90.2908,40.5748,34.0662,0,1,1,0
0.2293,7.7704,8.4432,0.3247,22.3953,7.0945,0.0406,9.0947,1.6386,63.7735,15.1116,18.5095,0,0,1,1
0.2444,10.6132,1.8587,0.3491,31.9724,8.1953,0.1868,3.7806,2.1637,59.4605,40.2027,35.2415,1,0,1,1
0.1777,12.3805,1.4058,0.2913,35.3531,9.1739,0.0454,4.8108,6.2011,103.3444,34.9339,19.4742,1,0,1,1
0.1512,3.2111,3.0028,0.2403,9.8759,2.7731,0.3408,13.2553,1.3006,94.9241,35.1789,14.6023,1,1,1,0
0.2301,10.4513,7.8042,0.1971,8.5299,2.1473,0.0263,2.3812,2.9142,116.7876,33.2338,8.5027,0,0,1,1
0.2572,11.1711,7.13,0.0832,29.4966,6.0683,0.2685,7.7358,0.769,119.8319,49.1015,41.7873,1,0,1,0
0.0458,5.8033,9.885,0.0201,20.4997,3.3429,0.1248,8.0422,6.1913,54.6953,22.5012,30.5265,0,0,0,0
0.3462,6.8362,3.8205,0.2111,28.8852,1.5483,0.2078,4.0066,1.4553,70.4472,10.7804,7.6752,0,0,1,1
0.3485,3.4867,4.6028,0.2262,37.7455,2.8033,0.2811,2.1263,1.8945,116.5849,6.1534,37.768,1,1,0,1
0.1717,8.2341,5.0351,0.2777,15.1158,7.116,0.1029,14.6323,6.4283,60.3244,4.9595,4.3934,0,0,0,1
0.0284,13.982,3.2996,0.2158,26.1717,8.2501,0.3492,6.0694,7.1776,34.0424,24.0049,1.9304,0,0,1,1
0.0292,3.2123,3.8273,0.3484,16.0654,2.2421,0.0703,9.0294,2.4312,115.3222,39.1974,25.1099,0,1,1,0
0.2453,6.372,2.0097,0.2065,17.8031,8.349,0.0809,14.6396,2.7455,54.4405,45.7616,33.9335,1,0,1,0
0.1078,8.7711,0.911,0.2095,28.6207,9.1202,0.1783,2.053,7.9086,30.1523,24.5274,21.4642,1,0,1,1
0.2766,3.6129,4.7801,0.1592,38.0796,0.7113,0.1441,2.3289,0.7502,66.4269,48.9695,30.352,1,0,1,1
0.1729,7.0677,2.1591,0.1493,26.6489,8.4205,0.199,8.0514,6.3785,101.1559,10.2721,19.9682,1,0,0,1
0.0708,7.5323,3.2142,0.0347,35.2693,4.823,0.2449,14.4015,4.9858,33.8952,4.4476,31.5923,0,0,0,1
0.3052,14.3902,9.8025,0.2382,33.0244,8.903,0.1304,13.1863,7.2444,84.9617,26.1518,35.1466,1,1,0,1
0.1625,10.9925,2.3448,0.2384,14.4271,7.8727,0.0977,8.2251,1.1437,104.0814,6.1351,18.2718,1,0,1,1
0.3227,7.7927,3.4064,0.2486,18.9551,4.4378,0.314,10.9577,6.0806,82.6015,30.9709,40.2829,1,1,1,0
0.0404,14.8544,6.2223,0.3128,20.7734,2.8163,0.2948,5.1539,2.2998,116.8049,42.1462,6.4557,0,0,1,1
0.2189,11.5128,8.3179,0.1549,8.0935,7.1192,0.0894,13.0477,2.743,40.7321,36.0209,41.6724,0,0,1,0
0.0398,5.8737,6.3723,0.2134,22.1512,9.3482,0.0438,11.5442,2.6904,41.6928,28.7399,37.7586,0,0,1,0
0.0415,8.1606,3.0916,0.1236,26.553,5.3681,0.1478,6.3095,3.9685,88.3174,31.6038,32.6525,0,0,1,1
0.1443,5.6894,1.4393,0.2324,12.951,8.2392,0.0559,7.273,5.5952,105.8668,43.3123,11.3398,1,0,1,1
0.2535,6.8648,2.3453,0.1373,31.0125,6.208,0.0591,9.8139,4.633,61.3087,37.2939,36.4763,1,0,1,1
0.07,11.8084,7.913,0.1079,17.3684,9.7281,0.0899,11.4974,0.925,63.7629,48.275,38.8269,0,0,1,0
0.3071,5.7195,2.1361,0.0726,32.6916,0.318,0.305,6.1209,3.9147,43.7119,24.0549,27.4171,1,1,1,1
0.3172,5.6965,0.4538,0.3112,8.838,1.0694,0.2497,3.6272,0.6185,118.7078,37.4239,30.5198,1,1,1,0
0.104,12.1795,0.9083,0.2712,19.929,7.739,0.1224,14.8459,7.9566,48.1927,27.0972,7.6948,1,0,1,1
0.2369,2.2072,3.5315,0.0859,17.2634,4.2605,0.2244,8.5421,7.8616,99.3983,15.9622,39.7475,1,0,0,0
0.1863,10.0624,4.5976,0.318,30.2306,4.0499,0.1425,7.2667,2.4091,87.144,19.8765,9.6304,0,0,1,1
0.1838,2.2303,6.8215,0.3323,22.9059,3.0801,0.2934,7.8047,4.6351,118.1091,11.2307,20.4504,1,1,0,1
0.2789,12.6074,1.235,0.1242,26.1745,4.3558,0.326,8.7377,7.2592,91.4962,16.2432,22.0365,1,0,0,1
0.276,3.2217,5.7801,0.2877,10.163,1.6704,0.2721,4.9801,5.1202,80.8314,22.3228,24.9317,1,1,1,0
0.327,13.5434,1.9352,0.0668,26.0459,3.3532,0.1859,10.1095,7.858,68.7417,6.0844,41.1136,1,0,0,0
0.1022,1.2047,6.67,0.1292,37.3212,1.5249,0.2114,13.6526,1.0734,114.8939,17.2996,31.6921,0,0,1,1
0.1443,1.6478,2.697,0.3387,8.163,0.4213,0.3083,3.8833,6.4647,58.392,26.8668,31.891,1,1,1,0
0.1418,3.4474,6.0086,0.0784,33.3714,3.8514,0.276,8.3495,0.6611,84.7303,11.2338,29.3355,0,0,1,1
0.1287,14.1604,1.1692,0.1626,11.0642,4.7934,0.2342,3.5646,0.9476,112.8597,34.125,33.7751,1,0,1,0
0.1335,8.4039,0.5257,0.1202,12.4965,6.2656,0.1753,8.3272,1.8673,91.0433,24.0194,30.4063,1,0,1,0
0.1629,5.7551,1.5321,0.1928,12.5216,7.5953,0.1076,13.662,3.5591,60.1879,6.5927,1.0563,1,0,0,1
0.2773,3.335,8.0125,0.1946,20.2038,9.1033,0.2334,6.0285,7.4617,117.0918,8.6559,39.4936,1,0,0,0
0.0907,3.2444,9.9778,0.2618,24.0024,5.2102,0.1012,8.6007,7.3409,52.0363,41.6978,37.4635,0,0,1,0
0.2733,7.6741,1.14,0.2485,8.1602,4.11,0.225,12.1934,7.2481,51.3051,47.941,5.6351,1,1,1,1
0.3329,10.4386,1.8076,0.1975,15.4643,3.6607,0.1631,5.3503,5.2619,79.7814,32.964,9.1626,1,0,1,1
0.2076,8.1444,6.1345,0.309,11.8656,1.8401,0.3013,14.7037,6.2428,59.3601,6.847,9.7613,1,1,0,1
0.2593,6.3786,6.5318,0.0923,37.5855,3.6831,0.3074,11.5918,4.0732,79.0345,6.9537,1.3157,0,0,0,1
0.2287,12.4763,2.415,0.0881,31.9485,1.1746,0.0782,12.3846,6.7309,118.5538,26.0447,25.6043,1,1,0,1
0.2429,10.4706,2.262,0.1173,12.022,6.5067,0.0825,2.6293,5.1852,79.728,19.9619,1.2365,0,0,1,1
0.1392,12.9845,3.4243,0.317,13.8752,7.2609,0.3279,9.4055,4.2966,119.8853,27.2988,17.0072,0,0,1,1
0.1482,12.1799,7.9804,0.2468,32.5367,8.3948,0.3122,12.7498,2.8402,33.4692,41.9743,11.8628,0,0,1,1
0.0534,4.1827,4.5902,0.192,15.1385,7.7315,0.3394,8.5971,7.5216,81.6427,5.545,18.894,0,0,0,1
0.1951,14.2371,9.2221,0.2001,37.283,0.4122,0.0783,3.8175,4.4368,96.0421,25.8629,20.5695,0,0,1,1
0.2711,5.1959,0.3351,0.2014,13.6875,6.4349,0.0221,12.7305,6.8482,63.0225,32.8595,35.8165,1,1,0,0
0.0503,4.982,0.7286,0.1607,30.6725,6.2931,0.0252,11.0054,6.3494,49.1033,5.831,25.7316,1,0,0,1
0.187,11.5922,6.3555,0.3299,14.6137,5.316,0.1323,3.2222,2.7636,48.6866,42.8042,3.1268,0,0,1,1
0.1322,2.3795,7.6789,0.3126,5.3157,6.3775,0.1025,3.0386,1.722,52.6338,38.98,40.0037,0,0,1,0
0.1282,5.569,1.6568,0.1213,16.0552,1.2481,0.1656,14.6018,6.3721,34.281,44.8035,19.5084,1,1,1,1
0.1915,3.7492,7.1596,0.2325,28.7353,0.7893,0.0933,14.7103,4.7929,79.2734,41.6523,33.9704,1,1,0,0
0.0222,7.9357,9.8653,0.0383,20.6655,8.41,0.1411,2.4892,3.5723,88.1991,40.9939,8.8233,0,0,1,1
0.3467,14.6347,1.651,0.2698,23.2332,2.8149,0.1715,6.4055,4.1213,35.2463,24.5871,26.5898,1,1,1,1
0.3326,10.6572,0.726,0.1775,8.2757,6.2605,0.0687,6.4821,6.5924,76.5541,23.682,15.3063,1,1,0,1
0.264,14.3818,3.1599,0.0753,5.3519,0.9934,0.0878,4.6454,2.3148,48.5191,20.8526,14.0563,0,1,1,1
0.1078,5.6091,5.7201,0.2336,14.3228,4.9534,0.2632,14.66,3.4131,50.8099,39.5437,33.9606,0,1,1,0
0.1544,13.0916,9.9639,0.1469,33.367,8.6123,0.2719,2.4041,1.0228,109.7404,6.7408,8.4385,0,0,1,1
0.2881,14.8489,8.6463,0.0793,34.3137,8.8188,0.1217,3.0367,1.302,68.2706,5.7616,19.7473,0,0,1,1
0.0864,4.4164,4.9506,0.2765,34.4429,5.9575,0.2357,6.5977,3.0234,56.3462,41.6309,13.5113,0,0,1,1
0.2733,6.4576,8.1763,0.2006,6.6278,2.0344,0.1252,2.3902,1.5888,79.7811,29.7866,28.9637,0,1,1,0
0.1548,7.7044,8.3558,0.1165,16.3288,3.4544,0.1933,2.0933,4.6491,59.136,29.7821,22.4095,0,0,1,1
0.2656,8.733,2.0431,0.1953,13.8012,5.1343,0.1087,2.089,5.362,49.8293,4.1664,23.7561,1,0,0,0
0.0526,5.119,2.7804,0.2199,31.6455,7.6771,0.338,7.2933,6.022,110.4236,48.7156,41.1723,0,0,1,0
0.0939,13.9023,3.8453,0.3111,7.6697,9.6265,0.0532,8.5021,4.4932,114.9726,14.7829,1.8384,0,0,1,1
0.0599,13.637,5.2396,0.3359,22.0407,9.2371,0.1123,6.8404,0.7563,52.738,9.9311,35.8365,0,0,1,0
0.2162,10.8139,2.0524,0.1918,18.0192,8.407,0.339,4.2619,3.6986,109.8245,19.7764,39.9062,1,0,1,0
0.0643,8.9933,4.4829,0.2762,28.4439,9.6546,0.2509,8.1713,2.3493,76.8376,13.3629,4.699,0,0,1,1
0.0746,6.0256,0.8374,0.2658,31.0066,3.4823,0.3248,4.3398,5.5084,61.7663,45.8398,31.2296,1,0,1,1
0.0329,8.7152,7.244,0.1607,8.252,2.7285,0.3422,10.7843,6.3657,107.8579,24.841,41.6062,0,1,1,0
0.1293,6.6412,1.4268,0.0562,16.9325,9.3786,0.0265,4.5108,5.2108,43.5611,12.1645,25.3776,1,0,0,0
0.07,6.9067,8.551,0.1924,20.5069,7.1794,0.1896,3.0609,3.2766,32.3102,5.9888,21.6266,0,0,0,1
0.1174,14.709,9.6206,0.2235,11.9822,8.5331,0.0287,13.3277,1.2166,83.6102,13.0453,6.1429,0,0,1,1
0.0471,13.9867,3.1327,0.1572,6.6854,6.2188,0.3074,14.0083,4.3962,44.292,21.5385,42.9029,0,0,1,0
0.2521,9.5922,0.7641,0.3247,8.5448,3.3188,0.2434,10.1199,5.1915,109.9959,40.141,43.0206,1,1,1,0
0.1183,6.637,1.6623,0.108,34.7935,4.4623,0.2699,9.2789,7.4619,60.8941,27.5404,19.8361,1,0,1,1
0.2158,7.9015,9.8009,0.1881,5.5421,0.4881,0.1097,3.9818,5.4095,75.6018,31.3902,40.5049,0,1,1,0
0.3059,13.9773,5.1448,0.2427,9.0508,9.1594,0.3357,8.8118,7.8048,90.7463,29.744,40.0755,1,1,1,0
0.3067,1.9318,9.8821,0.1514,17.7071,3.8311,0.2765,14.6279,3.8859,50.9036,6.7924,40.3168,1,1,0,0
0.2011,13.2687,4.2347,0.3267,34.7967,1.8065,0.2512,4.9288,4.4757,83.5631,49.5418,36.0085,1,1,1,1
0.3156,4.7193,9.404,0.211,25.845,4.9873,0.2967,11.7141,4.2866,48.1043,11.4279,3.4092,0,0,1,1
0.1106,1.7389,2.9024,0.1754,38.1309,6.6961,0.2598,13.3353,5.7244,75.0193,36.1598,17.4197,1,0,1,1
0.0656,9.4942,2.6914,0.1914,34.988,1.5355,0.1996,8.0274,7.0075,67.5358,32.9871,2.727,0,0,1,1
0.2499,13.9171,9.3468,0.2631,15.6227,1.7932,0.3298,4.9999,3.3282,67.8934,46.0168,20.5024,0,1,1,1
0.1851,3.3785,5.3754,0.1289,29.5481,8.46,0.1862,8.2803,6.1456,72.3702,49.1602,29.1891,1,0,1,1
0.1702,14.6823,6.3305,0.2879,12.7103,5.3497,0.0955,10.4881,4.7856,77.8696,19.3108,29.7212,1,1,0,0
0.2444,4.7489,1.5234,0.1206,23.523,8.4838,0.1254,12.3839,3.6871,82.3559,22.9616,23.5274,1,0,1,1
0.3487,10.7136,8.0063,0.2255,22.269,8.4303,0.2804,4.1283,5.2877,107.1474,13.4295,13.6588,0,0,1,1
0.1183,4.1792,4.0,0.3476,29.7312,7.6281,0.0882,13.9667,5.3908,86.4544,25.2691,2.0399,0,0,1,1
0.2777,1.4745,7.8319,0.0985,14.9285,2.7904,0.2505,13.0548,2.0601,109.4323,12.8536,12.4995,0,0,1,1
0.1072,11.3258,2.8477,0.3027,20.6155,7.7592,0.1755,7.1411,7.1239,57.9867,29.2956,9.3228,0,0,1,1
0.1349,1.0021,6.4741,0.1495,29.3918,3.0244,0.2082,7.6256,7.824,93.5458,26.5679,36.3842,1,1,0,0
0.3103,12.7604,3.0619,0.0832,20.9691,5.0755,0.2549,9.4049,0.9089,80.3397,30.0485,7.064,0,0,1,1
0.0866,14.1658,1.3504,0.0927,25.0816,2.7501,0.2246,11.1322,3.9211,68.1755,11.6493,20.0226,1,0,0,1
0.1765,13.05,7.4336,0.0984,14.1001,8.038,0.2516,9.9606,4.2469,100.8471,32.805,43.3975,0,0,1,0
0.3436,7.0622,1.3488,0.1702,10.086,9.9377,0.1426,14.093,7.6988,61.0311,7.6264,12.2667,1,0,0,1
0.0357,5.3674,4.0767,0.2322,29.0944,9.922,0.1303,3.196,2.0181,54.6806,11.7984,44.9008,0,0,1,0
0.3461,3.4462,3.1907,0.273,28.2312,4.4101,0.2972,14.7818,6.1124,111.3908,47.641,25.0052,1,1,1,1
0.3307,7.6699,7.1071,0.2054,34.8877,4.2941,0.0966,10.8511,5.6862,71.0232,18.4996,43.4864,1,1,0,0
0.1559,8.1449,1.6337,0.0942,6.8548,4.8465,0.1718,5.3429,6.4192,116.7863,40.8332,20.5553,1,0,1,0
0.2805,14.3761,4.0255,0.2387,38.455,3.4972,0.0982,6.4427,2.1978,67.2628,14.6593,17.4304,0,0,1,1
0.0454,14.3665,0.573,0.1926,27.8214,6.5542,0.1271,7.7186,6.5171,42.7199,21.9973,7.264,0,0,1,1
0.1296,11.4273,0.9852,0.3101,26.5213,0.9212,0.2385,13.6175,1.8686,68.9175,35.1605,17.1599,1,1,1,1
0.0441,12.9775,8.0795,0.2325,33.1362,1.6244,0.2003,6.8804,3.6766,40.3951,13.2239,13.475,0,0,1,1
0.2,1.6159,6.6155,0.151,21.1831,6.8429,0.0257,14.2745,7.0766,32.6074,13.2741,37.4083,1,0,0,0
0.1734,11.5124,8.7061,0.287,13.0554,1.3036,0.179,14.0501,5.9025,33.5708,34.385,12.1584,0,1,1,1
0.2379,2.2266,7.2794,0.1178,8.5801,0.9787,0.0652,11.4878,7.3284,30.5945,41.3264,32.3717,1,1,0,0
0.2218,14.707,0.5526,0.1695,39.5742,1.0647,0.2797,13.0036,5.9077,68.1573,4.5152,37.9505,1,1,0,1
0.2185,3.7462,0.6676,0.2553,5.8698,0.4206,0.3448,6.9656,7.4873,98.5196,42.2805,42.2201,1,1,1,0
0.3491,7.1788,1.5605,0.3089,19.4504,9.9838,0.1627,10.3687,3.1095,113.5394,11.8767,37.3614,1,0,1,0
0.3133,10.7569,8.6695,0.042,14.7634,4.7495,0.3378,4.8532,3.9684,64.9824,16.2665,29.5372,0,0,1,0
0.2306,12.5361,4.1801,0.2475,13.8495,5.3695,0.088,6.2789,5.06,82.0874,27.1518,29.485,1,1,0,0
0.0217,3.2337,4.0457,0.2338,38.5573,4.2002,0.215,7.1564,1.0887,65.4178,29.8344,5.0461,0,0,1,1
0.0248,6.8313,3.9215,0.2952,17.597,7.0613,0.217,6.0257,4.3312,56.1822,25.3092,25.9568,0,0,1,0
0.1325,8.3347,6.15,0.3154,20.2982,5.3864,0.1108,9.497,7.1037,68.8746,35.9367,11.033,0,0,1,1
0.2999,9.1822,6.4493,0.0495,34.1881,9.6698,0.2579,9.597,4.3613,117.8568,30.2735,11.5973,0,0,1,1
0.1762,5.7788,2.7839,0.181,16.9958,4.9928,0.054,7.1545,3.8086,59.4327,26.2389,15.3434,1,0,1,1
0.0786,11.7362,1.3475,0.0833,28.8326,1.5579,0.1985,11.548,7.4051,113.855,41.4293,40.2921,1,1,1,1
0.2668,6.6577,1.0959,0.1593,39.623,4.7962,0.2545,11.446,2.6021,56.7242,21.2475,42.763,1,0,1,1
0.3447,8.164,7.0868,0.1149,27.5193,9.6427,0.0693,14.4294,4.4114,66.269,42.1222,10.2225,1,0,1,1
0.3139,1.6615,6.9958,0.258,5.9218,2.2045,0.1395,10.7405,6.8586,109.2768,26.0724,23.5934,1,1,0,0
0.3199,10.7239,1.7136,0.2801,39.2428,1.5518,0.1989,4.8599,1.2718,76.6513,24.2232,25.3914,1,0,1,1
0.171,10.1221,7.5442,0.2478,33.4561,6.1485,0.1693,14.22,3.0735,100.9077,39.2972,24.0591,0,0,1,1
0.0465,1.5907,8.2667,0.0775,6.8222,8.9111,0.1589,13.6853,0.9903,48.8686,3.9553,3.7201,0,0,1,1
0.304,8.1463,2.8397,0.1434,6.5271,1.3673,0.1802,3.3812,5.1166,62.8479,21.6847,39.0782,1,1,0,0
0.3152,3.477,3.3767,0.0836,7.3898,2.4152,0.2369,5.1077,7.624,107.5879,9.4072,4.825,1,0,0,1
0.3334,3.4634,3.6032,0.3227,5.9203,1.0701,0.2656,6.8231,4.5525,65.1751,32.9308,27.7603,1,1,1,0
0.1366,13.1145,7.4265,0.2846,39.4208,2.2692,0.2671,13.4083,3.015,46.061,31.4406,41.2667,1,1,1,1
0.0704,4.4679,6.7383,0.1723,20.2084,1.355,0.2987,9.7696,6.1457,32.0768,36.5768,24.336,0,1,1,1
0.1418,10.2627,8.8994,0.0944,8.0156,8.6879,0.2383,3.2718,6.4473,119.9396,8.2904,22.7326,0,0,0,0
0.3136,10.2889,0.8755,0.0348,28.4533,6.29,0.0392,6.8443,2.3252,117.2059,13.8906,5.6373,1,0,0,1
0.3085,1.9996,0.9509,0.112,39.0579,5.6554,0.1609,7.6548,4.7071,42.1714,15.3114,12.7735,1,0,0,1
0.1737,9.0765,8.3023,0.0865,17.2112,4.3357,0.0435,4.3672,4.915,41.8115,29.3809,6.9859,0,0,1,1
0.0806,9.2439,2.2106,0.1279,32.5701,2.1719,0.1643,3.4236,6.4186,74.481,39.536,30.8259,1,0,1,1
0.2843,13.7565,5.3737,0.3169,28.4868,5.2222,0.0313,2.9843,5.3085,88.8614,17.1501,43.3772,1,1,0,0
0.2572,4.5555,2.249,0.0717,19.5956,1.0241,0.2811,14.1623,2.1122,37.3553,9.9675,18.5558,1,1,1,1
0.2751,2.1305,2.0334,0.1056,8.1696,5.2448,0.1069,10.3394,1.6995,102.1088,39.2941,32.6823,1,0,1,0
0.174,11.1268,5.5436,0.1108,21.6658,1.1087,0.0846,8.9212,1.5998,55.8583,32.2234,36.6218,1,1,1,0
0.108,8.9852,0.8564,0.0316,24.5757,5.2251,0.0929,7.3601,0.9105,70.4828,15.4861,10.7286,1,0,1,1
0.19,12.7574,1.1444,0.0776,12.1676,9.1631,0.2959,6.5838,6.1852,55.5347,34.6091,40.3651,1,0,1,0
0.3131,8.9534,3.0295,0.0471,32.7635,5.4186,0.2616,5.1,4.057,44.9018,23.6679,3.8974,0,0,1,1
0.1219,10.257,7.0995,0.233,19.3004,2.4592,0.0819,8.7645,4.4406,56.4279,27.5703,43.9412,0,1,1,0
0.1331,9.1596,2.0943,0.0875,27.721,4.4406,0.2628,10.2229,3.3943,81.8373,20.0674,7.6927,0,0,1,1
0.2921,3.9996,8.5003,0.0374,37.8391,2.9635,0.0466,12.5246,6.138,88.8073,41.3926,4.69,0,0,1,1
0.053,2.7977,0.7474,0.0607,24.7911,7.83,0.3285,8.9785,0.7719,101.9252,33.9937,16.0059,1,0,1,1
0.128,1.5691,9.7197,0.0294,5.8558,4.9668,0.091,3.7735,1.7036,85.1778,38.5094,25.7179,0,0,1,0
0.0474,7.861,3.8487,0.3056,24.8282,4.889,0.1326,8.5473,4.0599,96.0242,20.0833,41.6655,0,1,0,0
0.139,13.7604,0.7334,0.1824,19.0942,9.5284,0.2907,11.1364,3.2532,66.716,39.0519,9.0443,1,0,1,1
0.0995,13.9442,0.8633,0.0293,36.214,8.9779,0.3012,10.4862,3.7166,72.2459,39.22,41.2572,1,0,1,1
0.1683,6.1002,4.089,0.1723,36.4004,9.6633,0.3148,2.1924,0.7808,44.9912,22.4226,10.4981,0,0,1,1
0.0999,3.9348,6.4303,0.076,28.1908,4.7386,0.1113,13.2038,7.996,89.0911,41.3846,27.3204,0,0,1,1
0.1677,6.744,3.0421,0.1604,9.4734,6.0151,0.1859,12.9372,7.1038,87.1681,8.6242,40.7112,1,0,0,0
0.1888,3.4567,8.4911,0.0381,35.0879,0.6113,0.0742,4.8575,2.599,63.3878,46.6978,35.6611,0,0,1,1
0.2822,1.142,5.8117,0.0222,15.0357,7.3725,0.1535,12.5861,1.4635,73.3167,21.5386,21.3186,1,0,1,0
0.1107,9.8958,4.4531,0.0904,13.5686,2.2417,0.025,7.6015,7.2009,52.4071,44.0725,41.2368,1,1,0,0
0.03,11.1033,0.6882,0.0794,32.8249,2.4447,0.3049,3.6663,4.7216,59.6814,2.5011,20.126,0,0,0,1
0.1918,3.6962,6.1864,0.1718,9.7887,1.6574,0.197,7.4532,4.1137,93.993,20.701,24.215,0,1,1,0
0.0848,14.3641,1.7534,0.2877,12.4226,9.9246,0.2818,6.6778,6.1605,108.562,48.5739,44.113,1,0,1,0
0.0763,13.5928,2.0353,0.2646,31.9005,7.2731,0.2488,12.2773,6.1114,70.342,23.6992,2.3991,0,0,1,1
0.2476,4.1152,1.299,0.1347,27.3749,6.2628,0.0501,3.7407,2.2934,87.0451,32.6184,30.7693,1,0,1,1
0.0771,12.8832,6.2837,0.1767,8.7982,9.063,0.0332,6.1038,7.447,47.3735,26.5133,24.1857,0,0,0,0
0.2198,4.9325,7.6796,0.0447,6.4603,4.9917,0.3184,2.5118,5.4538,113.9829,14.8699,16.9795,0,0,1,0
0.1074,6.6097,4.8346,0.3252,18.2949,9.1903,0.1741,9.8813,1.3557,39.8496,26.1074,40.4534,0,0,1,0
0.0487,9.2922,6.7265,0.0881,32.9448,6.799,0.193,5.6911,5.746,61.9682,31.0132,24.7949,0,0,1,1
0.0856,5.4527,4.2827,0.155,27.6176,7.5352,0.2886,6.0388,6.5654,44.2007,41.8072,35.3317,0,0,1,0
0.0817,5.4784,2.5596,0.2703,26.8845,0.8467,0.1864,10.5132,7.3621,111.2826,19.8414,30.3453,1,1,0,1
0.0406,12.657,3.1587,0.0255,29.6375,3.3021,0.1092,4.7739,1.0241,113.2084,35.7556,12.6623,0,0,1,1
0.0317,12.4412,3.2102,0.2979,32.3733,7.2969,0.2558,5.0724,3.2744,66.3891,27.3629,42.6913,0,0,1,1
0.1472,13.0452,2.3549,0.1419,20.2946,0.6518,0.0462,5.3012,1.4818,76.2357,48.0825,35.7882,1,1,1,0
0.3047,1.1739,5.5488,0.1299,28.1249,3.6689,0.1372,7.8081,5.7138,108.332,19.2241,44.212,1,1,0,0
0.2999,5.9826,3.4835,0.3257,26.536,6.1541,0.064,6.2115,5.1006,64.7633,49.4942,38.3501,1,1,0,0
0.1509,13.1925,4.6264,0.27,7.6474,6.0807,0.2985,11.7576,3.4547,110.5172,24.9356,36.1899,1,1,1,0
0.2396,2.3257,9.7135,0.0982,24.7741,7.3928,0.1704,5.2525,1.9543,107.0479,26.3843,38.6364,0,0,1,0
0.188,1.6255,9.4715,0.0969,21.1976,4.5493,0.2396,6.4362,6.4742,103.4762,8.2724,2.8701,0,0,0,1
0.1567,4.0794,7.0252,0.2614,39.6505,5.4652,0.0988,3.1332,6.1952,32.8712,37.1613,9.7576,0,0,1,1
0.0457,13.9959,7.1932,0.0376,39.757,5.5838,0.1073,10.7304,7.8233,113.9228,48.0504,10.8306,0,0,1,1
0.281,4.4523,1.5509,0.3363,7.8561,0.3363,0.2179,13.7857,2.0681,34.1298,19.9098,24.3853,1,1,1,0
0.2813,4.0476,3.5674,0.2294,17.5074,4.8193,0.0572,6.8315,5.7583,80.5888,26.7428,2.5343,0,0,1,1
0.2795,2.821,5.7765,0.2759,30.0553,5.3136,0.2113,12.7166,5.8854,51.3927,13.2677,23.1118,1,1,0,1
0.0465,5.6023,7.0055,0.0731,21.0286,2.4299,0.0278,7.699,2.6007,88.2495,46.3511,1.0643,0,0,1,1
0.1036,6.5527,4.9836,0.2549,18.7813,1.9934,0.1723,10.8475,4.4521,107.3336,23.4538,4.8267,0,0,1,1
0.2282,8.8769,9.3435,0.3484,10.3318,9.3603,0.2174,8.8921,5.7536,74.5502,32.7454,12.8555,0,0,1,1
0.1835,5.0938,1.8003,0.228,22.5945,4.2352,0.3225,3.5027,6.0875,43.3251,37.9148,33.1258,1,0,1,0
0.1563,12.0896,2.3781,0.2926,24.0993,6.3139,0.1721,11.1101,7.8379,93.769,44.1326,33.9789,1,1,0,1
0.1838,11.2526,0.8241,0.3259,14.9796,2.5258,0.0301,11.4643,5.314,66.4613,47.2958,2.5323,1,1,0,1
0.1359,10.6349,0.9157,0.0686,26.0194,9.3027,0.0351,3.8222,3.699,114.0654,11.3585,18.6034,1,0,0,1
0.1467,4.0482,1.8268,0.212,35.6335,7.1205,0.2643,12.5768,1.1353,52.3277,18.2359,16.6939,1,0,1,1
0.3155,3.8489,5.8051,0.1623,5.4585,9.8638,0.114,12.6539,5.4962,78.5966,27.4649,8.8451,1,0,1,1
0.1676,1.2909,5.6576,0.0472,29.2643,9.2295,0.3483,12.1103,1.3946,31.1345,26.7991,32.1073,1,0,1,0
0.1491,7.0066,5.2451,0.2087,23.1601,2.8905,0.3086,5.592,2.118,47.0573,3.5086,40.4922,1,1,0,0
0.2869,4.0493,8.5826,0.0834,12.0645,5.8838,0.2968,10.1215,7.8713,87.4188,5.567,37.1451,0,0,0,0
0.146,6.5243,8.407,0.2251,7.8967,6.6109,0.1847,5.024,0.965,82.2143,10.0976,27.1228,0,0,1,0
0.1296,10.7912,7.9715,0.072,23.4752,5.6426,0.1972,5.7907,2.929,82.2185,40.1576,2.5589,0,0,1,1
0.3369,11.0863,6.8889,0.082,14.6622,7.709,0.3134,6.8962,5.7896,113.9525,36.3326,17.6927,0,0,1,1
0.0301,13.4153,9.8075,0.1432,39.8976,0.3081,0.1578,5.3901,2.5517,58.9495,17.5271,39.058,0,1,1,1
0.2697,4.5359,6.8835,0.3203,12.2537,6.578,0.0996,2.6924,2.585,58.0595,3.5734,35.9856,0,0,0,0
0.16,14.7957,3.5175,0.1274,16.4588,8.4006,0.0408,2.4788,3.1277,66.1715,6.1445,11.6265,0,0,0,1
0.1682,11.7164,5.0574,0.1614,31.4557,1.7477,0.1563,2.4801,1.4019,44.2221,13.9889,14.034,0,0,1,1
0.1065,10.2415,3.7189,0.1911,5.5565,1.1057,0.0553,4.2687,3.2527,96.5993,12.847,7.8049,0,1,0,1
0.2963,8.0082,9.9287,0.0334,6.3851,3.9401,0.3419,7.3554,0.8138,98.3759,25.9675,6.3064,0,0,1,1
0.2387,8.6603,6.912,0.2338,21.64,0.5891,0.3211,5.901,4.2325,109.1373,3.9828,36.2784,1,1,0,0
0.2939,14.0782,5.3692,0.2725,36.8996,5.564,0.2519,9.4558,3.1412,60.9708,27.0065,14.359,0,0,1,1
0.1071,10.787,1.9523,0.0425,17.9398,2.1867,0.1079,8.4216,3.6438,114.7019,38.3771,15.5141,0,0,1,1
0.0264,4.3366,8.5121,0.1629,23.5523,8.9485,0.251,5.275,6.519,70.1164,17.8485,21.1516,0,0,1,1
0.0443,10.0618,6.3508,0.1874,30.8908,3.0308,0.0909,10.3657,4.9545,65.2137,6.7377,27.359,0,0,0,1
0.1855,14.4889,7.9123,0.0448,10.7049,0.3734,0.2701,2.2833,2.3869,107.3844,38.0567,20.3671,0,1,1,1
0.2796,12.8839,9.2142,0.0786,18.1474,9.7173,0.1056,13.7545,2.3871,103.6336,17.1174,18.3965,0,0,1,1
0.0517,8.0482,4.1266,0.1438,30.9082,3.875,0.1178,8.3836,7.1252,66.3647,48.5673,25.2605,0,0,1,1
0.1833,10.5365,5.7494,0.1123,10.6232,8.477,0.063,11.0918,5.5997,109.0846,46.57,25.3094,0,0,1,0
0.2123,13.3025,2.7659,0.2223,5.6661,3.391,0.0527,2.9471,5.4876,87.6162,35.5448,20.4803,1,1,0,0
0.0492,6.0664,2.277,0.1238,14.6856,4.318,0.2299,12.7254,2.6351,45.9552,38.0776,40.1949,0,0,1,0
0.2516,2.9595,1.8556,0.3127,19.1953,0.6373,0.2844,5.5626,4.8489,33.119,17.2396,43.967,1,1,1,0
0.1107,5.5915,5.9519,0.0408,30.5133,4.9976,0.1481,2.7259,2.6723,93.7494,4.601,31.7421,0,0,0,1
0.2167,10.6465,2.2301,0.1756,9.1619,5.0404,0.2123,12.5388,4.7191,45.6943,15.4084,12.9555,1,1,0,1
0.2096,10.985,1.8503,0.3153,39.7025,3.6834,0.1105,11.4971,2.756,41.3025,20.7407,19.4465,1,0,1,1
0.1783,3.9609,7.8687,0.1876,16.0354,2.8277,0.3326,8.2983,1.8257,98.244,41.9286,24.3066,0,0,1,0
0.1617,8.9398,0.8499,0.2872,10.7508,2.5296,0.1956,7.4404,2.8859,94.9187,10.7488,37.4096,1,1,0,0
0.0334,9.0514,2.4719,0.1019,34.9439,9.9637,0.1856,7.8399,6.0458,96.1522,9.7431,13.4047,0,0,0,1
0.1897,8.0869,3.8426,0.1418,33.0954,8.7463,0.3019,5.8161,4.2139,95.704,46.6677,44.6,1,0,1,0
0.2713,12.772,2.1231,0.2725,29.1044,7.5561,0.3407,5.7347,2.1538,79.2212,9.419,44.7837,1,1,1,0
0.1928,8.4644,6.9975,0.0961,12.3152,8.4125,0.0931,9.0131,0.8758,53.6452,41.0656,24.5997,0,0,1,0
0.1953,13.787,2.7353,0.0596,13.0043,8.5854,0.1349,10.0273,5.9288,89.9153,12.0657,15.9974,1,0,0,1
0.1151,6.6888,6.9657,0.2399,38.4358,8.314,0.0762,14.3175,6.3684,34.9307,18.4943,18.246,0,0,1,1
0.174,8.1291,6.4112,0.2458,6.0065,5.6558,0.3064,12.0595,7.7928,30.8262,30.4011,36.9461,0,1,1,0
0.2133,14.6207,7.0518,0.2383,22.163,5.9805,0.2319,8.2181,5.291,58.9542,32.7577,12.079,0,0,1,1
0.2694,4.8074,0.7022,0.2227,15.9729,8.5588,0.1061,6.8968,6.1622,108.7811,12.5943,35.8018,1,0,0,0
0.136,11.8523,1.2968,0.127,39.6202,7.8046,0.0837,11.9826,1.6307,94.8011,35.0721,14.7933,1,0,1,1
0.0355,13.9877,0.4275,0.2902,27.3489,4.6491,0.0976,8.9588,4.1412,67.6194,29.7499,17.2293,1,0,1,1
0.0647,2.9874,6.2108,0.2193,7.7431,4.7112,0.1694,12.9633,6.1402,105.3869,30.8539,41.4625,0,1,1,0
0.2086,2.501,6.5445,0.2062,31.9619,4.5167,0.1853,6.1899,1.1776,74.3424,2.9026,13.1167,0,0,1,1
0.3006,12.1736,0.9756,0.2484,38.5973,5.3896,0.2012,13.1416,7.8614,69.6469,14.0208,36.343,1,1,0,1
0.2343,11.723,4.6457,0.0548,14.5325,0.8127,0.1531,11.3324,5.4283,54.5716,28.9632,41.213,1,1,0,0
0.3108,10.9675,8.4065,0.1535,21.015,8.7145,0.0972,7.0855,5.0992,54.6863,44.569,29.7372,1,0,1,1
0.3333,1.813,9.1414,0.2733,12.1708,8.032,0.2478,2.1003,1.2305,83.968,19.3429,17.7884,0,0,1,0
0.3163,1.2015,9.1828,0.16,27.8173,4.3592,0.0407,8.1857,2.3035,36.6702,24.6361,13.2823,0,0,1,1
0.1927,6.7077,3.8565,0.1643,8.7922,4.9163,0.346,13.0189,6.6626,115.5725,28.8825,5.7236,0,0,1,1
0.2969,6.873,8.1544,0.2598,11.5673,4.4512,0.1319,12.8883,7.391,68.3678,8.9583,25.1721,1,1,0,0
0.1478,8.2342,5.1328,0.2681,21.3815,7.0068,0.2655,14.2845,2.3684,44.3703,4.9789,36.9374,1,1,0,0
0.1429,14.2067,2.9526,0.2437,21.5236,5.0789,0.3176,12.6227,5.6266,94.7659,41.4195,15.9278,0,0,1,1
0.332,12.0848,5.0727,0.0376,25.5744,4.3866,0.0371,10.559,0.5102,71.9295,38.7932,17.5714,1,0,1,1
0.33,13.8063,0.9976,0.205,31.0654,2.8969,0.0272,6.9036,5.756,49.5875,41.8183,27.7466,1,1,0,1
0.2104,5.9611,4.9323,0.1295,14.3868,6.0109,0.1071,11.9468,5.6808,68.095,39.9184,37.9923,1,0,1,0
0.0364,2.722,0.3374,0.0905,35.0592,2.3481,0.279,14.4847,2.071,55.2921,8.1242,11.3813,1,0,1,1
0.1319,7.3675,6.988,0.0445,36.8956,3.3207,0.2729,9.4364,4.3331,86.0635,13.2278,34.6931,0,0,1,1
0.1214,7.682,0.6882,0.2381,34.3136,3.6915,0.2565,7.58,6.513,102.5312,42.1903,28.0259,1,0,1,1
0.055,11.1854,9.1685,0.0941,36.9,8.332,0.2518,12.3125,4.694,44.6609,33.7772,19.5399,0,0,1,1
0.3256,2.0592,3.0222,0.0919,14.1472,2.4945,0.1399,10.5397,2.6985,32.5589,17.1222,11.0089,1,0,1,1
0.3442,10.8367,2.1536,0.1874,14.1129,5.3565,0.1181,4.477,4.6999,105.2449,33.1189,4.0229,0,0,1,1
0.3029,12.5837,7.2293,0.193,35.2615,7.1645,0.2995,4.0061,4.0294,98.9099,4.8744,33.3746,1,0,0,1
0.2507,2.0756,8.4272,0.3206,12.2052,7.9883,0.2027,7.7817,7.6713,65.9429,31.6621,22.3508,1,1,0,0
0.3153,13.6638,4.6449,0.233,34.8068,9.1059,0.1361,4.0741,3.4483,114.2891,19.7531,28.1008,1,0,1,1
0.1362,5.1131,5.7658,0.0427,14.7006,8.2393,0.108,7.7464,4.2604,63.086,12.5026,41.5867,0,0,0,0
0.1589,8.6364,2.4941,0.312,11.3847,9.6665,0.3141,10.8037,3.6704,42.3353,12.9552,29.3824,1,0,1,0
0.2732,10.2257,2.0868,0.1609,20.1959,1.9715,0.1591,12.1503,6.1718,118.8621,42.2696,36.2546,1,1,1,0
0.2485,1.3954,4.0684,0.0328,15.8585,2.8424,0.2743,5.9662,4.2895,99.588,40.7136,3.109,0,0,1,1
0.0956,5.58,4.2402,0.0224,19.7108,3.9953,0.2574,2.9765,4.5684,58.5047,48.7296,42.3175,0,0,1,0
0.1962,12.489,2.8977,0.2175,11.1473,4.3305,0.2677,12.9312,5.4622,77.9495,42.3069,1.144,0,0,1,1
0.1731,11.9585,2.9447,0.1855,36.0163,0.4607,0.0835,12.0245,3.1908,47.2499,20.017,9.4564,0,0,1,1
0.0735,1.2052,9.9806,0.2021,17.1686,0.5997,0.0766,2.4921,5.8788,104.6722,40.5116,17.4895,0,1,0,1
0.1545,12.0742,5.1138,0.2352,33.7544,5.7649,0.3356,5.2916,1.241,68.3518,2.4231,27.0254,0,0,1,1
0.1556,11.3696,8.8828,0.2114,20.3997,8.4439,0.215,8.813,2.5208,68.171,48.2858,7.2869,0,0,1,1
0.2496,2.2513,8.7594,0.1032,36.2801,6.3348,0.3436,11.6785,1.9676,54.1171,16.5856,38.1044,1,0,1,1
0.3441,1.6623,5.3634,0.0486,11.9059,2.9007,0.2357,2.487,3.8472,73.5012,19.4041,28.0956,1,0,1,0
0.2865,6.7504,1.9446,0.323,36.3325,7.5463,0.0688,2.1189,6.5676,85.2396,23.1795,16.5953,1,0,1,1
0.1655,11.4846,6.8269,0.3378,24.7261,9.2427,0.0934,3.4771,4.2352,56.3661,39.577,24.5893,0,0,1,1
0.0739,14.9277,7.3267,0.0646,16.2362,5.8615,0.0854,11.3565,4.9057,64.2851,41.1463,14.4742,0,0,1,1
0.2429,3.9418,6.5529,0.2266,12.7157,5.2388,0.2191,7.5034,6.6122,52.8641,43.7934,13.1478,0,0,1,1
0.2565,14.7804,5.3466,0.1278,24.9974,5.4509,0.2264,8.6481,6.2819,69.9214,5.6356,28.6842,1,0,0,1
0.1873,7.8883,1.3447,0.3422,35.4558,1.2728,0.0604,5.5899,2.8894,116.5313,11.3242,37.0202,1,1,0,1
0.102,12.448,3.8332,0.1088,36.3608,2.1982,0.1676,2.3543,7.48,94.9051,17.719,33.898,1,1,0,1
0.1574,13.9555,0.4094,0.2627,35.8436,6.8706,0.2759,2.9947,7.1921,115.4345,42.7167,7.8761,1,0,1,1
0.1897,12.6753,3.1319,0.294,14.183,3.6152,0.2236,9.0926,1.3485,57.1133,24.9637,42.3906,1,1,1,0
0.2702,8.3417,6.6857,0.343,36.318,3.6071,0.0747,9.9119,2.0076,109.5553,43.1426,30.6431,1,1,1,1
0.2338,14.8283,9.5873,0.3461,19.8158,5.3454,0.1911,2.5628,7.6154,68.0748,27.0104,10.5819,0,0,1,1
0.1973,12.5872,9.6487,0.1371,39.211,4.7466,0.0792,11.9925,3.9975,33.7955,2.1595,4.4498,0,0,0,1
0.1825,12.0875,6.9852,0.0474,28.8264,3.7799,0.0934,4.5152,7.7743,97.0616,16.7008,29.1005,0,0,0,1
0.1697,10.5935,3.6977,0.2983,28.9406,3.2543,0.2526,7.4896,5.3364,59.679,39.514,11.4557,0,0,1,1
0.0265,11.6842,8.0497,0.2852,19.3021,5.5803,0.1812,7.3922,5.8345,106.6171,3.751,20.9336,0,0,0,1
0.1945,1.5453,1.012,0.1644,23.8691,5.4092,0.0622,7.437,2.0582,56.4575,46.2767,39.1346,1,0,1,0
0.2121,6.0369,5.5076,0.1532,32.0994,0.5687,0.1323,8.2367,3.6359,104.5715,25.0046,35.5486,1,1,0,1
0.2312,2.9118,8.6893,0.1969,19.2701,5.8556,0.2891,6.5111,7.6104,59.1984,49.5659,23.24,0,0,1,0
0.2708,4.3816,2.4303,0.3352,35.5224,6.3052,0.0954,6.7617,3.9229,108.497,17.635,36.9887,1,1,0,1
0.0873,9.5018,5.972,0.088,11.3606,1.2521,0.3,5.509,6.6529,46.2943,40.0273,29.0486,0,1,1,0
0.2172,6.1422,1.8281,0.2563,34.8861,5.7181,0.0352,13.8945,3.8523,54.1439,21.7805,30.2713,1,1,0,1
0.0396,11.2926,0.3212,0.0733,12.8053,5.3174,0.0759,6.0924,3.0589,84.4069,35.3487,36.7436,1,0,1,0
0.2124,14.7336,4.8171,0.2155,39.8331,7.819,0.2176,9.7,4.9369,30.462,28.1732,17.7018,0,0,1,1
0.0446,12.2724,9.8944,0.2912,24.1079,1.7113,0.2581,8.403,5.2675,101.9381,13.1949,18.1112,0,1,0,1
0.137,1.7934,1.0143,0.1014,7.9862,7.9503,0.1419,5.8026,5.0968,79.9644,49.6532,13.2032,1,0,1,0
0.3421,10.4648,1.8686,0.1997,34.0737,3.9906,0.1107,8.4535,5.7858,68.6264,13.3177,35.5736,1,1,0,1
0.1192,3.1582,5.486,0.3205,10.9188,7.9322,0.2178,2.6159,6.8927,94.6423,5.97,42.5084,0,0,0,0
0.1135,1.2807,0.7376,0.2861,27.7457,5.3678,0.0241,2.85,1.7245,116.3962,14.2348,42.467,1,0,1,0
0.0895,11.8738,5.4439,0.0741,25.8453,0.4321,0.1833,8.3611,5.1047,74.0758,30.731,25.958,0,1,1,1
0.184,9.868,3.6274,0.3314,8.3747,6.9116,0.1353,4.1288,4.4856,82.9664,44.3808,1.6464,0,0,1,1
0.1129,4.4254,8.0435,0.1579,38.8773,3.1244,0.1853,3.7854,3.1246,56.3181,27.9438,8.5487,0,0,1,1
0.1675,5.271,9.8135,0.2446,16.8045,8.5138,0.2114,10.6438,0.7326,107.03,24.6478,12.4968,0,0,1,1
0.0865,9.4271,9.8582,0.1219,15.2561,2.6843,0.0548,13.0042,4.592,67.1465,4.7785,18.6803,0,0,0,1
0.0734,12.3747,2.8956,0.2339,17.4512,5.4459,0.1258,7.6071,2.9111,58.6203,6.7377,33.1605,1,1,0,0
0.1854,3.8099,8.7984,0.1392,36.8007,1.4735,0.3213,9.3846,0.5704,92.3022,32.5608,36.0985,1,1,1,1
0.0415,11.3881,7.5649,0.13,30.2984,6.8527,0.1237,7.9574,2.5345,47.5278,31.4362,36.4875,0,0,1,1
0.183,8.3385,6.9943,0.1408,30.2106,4.2936,0.3215,12.3518,4.3723,95.3839,26.6809,42.5458,1,1,1,0
0.1555,5.7013,5.4551,0.266,27.0839,2.9847,0.0456,10.3438,4.6185,108.5668,21.9684,16.4782,1,1,0,1
0.3275,14.2854,9.8927,0.3136,21.302,3.2474,0.2469,11.3377,4.6166,93.0779,42.6714,32.7596,1,1,1,1
0.3207,2.3919,9.8925,0.0375,25.3341,8.753,0.1997,3.9862,6.8339,100.2462,45.3756,32.878,1,0,1,0
0.0889,2.8018,1.8371,0.2804,34.9872,7.8288,0.0233,11.9958,1.8751,101.6358,19.0388,9.2935,0,0,1,1
0.1189,4.3825,8.4615,0.2027,13.5032,1.254,0.0511,10.0526,7.5895,112.7711,17.4896,24.6637,0,1,0,0
0.0592,14.5913,0.3515,0.0865,29.6203,8.6081,0.2501,9.2298,4.4077,93.5916,41.9079,17.4894,1,0,1,1
0.0424,4.7368,9.7669,0.2743,37.0814,1.5216,0.1742,10.3728,3.8921,76.597,6.5413,36.7164,0,1,0,1
0.0896,5.5176,6.8838,0.1551,18.1396,7.6245,0.0512,5.6737,6.5719,48.4289,6.5765,6.4311,0,0,0,1
0.2063,12.8485,1.8208,0.268,38.0152,8.8073,0.1256,12.0886,6.7449,111.8542,6.7778,39.4437,1,0,0,1
0.1961,2.8614,5.8515,0.2966,28.9187,3.368,0.3247,11.9208,6.2521,91.1563,14.1861,2.7701,0,0,1,1
0.2308,2.8783,1.1611,0.1924,23.529,5.4299,0.3452,9.3105,5.0236,72.047,42.2757,24.6677,1,0,1,1
0.0289,2.2694,6.7359,0.272,27.0582,9.6714,0.1059,7.6341,3.9682,53.4615,25.7504,9.4476,0,0,1,1
0.1859,9.0325,7.6293,0.3463,13.1889,2.4573,0.0652,8.8481,5.6922,45.3272,9.9876,33.4057,1,1,0,0
0.1571,5.1934,6.1905,0.2331,23.009,2.5114,0.2713,5.344,2.4827,82.3242,27.1198,36.9327,1,1,1,0
0.2172,5.8344,5.1392,0.2989,38.1015,5.6187,0.0276,4.7274,4.3675,48.1575,3.8427,25.7358,1,0,0,1
0.0986,8.0688,1.3144,0.2082,19.5527,3.0055,0.2659,3.5496,4.6619,53.6647,40.6597,12.5458,0,0,1,1
0.1881,4.3213,1.3339,0.2167,30.8172,8.6145,0.0699,7.0357,6.5538,72.4498,18.0469,43.9781,1,0,0,0
0.1812,6.9345,4.8073,0.2187,6.3052,4.8468,0.1027,4.4929,2.9128,71.9813,45.9228,21.9773,0,0,1,0
0.143,12.2948,3.8303,0.2847,20.4803,9.9706,0.2505,5.1359,4.7594,30.6965,24.3921,32.5911,1,0,1,1
0.0318,8.9148,2.0253,0.3115,13.1505,2.582,0.2133,8.8517,5.0276,73.2419,6.0582,12.5942,0,1,0,1
0.2093,14.1289,9.024,0.2163,25.5238,9.0082,0.3104,8.0409,7.0074,119.1552,2.1156,16.2452,0,0,0,1
0.095,12.4807,1.6355,0.3071,20.3906,5.5666,0.0374,14.0419,4.2253,80.2092,38.4945,38.4499,1,1,0,0
0.3171,3.9411,7.7994,0.1767,36.214,6.5208,0.2751,9.5471,1.4035,53.1548,5.3027,2.9679,0,0,1,1
0.3254,6.5053,9.4062,0.0759,5.9049,1.5882,0.1932,4.7477,1.2286,116.452,17.6286,13.8999,0,0,1,0
0.2082,13.8797,5.2705,0.2402,26.5971,9.2304,0.2769,4.4623,3.9331,98.4746,16.3797,11.7649,0,0,1,1
0.2467,7.5114,8.8104,0.2565,22.9909,5.7088,0.3417,5.6318,2.8373,95.7647,41.2949,27.4428,0,0,1,1
0.2822,12.9718,0.3445,0.0529,35.6592,5.895,0.1893,9.5075,1.3883,112.1987,17.0567,10.2364,1,0,1,1
0.0961,2.1319,6.4498,0.2487,37.8159,1.1702,0.3058,12.8658,5.3274,55.6633,40.5311,10.7842,0,0,1,1
0.0545,4.8754,1.1842,0.0855,34.9526,3.6648,0.1111,5.8269,5.1862,78.4894,21.1221,10.3329,1,0,0,1
0.2065,11.411,3.1612,0.1068,13.6353,7.8683,0.3012,3.837,1.5689,94.4732,29.132,20.3804,0,0,1,1
0.2764,14.8601,2.9168,0.1115,39.255,9.5743,0.1543,14.8407,2.9547,67.6228,16.0888,19.5488,1,0,1,1
0.1927,6.8861,3.2757,0.1371,6.0948,0.7454,0.1741,14.8104,2.5982,86.4496,22.8518,7.3355,1,1,1,1
0.1102,7.3507,7.7783,0.2911,39.6077,5.511,0.2386,7.1842,0.8798,95.0514,10.417,10.7684,0,0,1,1
0.197,5.5198,8.2892,0.2395,6.9312,7.29,0.2337,6.5251,5.6493,54.6105,45.1223,15.0553,0,0,1,0
0.2119,12.7256,2.1762,0.123,24.4635,5.3068,0.0853,7.5922,0.8,46.9216,12.3434,44.113,1,0,1,0
0.3154,1.2476,6.6958,0.3264,30.7547,2.2871,0.2984,10.2658,6.8227,49.0614,4.3603,34.6409,1,1,0,0
0.0577,11.5505,7.2726,0.1752,13.1267,2.2608,0.216,13.0149,2.8267,114.8828,16.7346,28.5399,0,1,1,0
0.0436,10.4871,2.7991,0.1345,8.5779,9.3695,0.2686,3.9169,0.698,96.0491,3.4778,19.0307,0,0,1,1
0.0339,2.711,6.9534,0.2682,15.957,5.2298,0.0504,7.5788,7.9401,40.6768,6.3301,39.3707,0,0,0,0
0.1443,1.5567,3.2668,0.1525,10.3414,9.2228,0.1552,2.5356,0.9545,94.7434,9.9024,26.4508,0,0,1,0
0.2289,6.7575,7.2622,0.0598,39.1309,7.7341,0.0577,9.7128,4.4456,93.1986,28.3876,13.8671,0,0,1,1
0.1687,6.0234,9.6815,0.1201,22.7858,0.6637,0.1942,7.3881,2.7071,100.0581,21.1308,35.0552,0,1,1,0
0.2793,10.3729,0.3276,0.327,5.105,3.5399,0.2306,7.8568,2.1067,103.0177,42.4163,15.9245,1,1,1,0
0.1499,14.2648,9.4717,0.285,29.9799,3.592,0.1873,12.7739,7.7369,84.7935,13.5375,14.2375,0,0,0,1
0.2876,2.0754,7.2805,0.2098,38.9974,9.3036,0.2965,5.7249,5.6334,110.8309,5.5457,44.8156,1,0,0,0
0.2637,3.0526,5.462,0.2806,10.9432,2.1591,0.0827,9.0262,6.698,70.3257,26.5024,26.4844,1,1,0,0
0.0453,6.7467,7.9598,0.2407,28.7733,9.1205,0.1981,7.7039,0.9913,95.9642,49.8877,38.7901,0,0,1,0
0.1236,10.2969,4.1074,0.1684,33.7281,3.3684,0.1926,10.177,6.9789,61.0951,40.6486,25.0058,0,0,1,1
0.2225,4.7382,3.8262,0.343,18.8634,1.4989,0.1977,11.9404,1.9387,58.0441,21.5348,41.4396,1,1,1,0
0.0862,10.8183,2.4283,0.2179,35.5801,8.4261,0.1847,14.352,1.2818,99.2824,9.9391,14.2865,0,0,1,1
0.1385,14.0471,3.3486,0.1509,5.636,0.3781,0.1843,6.8399,4.9115,112.1949,41.254,6.2557,0,1,1,1
0.045,4.2724,9.0685,0.1403,9.0692,4.0562,0.2777,13.8635,5.7569,95.0722,46.7264,14.3046,0,0,1,0
0.1977,11.0876,7.693,0.06,28.5108,4.2317,0.0694,3.3643,1.3679,33.3463,18.8824,30.3018,0,0,1,1
0.0903,5.3286,7.2247,0.0676,8.1539,5.3315,0.0373,10.9759,0.6201,37.9674,17.0198,31.9938,0,0,1,0
0.1117,11.1018,3.6734,0.0379,30.8459,4.1643,0.0493,2.8133,1.5718,64.1748,39.7337,22.6412,0,0,1,1
0.0688,8.7137,6.964,0.1235,18.0854,8.4446,0.2994,5.7205,1.1207,62.3166,26.5351,12.2689,0,0,1,1
0.0538,13.7094,1.2418,0.2961,17.692,9.463,0.3052,12.7698,3.7304,91.1196,20.0876,21.0888,1,0,1,1
0.1605,6.3324,6.1539,0.2322,8.7117,2.5448,0.1314,14.5501,2.1696,88.5476,5.3629,10.8717,0,1,0,1
0.204,9.7788,8.7364,0.3105,19.8621,9.1042,0.0309,9.6081,4.1985,73.5956,28.6868,39.2708,1,1,0,0
0.3469,13.5917,6.7876,0.3134,19.7222,4.2008,0.0757,2.3621,3.8191,69.6496,26.1571,16.3437,0,0,1,1
0.2761,5.837,3.2861,0.0678,9.0986,1.1403,0.0814,13.1237,2.6056,42.8568,39.8471,31.1971,1,1,1,0
0.1828,11.584,4.0864,0.099,10.1292,4.9473,0.2665,14.3612,7.707,97.5387,38.7333,17.6647,1,0,1,1
0.1735,4.5481,8.9024,0.3012,37.4434,5.4531,0.111,13.7891,7.5556,99.4343,31.9297,19.9269,0,0,1,1
0.0842,6.1558,1.8387,0.0342,7.395,0.8937,0.0704,5.525,2.7117,115.6433,18.1131,44.9863,1,1,0,0
0.1482,8.0933,9.636,0.0839,24.6244,3.3583,0.243,6.6507,2.3351,31.1311,26.0743,29.2321,0,0,1,1
0.346,11.8787,8.8487,0.3108,7.5339,6.3957,0.2642,8.7948,7.3178,114.8066,13.2423,42.2329,1,1,0,0
0.2167,1.7409,8.1252,0.2818,19.0696,7.2382,0.3499,10.275,4.8181,44.7298,33.2543,16.3479,0,0,1,1
0.0418,9.3895,5.7465,0.2592,32.715,0.3965,0.2347,3.8714,7.4425,40.4014,41.3487,39.4808,0,1,1,1
0.1632,9.9122,8.2175,0.3379,17.5587,9.0763,0.2695,7.4275,1.4901,49.9156,16.1613,10.732,0,0,1,1
0.2543,3.3639,6.097,0.2966,39.9964,9.1448,0.0439,13.946,3.9455,99.5098,28.4267,11.9476,1,0,1,1
0.2023,4.0108,0.6099,0.0756,19.4607,4.6711,0.0704,12.7719,3.8671,30.5319,23.2834,43.1054,1,0,0,0
0.1339,7.5904,8.6076,0.2406,39.0318,8.4464,0.1924,9.9185,3.503,63.4893,13.1674,22.9501,0,0,1,1
0.2296,6.968,3.0702,0.3124,14.3318,9.0854,0.1303,3.3493,7.1647,114.0839,10.046,20.7114,1,0,0,1
0.062,11.5918,3.4071,0.0679,13.685,5.702,0.1411,14.0008,1.1412,88.3179,11.8065,42.0931,0,0,1,0
0.1459,4.1964,2.9411,0.1056,27.4678,5.2908,0.1453,10.6758,2.6061,95.7704,8.6908,4.9045,0,0,1,1
0.0251,8.8383,2.7361,0.1412,24.6718,9.1364,0.3231,4.4772,0.9838,36.7055,25.682,19.9922,0,0,1,1
0.3198,8.105,6.6645,0.217,38.448,0.9678,0.0394,8.147,2.7567,115.8371,35.4147,14.5166,0,0,1,1
0.1324,5.7185,3.3559,0.0517,12.3845,4.9389,0.0441,2.4447,4.5954,56.9155,36.5937,32.8247,1,0,0,0
0.3239,12.0377,8.8717,0.2129,9.7526,9.0873,0.0474,11.3939,7.7583,73.8349,6.9799,3.9282,0,0,0,1
0.1968,1.498,6.3011,0.0302,16.4577,1.1696,0.2755,6.0287,6.5934,37.109,5.6748,29.2832,0,0,0,0
0.181,4.7564,2.525,0.1173,23.4025,4.0977,0.1846,9.1784,7.8543,116.5103,14.1011,41.4604,1,0,0,0
0.2771,8.6074,8.402,0.0698,11.9654,3.5543,0.0641,4.7445,6.2735,58.6527,18.221,14.0206,0,0,1,1
0.1872,4.9705,7.1304,0.0259,22.491,3.3386,0.2403,3.6382,6.558,31.4587,45.8843,15.1048,0,0,1,1
0.3149,8.6782,9.9085,0.3496,15.3,8.2097,0.1312,10.4417,3.5731,47.0238,47.3436,11.9846,0,0,1,1
0.0941,12.2319,6.4683,0.2577,26.4474,1.9409,0.0941,7.9327,7.4328,113.9645,30.5461,21.5528,0,1,0,1
0.2433,10.9149,6.1733,0.3349,26.8687,2.3016,0.1001,12.5967,1.1571,70.7749,21.4677,24.8774,1,1,1,1
0.1083,1.3723,7.64,0.2381,21.4841,0.6761,0.1093,3.3052,2.4747,58.6956,17.481,40.5736,0,1,1,0
0.1155,7.1476,6.0036,0.065,22.3184,1.0081,0.2512,7.9648,2.8297,73.1678,16.9472,22.2124,0,0,1,1
0.1592,6.0897,5.8108,0.0246,25.36,3.0427,0.0572,14.5857,3.2974,87.5183,21.3779,7.4817,0,0,1,1
0.0709,8.7929,7.1447,0.2399,35.4664,2.2333,0.2703,10.2731,4.4511,92.4027,9.429,42.1281,0,1,0,1
0.1753,3.8861,0.9051,0.3095,10.1486,6.0455,0.3266,3.2128,5.6257,58.3559,18.3938,2.6946,1,0,1,1
0.2775,9.478,4.3957,0.243,7.9817,3.1272,0.2723,3.4365,4.9688,72.0385,26.1648,7.4745,0,0,1,1
0.3317,1.368,2.7933,0.0271,18.8851,2.2312,0.2209,9.0107,3.7703,78.6565,12.1606,18.4052,1,0,0,1
0.1341,8.709,3.6691,0.2076,22.229,6.009,0.1488,8.3021,2.2317,101.8477,7.7222,43.8891,1,1,0,0
0.148,14.9394,4.2515,0.1759,35.5739,1.2188,0.3267,10.8013,4.9313,54.9214,10.272,36.4193,1,1,0,1
0.1959,3.5843,7.1941,0.1147,15.2757,4.4852,0.032,5.6158,1.9369,91.1576,15.5935,41.5729,0,0,1,0
0.2319,12.5329,4.284,0.228,35.7669,3.0463,0.0563,5.313,5.2377,94.4964,36.8855,14.3329,0,0,1,1
0.0451,2.5779,3.9969,0.1674,38.694,0.5228,0.3332,3.7791,6.5992,60.5743,13.9568,24.9319,0,1,0,1
0.0949,6.2737,6.3347,0.2991,9.3824,0.6146,0.0218,14.7739,5.5856,67.3137,35.9552,36.5536,0,1,0,0
0.3223,3.5928,1.4814,0.3152,31.3495,1.3405,0.1265,10.0497,0.6597,35.663,10.6657,33.7447,1,1,1,1
0.1483,1.3398,9.0062,0.1114,14.5614,2.5651,0.183,2.5594,1.5454,90.8593,34.6535,8.8413,0,0,1,1
0.2147,11.8214,9.4006,0.3467,35.4815,4.2145,0.1009,2.3076,1.0572,68.9383,11.8081,4.6024,0,0,1,1
0.2895,4.56,3.813,0.1772,36.7854,4.9127,0.3326,11.6029,3.2015,47.478,8.0522,41.8748,1,1,0,0
0.0785,10.3806,6.1394,0.199,36.2223,9.6903,0.128,11.3055,7.4918,86.1677,13.8204,14.4897,0,0,0,1
0.1077,10.6705,5.7864,0.2681,28.6943,9.2161,0.1403,8.225,2.4359,59.8054,13.7052,8.6211,0,0,1,1
0.1971,6.3151,3.1529,0.3283,22.9033,7.3602,0.3033,13.2986,0.7439,71.871,38.4733,11.1296,1,0,1,1
0.1786,9.645,8.4119,0.1863,24.9293,9.3253,0.2389,8.5664,3.884,39.1898,26.7993,20.6115,0,0,1,1
0.2066,10.8735,4.5487,0.3397,20.53,4.1437,0.1423,7.0651,6.744,69.7724,15.2169,14.6337,1,1,0,1
0.3037,12.2234,7.5296,0.0494,16.3335,1.0428,0.2989,5.2196,5.8506,94.6093,17.0514,15.3544,0,0,1,1
0.2036,2.0079,7.0578,0.0256,34.6582,8.9561,0.2836,9.0711,3.3562,77.9482,10.0637,30.9929,1,0,0,1
0.1213,2.2444,5.0539,0.2286,31.7774,6.5188,0.1734,7.3073,2.1726,105.6396,13.1158,44.3108,0,0,1,0
0.3164,4.0589,3.4809,0.3222,31.5819,2.7828,0.0928,13.0607,5.6486,92.4986,36.9642,37.1528,1,1,0,0
0.3408,8.7316,8.6725,0.0466,18.0541,6.2741,0.1403,9.8722,6.5806,108.7583,49.916,10.1684,0,0,1,1
0.1882,12.1628,2.4256,0.3286,19.6894,9.4931,0.2124,6.0318,2.4789,102.8201,33.9171,28.8441,1,0,1,1
0.2541,2.4281,2.3409,0.1189,24.3431,7.3027,0.2127,10.865,2.3387,36.4217,33.9341,20.2174,1,0,1,1
0.2192,12.4125,1.0648,0.2303,5.8626,0.3803,0.1526,10.2199,2.5782,80.1823,15.4574,2.8436,1,1,0,1
0.1276,6.5289,4.4661,0.0292,7.9902,9.2662,0.3463,6.0723,6.4588,67.1634,7.0388,17.1794,0,0,0,0
0.2745,8.3349,8.7112,0.0457,14.2551,1.3659,0.3394,5.4285,3.164,37.377,2.7124,8.1175,0,0,0,1
0.0261,13.3404,4.5832,0.0483,7.7044,6.469,0.3486,5.8953,4.4598,34.1117,41.1354,24.6782,0,0,1,0
0.0898,2.389,5.8041,0.2073,39.1598,5.2366,0.2244,8.587,4.3306,102.0656,45.4575,36.6544,0,0,1,1
0.1213,11.7884,7.9859,0.2892,9.9586,0.9957,0.241,2.2874,4.2985,83.9802,14.5001,29.9131,0,1,1,0
0.03,6.4635,2.9332,0.3312,23.6914,7.1615,0.28,5.8291,1.7368,44.6336,7.03,35.0963,0,0,1,0
0.117,8.342,8.0985,0.1911,16.6416,3.7241,0.1548,5.6582,0.9032,118.7403,45.0174,23.5735,0,0,1,1
0.1601,11.1276,5.3393,0.0861,5.501,8.9738,0.3061,9.8909,1.3479,83.0478,20.5969,27.8831,0,0,1,0
0.0846,7.7077,6.8021,0.1368,27.4747,3.024,0.2167,12.0633,1.2613,68.0702,8.4999,14.1346,0,0,1,1
0.2531,5.9969,2.808,0.2132,27.8974,4.4875,0.197,10.0661,3.4241,54.4135,43.5034,43.8615,1,1,1,0
0.2677,13.5275,8.0024,0.0925,7.3872,3.0501,0.2953,6.8057,2.4637,73.2043,22.6342,23.5918,0,0,1,0
0.0366,6.6004,2.5807,0.0603,6.5046,9.4323,0.0253,7.3641,3.1461,73.7265,30.2034,40.6879,0,0,1,0
0.0527,11.3759,1.9862,0.063,20.0789,0.4037,0.2286,9.4748,7.9562,109.4562,44.868,31.6303,1,1,1,0
0.0953,14.004,4.904,0.3282,5.2819,5.8587,0.2702,13.8622,5.9527,40.5781,38.1513,5.5298,0,1,1,1
0.3054,2.8488,7.2689,0.3268,5.4726,8.8466,0.062,13.0276,7.2061,37.1479,21.8663,15.6161,1,1,0,0
0.1631,12.3387,6.9955,0.2089,31.2158,0.8232,0.2653,7.0009,7.6369,95.6808,45.5238,13.6021,0,0,1,1
0.0279,13.2683,0.4884,0.1096,39.6785,6.3051,0.1357,11.59,6.9012,76.1738,33.5328,11.9282,0,0,1,1
0.0277,11.9901,0.463,0.0858,10.9068,0.9241,0.3354,3.6394,6.0341,49.6909,31.5206,36.3849,1,1,1,0
0.2597,3.5844,8.5091,0.1183,7.1916,7.5178,0.077,10.1893,2.3093,61.2496,6.9861,38.4106,0,0,1,0
0.287,2.9581,3.7871,0.1782,30.4794,0.6846,0.1066,8.0411,5.821,105.93,34.0323,22.5115,1,1,0,1
0.1709,13.3353,3.2616,0.1531,9.1785,3.6323,0.1704,11.4296,5.6937,43.8709,4.6702,20.3806,1,1,0,1
0.3451,7.5205,5.0667,0.3155,21.7856,0.4213,0.2201,10.5109,4.3529,51.5588,12.6897,23.7074,1,1,0,1
0.1046,5.4211,7.2152,0.282,11.3338,8.0497,0.1605,13.562,6.4402,43.9182,35.1328,32.0128,0,0,1,0
0.0598,11.2234,7.1176,0.0984,25.8614,4.3105,0.0494,6.4869,0.6312,55.5193,2.064,10.523,0,0,0,1
0.3411,11.017,1.7593,0.2889,18.8549,9.8806,0.2999,14.2623,4.6174,105.6504,3.1224,33.3916,1,1,0,0
0.1541,13.9233,9.2439,0.3377,6.3323,0.3966,0.1037,3.8837,6.2839,51.0663,29.1076,12.0026,0,1,1,1
0.0338,2.8465,9.0702,0.1662,34.3673,7.1214,0.1907,9.7782,5.1919,40.9464,47.3884,36.8377,0,0,1,1
0.2888,4.5713,0.57,0.0931,25.0444,8.1676,0.1776,13.9915,6.1076,51.5126,13.967,21.6605,1,0,0,1
0.1124,14.2824,0.722,0.2659,26.6723,6.654,0.0494,2.7999,3.8143,117.7621,11.2292,36.5025,1,1,0,1
0.1774,1.9864,5.0483,0.273,27.1112,3.3396,0.1399,12.0987,5.8243,56.9097,14.3657,23.6078,1,1,0,1
0.2278,7.8027,2.3259,0.2438,23.3947,4.4629,0.2493,5.7656,5.0311,40.0944,11.3749,39.6027,1,1,0,0
0.0677,6.9074,7.3754,0.2042,24.6994,1.9095,0.2012,8.4958,3.8639,102.9645,37.6384,4.2996,0,0,1,1
0.2681,10.4269,0.79,0.1796,19.215,6.2632,0.1182,8.8937,4.5017,48.5617,44.4537,36.9838,1,0,1,0
0.175,9.2723,7.2061,0.055,15.0586,4.4019,0.3008,10.0209,2.5742,72.6204,33.0454,32.8927,0,0,1,0
0.1734,13.9522,7.5136,0.3364,29.8377,5.5794,0.1413,8.4188,5.7208,117.4404,30.6909,34.6019,1,1,0,1
0.2129,5.9212,8.5262,0.1094,33.0613,2.291,0.2028,13.1287,2.0812,118.8506,33.7211,21.723,0,0,1,1
0.0927,5.3952,4.1482,0.2304,21.6806,9.1045,0.1053,2.4146,3.1542,64.0428,7.6041,38.4606,0,0,0,0
0.0564,12.1983,5.1543,0.1134,35.9809,2.875,0.2178,3.6808,6.0717,81.3938,22.5207,41.3889,0,0,1,1
0.3361,8.8933,8.8805,0.1074,31.7981,7.3857,0.1438,3.7363,1.0442,115.5254,35.2765,24.2395,0,0,1,1
0.0524,10.0334,6.6377,0.2161,22.1874,7.9875,0.0692,13.1328,7.1637,119.7893,18.5345,9.6869,0,0,0,1
0.2041,2.0881,3.4538,0.1242,11.4328,2.4123,0.2594,6.1206,6.2561,113.3152,11.5404,16.8037,1,1,0,0
0.2771,13.3063,4.3339,0.0558,24.0308,1.9276,0.2879,12.5359,5.072,47.5683,45.0067,33.4591,1,1,1,1
0.0834,14.965,4.9298,0.2374,23.7455,3.9496,0.2147,7.8657,1.3248,108.7165,25.5931,18.3552,0,0,1,1
0.0695,4.2274,4.9006,0.218,9.8415,4.8256,0.3329,5.4748,1.7589,102.7733,42.512,33.6255,0,0,1,0
0.2097,6.5508,2.336,0.2521,36.5796,4.8954,0.2765,11.926,4.7794,66.9085,31.4468,39.0372,1,1,1,1
0.1844,10.7637,2.3555,0.2883,9.3466,8.7064,0.2828,8.013,4.2025,72.6443,11.5277,34.1521,1,1,0,0
0.2708,7.5244,0.5265,0.0508,9.2009,8.9463,0.209,5.9295,7.5732,53.6369,6.0459,11.9465,1,0,0,1
0.0734,5.7322,7.9734,0.1625,10.9379,1.8306,0.0704,11.4602,2.9561,106.8838,22.0048,42.516,0,1,1,0
0.1534,11.8717,2.9562,0.2273,17.0091,7.3692,0.1912,8.6307,4.8382,105.6983,19.4828,9.0484,0,0,1,1
0.1337,11.1367,9.1904,0.0411,20.543,8.7315,0.2327,4.6692,5.729,52.4376,9.5648,3.4205,0,0,0,1
0.0366,3.8513,0.6886,0.2437,29.4319,0.8503,0.2388,12.4511,7.5527,116.7057,38.6232,36.7377,1,1,1,0
0.1633,6.9262,2.0479,0.0609,18.7162,0.9113,0.1431,13.1251,2.4198,68.8486,32.6232,41.9576,1,1,1,0
0.07,9.8577,8.8904,0.0574,27.4772,5.1322,0.1631,6.0136,5.1162,47.2728,29.7638,2.1681,0,0,1,1
0.1308,4.7818,4.2227,0.2497,10.3536,5.7441,0.1736,11.1843,1.6885,77.5196,7.1661,33.644,0,0,1,0
0.2061,10.2156,4.2894,0.1164,13.762,4.3281,0.2188,4.8893,7.4419,113.4359,8.3876,25.6804,1,0,0,0
0.1448,7.5997,1.0629,0.1868,39.1205,3.3914,0.2879,2.278,7.6441,62.6349,37.9927,36.5102,1,0,1,1
0.0638,8.7377,3.6695,0.3264,15.6473,7.1791,0.0432,9.6214,6.5115,47.344,26.1739,37.3935,1,1,0,0
0.1275,3.7374,5.3306,0.0645,19.2829,7.23,0.0438,2.98,1.4694,35.459,11.6478,14.3228,0,0,1,1
0.1065,2.4773,9.2006,0.1852,17.8175,6.038,0.108,5.6801,4.716,33.7101,18.8171,5.1216,0,0,1,1
0.3177,10.0611,1.0962,0.1133,34.6592,0.8697,0.3013,7.7378,7.3196,80.4393,28.1884,33.6546,1,1,1,1
0.2367,10.4821,0.5894,0.0483,27.4148,0.6703,0.3235,10.4818,4.6293,61.4283,13.8553,42.2568,1,1,0,0
0.2787,6.7255,6.0425,0.06,5.9568,2.2151,0.1171,7.0565,4.8575,35.0227,43.4691,3.3268,0,0,1,1
0.1199,5.2555,5.8965,0.211,7.4655,7.5599,0.1945,2.7031,7.9983,42.5272,11.4488,29.9466,0,0,0,0
0.2559,12.3293,6.7929,0.1937,37.1505,9.9625,0.0837,7.9358,5.4765,42.555,48.9219,40.8658,1,0,1,1
0.3084,3.6219,1.4932,0.1091,16.2372,2.1435,0.1158,5.2514,2.8573,75.3359,31.1217,41.7284,1,0,1,0
0.1857,9.3643,4.7661,0.3029,9.5759,6.9574,0.102,5.0989,0.5413,106.1303,48.7501,29.2793,0,0,1,0
0.0352,8.8366,8.0954,0.2076,14.1383,1.9417,0.2359,10.985,2.4243,64.7321,32.7419,20.4938,0,1,1,1
0.1052,5.6567,8.7212,0.0699,26.0191,3.6659,0.2118,13.5462,0.791,97.6736,2.3041,28.8848,0,0,1,1
0.1417,7.7307,8.6696,0.14,39.4848,6.5417,0.0241,14.3522,0.5876,45.007,14.626,15.1028,0,0,1,1
0.0412,14.1164,4.9232,0.148,17.6628,8.1409,0.2309,14.2055,6.5824,85.4816,25.6101,13.9967,0,0,1,1
0.0314,7.3009,5.6827,0.3071,11.0262,9.2664,0.0603,4.6768,3.9285,36.7141,17.8803,15.7585,0,0,1,1
0.1504,12.8392,7.69,0.2471,24.866,6.5659,0.1577,10.5341,3.7012,78.9828,5.4754,25.2752,0,0,0,1
0.0753,14.9386,1.1823,0.1174,31.5226,4.1673,0.3373,5.1986,0.696,36.6102,47.6511,12.0461,0,0,1,1
0.1606,6.94,5.5674,0.1574,32.9114,0.8367,0.1589,13.5175,7.9165,98.552,15.5975,14.8725,1,1,0,1
0.0725,4.23,8.6416,0.2536,26.4213,9.0892,0.0852,2.2985,3.6546,59.1974,7.9946,35.773,0,0,0,0
0.0605,14.3331,5.0453,0.1815,15.1558,3.2877,0.2823,11.2988,6.3787,102.3294,21.6641,21.2149,0,1,1,1
0.2137,7.4802,0.5584,0.158,20.5317,8.5303,0.0387,8.6767,1.3643,45.1871,19.3613,6.9614,1,0,1,1
0.1258,11.0212,6.0934,0.0428,19.7586,5.5074,0.1081,7.036,0.9519,41.3827,6.6257,24.7423,0,0,1,1
0.3373,2.4695,4.6839,0.1154,6.0904,5.4555,0.2542,12.8729,5.0925,31.3371,27.235,18.0587,1,0,1,0
0.1133,1.4185,5.6853,0.0659,24.5669,1.5409,0.1761,5.4317,7.9229,40.8987,24.5778,33.1671,1,1,0,0
0.251,13.0248,4.3676,0.3025,37.6287,1.3285,0.2912,11.6473,6.9569,59.0311,30.9784,30.1157,1,1,1,1
0.093,7.5995,9.2061,0.06,36.5545,4.0032,0.2791,13.8765,6.0486,80.6351,23.4525,38.5936,0,0,1,1
0.1303,3.5331,5.5932,0.2054,13.7774,9.6898,0.2555,4.8513,6.9357,53.7138,31.4824,11.495,0,0,1,1
0.1144,11.5503,8.9957,0.1373,33.7424,3.6692,0.3175,12.2413,6.0837,32.6952,38.0853,17.5408,0,0,1,1
0.2413,10.8665,4.5823,0.1404,26.4122,6.6244,0.1168,7.8144,7.8927,66.0854,40.4165,24.57,1,0,1,1
0.2886,14.7299,6.4168,0.0641,30.3514,0.7411,0.2748,4.618,0.9196,44.0167,6.9389,30.0,0,0,1,1
0.1624,6.8639,6.8524,0.3279,10.9294,9.8392,0.2048,3.9164,2.9192,106.2375,4.0017,1.2635,0,0,0,1
0.2707,14.2755,4.0661,0.1004,17.2998,1.7116,0.0725,9.8891,7.062,99.7934,30.0301,10.5567,1,1,0,1
0.0727,8.931,4.0154,0.0592,30.9056,1.5808,0.1271,8.7828,0.5627,119.9868,6.9143,19.4592,0,0,1,1
0.1861,1.6452,2.8532,0.3283,19.799,6.3096,0.1128,4.4945,5.0237,118.5047,31.3051,10.5403,1,0,1,1
0.2931,7.7353,4.1866,0.2876,31.4332,2.999,0.0513,11.8489,1.4774,82.2866,20.2377,33.9622,1,1,0,1
0.0721,2.5664,9.2538,0.3229,37.1005,6.4799,0.3308,11.3339,3.1752,30.0561,47.7574,16.2773,0,0,1,1
0.2886,13.8587,3.9228,0.3085,8.2974,1.5472,0.2829,10.4393,5.2534,34.9034,46.2335,28.4933,1,1,1,0
0.1387,1.037,5.2391,0.103,35.8871,8.6766,0.1634,6.4116,6.846,50.2026,13.1034,16.8869,0,0,0,1
0.2529,4.3075,4.4749,0.0967,25.733,8.2485,0.0304,4.9337,7.8153,103.4606,36.6103,42.1677,1,0,0,0
0.09,9.6693,4.2752,0.2998,17.4886,0.536,0.347,14.3221,5.5414,79.3815,17.4409,4.6779,0,1,1,1
0.114,2.0447,0.9622,0.084,12.0574,5.3404,0.0596,11.3614,5.0474,48.9753,15.9133,9.4343,1,0,0,1
0.2635,7.5342,2.7813,0.041,28.0295,7.2005,0.3035,2.6145,3.6277,47.5065,46.2729,1.2048,0,0,1,1
0.1681,9.2919,9.3874,0.1137,26.5446,5.3294,0.3309,7.4346,5.5144,97.2055,43.9711,36.7709,0,0,1,0
0.0664,11.6138,7.1703,0.085,24.0199,7.4473,0.2189,4.4718,1.6887,103.9696,20.5681,41.0277,0,0,1,0
0.3183,10.3172,9.4978,0.1719,27.5457,0.3147,0.2057,13.3936,4.0032,91.0459,35.372,30.8835,1,1,1,1
0.0467,12.262,4.0112,0.0523,37.4915,4.3444,0.0499,12.7912,6.512,115.7388,38.8696,9.877,0,0,0,1
0.2873,4.4298,7.8041,0.1622,9.3561,9.1695,0.2619,3.0365,6.0808,63.1803,23.5359,6.5561,0,0,1,1
0.0817,7.8182,7.3359,0.2427,20.8717,8.5255,0.0286,13.4518,6.422,86.0754,19.1754,29.7151,0,1,0,0
0.1852,13.509,9.5627,0.2583,10.1615,8.3632,0.1266,4.5204,5.1431,99.2725,49.4553,4.0693,0,0,1,1
0.3418,9.1284,1.5246,0.1215,37.0603,4.2958,0.3448,8.8756,1.0536,40.0278,9.7017,25.4436,1,0,1,1
0.2746,12.3472,5.3594,0.1349,11.8157,0.8213,0.1486,2.6882,1.8482,61.3554,14.55,9.6043,0,0,1,1
0.2951,1.5565,6.2321,0.1358,33.7138,7.789,0.1272,3.8627,3.7348,44.5044,47.9835,7.6822,0,0,1,1
0.2718,1.098,1.7402,0.1377,34.948,0.6224,0.2607,2.0541,2.8715,91.7174,31.3667,7.8713,1,0,1,1
0.2427,1.5529,7.589,0.2577,10.6688,1.8694,0.2826,8.9589,1.9408,83.0892,7.6577,17.6123,0,1,1,0
0.1524,9.291,0.6233,0.2089,17.0505,8.7083,0.2606,2.3009,6.6439,40.2926,6.0568,29.0263,1,0,0,0
0.2372,9.2528,4.6919,0.2801,7.8232,5.6973,0.1184,12.4047,3.0679,41.9555,30.4471,22.6736,1,1,1,0
0.2858,10.1394,8.0993,0.3277,32.9134,7.3243,0.3091,2.8974,5.2968,30.9512,29.0024,34.2072,1,1,1,1
0.217,9.121,8.5741,0.118,27.6484,6.9101,0.2811,5.6565,3.3517,109.7923,27.8661,41.82,0,0,1,0
0.25,9.7915,4.0209,0.0627,26.8437,9.3877,0.0325,5.5323,6.6452,86.9349,37.7762,17.8777,1,0,0,1
0.3396,11.8448,4.8307,0.2726,8.1056,1.4581,0.0931,13.138,5.3235,106.2341,45.4533,4.4617,1,1,0,1
0.3387,10.7225,4.1285,0.0208,15.7644,5.5132,0.0596,8.9848,5.8222,93.4819,23.5161,37.3467,1,0,0,0
0.2574,7.7743,8.0474,0.165,37.6692,8.4247,0.3305,14.4232,4.7778,113.3468,18.3657,4.9399,0,0,1,1
0.1533,2.8497,8.8121,0.1553,18.227,5.684,0.2927,9.778,1.1975,119.464,15.0163,29.8769,0,0,1,0
0.245,4.0031,6.6739,0.2376,10.7598,0.8604,0.0809,4.419,3.5779,63.8546,35.9174,26.2122,0,1,1,0
0.2218,1.7947,3.1496,0.124,10.6925,5.042,0.2498,13.6997,5.6761,110.564,18.5126,29.0014,1,0,1,0
0.1736,5.9617,3.3454,0.2567,17.7703,1.8778,0.1865,9.2116,6.5721,96.3019,9.5504,6.6685,1,1,0,1
0.3371,3.6792,3.6959,0.3057,29.7098,9.1404,0.2584,14.2496,6.1771,58.791,46.2321,26.5319,1,0,1,1
0.0599,4.2638,7.9022,0.0652,33.6249,9.1364,0.0982,8.4846,6.5059,106.0046,47.9709,3.2107,0,0,1,1
0.1733,5.5636,5.0266,0.0351,30.1798,9.3669,0.1765,10.3497,0.5441,31.098,21.6418,14.3997,0,0,1,1
0.2698,12.8555,9.0849,0.2471,30.1177,4.3741,0.2274,5.6492,3.6877,106.8362,28.473,42.3973,1,1,1,1
0.0944,8.9033,4.6054,0.0349,9.2214,2.6611,0.3498,8.1471,3.666,95.3409,36.5726,29.5996,0,0,1,0
0.0396,12.4927,4.6135,0.1892,22.6429,4.9515,0.2775,2.0572,5.0454,30.7847,26.5346,12.6347,0,0,1,1
0.2605,2.7355,5.2884,0.1502,39.938,5.3777,0.3394,12.3319,4.0575,114.4777,41.5521,11.2913,1,0,1,1
0.2178,11.2835,5.3512,0.0884,37.494,4.8591,0.2625,3.3511,2.6644,87.3906,22.3471,34.9074,1,0,1,1
0.2683,1.6344,2.3385,0.0776,19.6558,4.4936,0.2026,7.1905,2.8092,114.1884,12.2549,39.6255,1,0,1,0
0.1163,7.8961,2.6549,0.3494,26.5888,6.5372,0.0284,2.4152,3.5743,110.7141,38.6957,19.6027,0,0,1,1
0.132,2.2126,9.5429,0.3371,7.7847,3.2473,0.1856,4.1446,5.0293,81.9157,7.2212,10.0519,0,1,0,0
0.2162,9.4424,6.8405,0.0623,39.9123,1.0895,0.0765,3.649,7.1119,49.0103,42.0649,1.5556,0,0,1,1
0.1999,10.6615,7.5677,0.3168,6.865,2.5422,0.0427,14.1343,3.0176,108.3778,43.9233,20.5183,0,1,1,0
0.3238,13.6901,0.9061,0.3389,5.8999,5.9356,0.0694,3.1534,6.5963,65.2794,40.5267,27.2796,1,1,0,0
0.2283,13.535,4.2069,0.0423,22.1019,9.9994,0.3395,13.1135,5.0825,111.9206,29.8365,10.6273,0,0,1,1
0.2488,13.2361,2.4928,0.0596,22.4631,5.0071,0.2514,4.3986,4.1755,112.8553,49.9562,11.0105,0,0,1,1
0.0421,2.5965,4.1499,0.1665,6.4216,1.5766,0.0851,9.1891,5.3165,51.0769,20.7908,40.8355,0,1,0,0
0.0303,10.0676,6.6589,0.3154,8.5827,3.1911,0.0624,14.6427,4.8747,102.3686,41.3826,8.3926,0,1,0,1
0.3332,10.9496,5.8375,0.2891,23.5474,6.6184,0.2473,9.8698,1.9577,88.2106,44.5618,6.0015,0,0,1,1
0.0203,1.0994,7.9645,0.3171,21.7119,3.5096,0.252,11.3544,0.7339,76.9264,30.613,31.7122,0,1,1,0
0.3274,13.2244,8.9702,0.0548,20.6035,6.1022,0.2501,2.8338,1.5945,65.7501,28.1016,30.3949,0,0,1,1
0.2449,10.1887,7.0767,0.104,33.856,9.8963,0.2535,14.4207,1.9385,56.239,31.2702,43.561,1,0,1,1
0.2373,11.8014,2.4145,0.2934,17.5741,0.7596,0.1096,4.5146,6.7063,59.1659,41.8252,32.4329,1,1,0,0
0.0489,11.9098,5.3451,0.3056,12.7014,4.1665,0.2698,13.1165,4.2116,69.6637,31.361,41.8454,0,1,1,0
0.1574,13.9428,3.8403,0.1017,19.9057,8.5551,0.3046,2.9893,7.585,76.431,26.9548,22.6303,0,0,1,1
0.092,5.7343,8.4511,0.2026,7.1147,8.5186,0.3163,13.6221,4.3919,95.7143,15.7964,28.5006,0,0,1,0
0.2414,5.2355,0.7293,0.2002,27.2402,0.7973,0.144,3.1335,7.1443,39.5448,13.3042,21.1298,1,1,0,1
0.2116,14.853,9.2402,0.0492,30.2006,3.5923,0.3388,7.349,6.8826,109.4755,38.4807,8.8789,0,0,1,1
0.0282,12.6425,5.9011,0.3217,17.1557,3.9118,0.1721,4.1927,3.3264,64.2895,44.1608,11.866,0,0,1,1
0.0591,10.757,3.3573,0.2335,5.5879,7.8289,0.0466,9.2167,5.9288,70.0786,30.0346,6.2999,0,0,1,1
0.3375,7.0009,5.3473,0.2987,10.2342,6.2907,0.3333,7.7726,3.3427,89.0998,33.8631,23.7201,1,1,1,0
0.1567,11.1814,0.6134,0.0398,26.782,2.1174,0.0695,6.8408,3.0931,77.3283,25.3002,25.6448,1,0,0,1
0.2543,11.0068,8.925,0.1097,14.462,3.2823,0.0704,14.741,5.4263,100.002,32.3668,17.8681,1,1,0,1
0.1299,2.7437,6.5906,0.1083,18.328,3.5093,0.2397,13.3225,7.6739,101.9304,17.058,40.9402,1,1,0,0
0.297,4.3449,7.1442,0.2092,28.8006,1.3411,0.2577,13.1589,0.903,30.3864,40.7628,1.3874,0,0,1,1
0.1522,5.8605,2.006,0.2349,6.9146,2.5597,0.3279,2.8918,1.7446,57.6122,47.0634,35.8683,1,1,1,0
0.1269,7.8186,9.9829,0.2724,20.6353,8.6292,0.2788,9.5636,3.017,45.2147,13.5693,25.5612,0,0,1,1
0.1585,10.1393,0.3858,0.3098,12.4572,0.6022,0.1214,13.3108,2.6467,62.4695,30.0193,3.3235,1,1,1,1
0.1534,1.6488,5.9021,0.0586,34.3121,9.4595,0.3356,3.3484,3.1716,65.2408,46.3883,44.7608,1,0,1,0
0.1355,3.5219,5.725,0.3498,35.5086,8.1671,0.2894,9.4836,2.7152,50.8323,39.2771,2.1328,0,0,1,1
0.0687,1.5506,8.6661,0.1538,28.771,3.6292,0.2536,11.3822,1.9538,102.1441,43.9279,18.4965,0,0,1,1
0.0211,4.2508,3.9778,0.3015,39.7479,6.4956,0.1927,7.7678,1.4298,107.5752,8.8003,38.6372,0,0,1,1
0.2222,11.4577,6.9799,0.287,30.8254,0.6733,0.2554,3.0235,7.8195,39.0612,35.7542,34.8599,1,1,1,1
0.3454,9.4349,9.9937,0.1678,22.0526,0.7868,0.3057,6.4378,3.9458,72.5952,46.6378,11.6817,0,0,1,1
0.2686,10.282,1.74,0.135,6.1758,9.2358,0.2507,3.1944,6.7314,34.772,26.6806,36.1156,1,0,1,0
0.2566,14.5412,6.3244,0.3356,10.5027,3.6058,0.1391,7.3089,4.2329,78.9773,30.0278,20.6871,1,1,0,1
0.2107,7.6811,9.3503,0.2375,16.2188,0.9681,0.0722,14.0551,5.994,47.295,27.2475,11.8428,1,1,0,1
0.1856,11.2355,0.4751,0.2581,18.7078,1.0427,0.2367,2.0517,1.7733,110.2359,31.0786,9.3912,0,0,1,1
0.0981,13.9199,6.1573,0.3446,34.45,8.3734,0.1996,13.7568,3.2315,65.1337,45.1696,4.5605,0,0,1,1
0.3132,1.8174,4.3623,0.0569,16.264,8.3396,0.1171,13.3338,1.2211,37.1139,32.4421,41.0428,1,0,1,0
0.201,10.1437,2.3958,0.3184,35.9088,8.595,0.3121,2.8367,6.0573,60.4613,33.3584,11.5702,0,0,1,1
0.1162,11.2479,0.5987,0.3212,23.4488,3.0399,0.3372,4.6572,2.4516,80.3685,31.8017,24.4683,1,1,1,1
0.2901,6.6008,5.1419,0.2705,38.0661,2.7295,0.17,12.5651,2.9332,90.0756,5.321,18.157,1,0,0,1
0.3143,7.3447,4.0914,0.2264,5.7644,5.7786,0.1605,5.755,6.2097,114.8146,43.7571,21.1843,1,1,1,0
0.2756,6.0851,5.7775,0.0917,21.1104,3.6518,0.1063,2.7894,1.9451,39.6448,30.987,30.423,1,0,1,0
0.1204,1.2557,5.1165,0.1617,17.4555,5.4787,0.1401,10.1726,7.7064,95.4041,36.3305,32.9251,0,0,1,0
0.238,10.146,4.8991,0.1953,8.0273,7.8596,0.0605,6.6631,3.3105,94.8042,15.4678,6.1982,0,0,1,1
0.2613,13.4779,8.9533,0.2231,21.7801,1.1041,0.3231,4.8286,4.7832,35.8132,12.7593,5.2625,0,0,1,1
0.308,2.8326,7.512,0.1952,24.7115,4.6142,0.34,7.0587,6.4702,107.7483,19.8085,43.8355,1,1,1,0
0.1923,9.9416,2.1573,0.3431,6.401,7.6848,0.3084,4.0889,3.3879,66.4386,24.1653,17.689,1,1,1,0
0.138,1.3577,7.1482,0.0571,13.0227,5.3492,0.093,14.8315,5.0134,45.3703,16.0164,23.2177,0,0,0,0
0.2344,12.0173,9.3936,0.297,19.6835,5.4653,0.0604,9.2682,4.8395,61.4062,25.0878,32.9432,1,1,0,0
0.2076,13.1761,6.7289,0.3187,12.2617,2.6298,0.1828,9.0034,5.0741,55.492,29.8823,10.4273,0,1,1,1
0.2793,7.9218,4.6392,0.2556,11.876,3.9536,0.1026,13.1364,6.722,72.154,36.242,4.7485,1,1,0,1
0.2947,1.8579,8.0112,0.2766,9.7605,3.5952,0.1639,13.7684,4.848,74.6341,19.0621,10.2366,1,1,0,1
0.2327,2.81,3.5982,0.2899,24.4487,8.8449,0.1565,7.6857,4.0523,82.2814,36.7208,31.2458,1,0,1,0
0.1295,4.4114,3.4301,0.1965,29.9304,7.1179,0.2533,14.0972,2.8456,42.2951,45.9504,12.6731,0,0,1,1
0.0749,3.2097,2.6956,0.0822,35.7758,5.8301,0.1248,7.2529,3.5538,99.3032,33.3904,34.1663,1,0,1,1
0.0465,9.0074,5.6102,0.1339,37.0451,2.6449,0.2183,2.4008,7.8158,87.2939,31.1359,16.7135,0,0,1,1
0.1566,12.8503,3.5498,0.0339,25.5763,9.4848,0.1332,3.2926,7.3504,92.5433,4.9609,17.9986,0,0,0,1
0.2871,13.2077,7.4848,0.1222,24.9669,2.4598,0.3203,2.0415,7.4726,69.7834,38.0591,31.5249,1,1,1,1
0.2163,8.049,1.7603,0.2999,29.145,5.2629,0.184,6.7745,1.6731,66.4696,28.6068,7.2896,0,0,1,1
0.1195,1.5566,2.0091,0.0471,37.6374,7.8091,0.2778,3.1497,3.1111,102.5328,4.0105,12.0677,1,0,0,1
0.1798,4.42,3.6013,0.1328,13.1262,0.3522,0.2771,10.0253,7.3442,115.449,22.822,16.5079,1,1,0,1
0.0954,1.8375,4.9317,0.1834,35.5693,3.7803,0.1406,2.3819,5.6582,32.1938,5.9751,2.766,0,0,0,1
0.192,8.9948,0.369,0.238,21.1022,7.428,0.1443,11.1176,3.4825,69.8732,20.9238,7.6499,1,0,1,1
0.2483,4.2169,6.1007,0.0762,37.9306,2.0009,0.0223,10.2774,4.068,97.6383,42.8961,35.2524,1,1,0,1
0.1797,11.7369,5.7668,0.2625,8.0564,6.5566,0.1918,10.7238,7.5506,69.9046,8.4963,20.2518,1,1,0,0
0.3337,9.3845,7.1199,0.3465,35.8329,1.2765,0.0654,8.2668,7.0959,105.5489,28.1448,21.957,1,1,0,1
0.0995,6.2492,3.1142,0.2891,34.8018,3.9213,0.2646,13.2514,2.9869,77.5885,47.4975,26.898,1,0,1,1
0.2319,1.3354,1.2459,0.3059,23.7776,3.2858,0.1924,6.0158,6.179,77.1775,5.7737,7.3781,1,0,0,1
0.3024,13.447,1.9389,0.2549,31.0082,8.3708,0.2266,12.7211,1.319,54.0273,3.3355,4.4947,0,0,1,1
0.1853,12.4688,4.8185,0.3096,11.109,4.9786,0.3099,2.3926,1.6481,54.148,30.6335,19.5733,0,0,1,1
0.2074,9.067,9.02,0.1148,6.3589,9.1584,0.2606,12.0768,4.492,108.6718,19.8726,2.508,0,0,1,1
0.1905,2.9396,9.7814,0.0718,13.4815,2.6445,0.0749,8.1622,7.4572,44.254,18.38,32.3682,0,0,0,0
0.253,4.2613,5.2515,0.1393,17.2363,4.7434,0.1829,14.6358,1.0961,76.4554,11.8577,7.885,0,0,1,1
0.1799,1.4759,3.3841,0.1652,7.1492,3.4426,0.1345,7.7857,3.4516,50.3875,25.5597,9.5978,0,0,1,0
0.0756,12.6923,2.5715,0.1085,31.218,9.1759,0.3356,6.9979,1.6987,77.6302,48.5443,32.4478,0,0,1,1
0.1951,1.1621,5.0963,0.0411,8.0392,7.5975,0.3404,8.2833,6.1775,40.1935,48.0937,12.7732,0,0,1,0
0.0594,8.5665,8.6391,0.1421,37.4599,7.9695,0.2654,2.8107,3.5328,99.6364,31.2876,30.3847,0,0,1,1
0.1089,7.9446,9.491,0.2605,8.6299,4.4836,0.2621,4.9719,3.8146,89.1911,6.061,11.0652,0,0,0,1
0.1822,13.7093,6.7692,0.1938,19.1163,7.3362,0.02,11.3673,6.0557,54.2534,3.9112,23.988,0,0,0,1
0.2669,1.3317,1.5128,0.226,17.9684,9.85,0.241,7.2043,5.5612,80.889,38.5766,42.15,1,0,1,0
0.0333,7.5969,3.709,0.3062,12.4611,8.0064,0.2392,12.0827,1.7182,95.0488,27.757,2.8637,0,0,1,1
0.2321,7.6962,6.4094,0.2134,23.2287,3.06,0.178,11.3591,6.8032,68.1715,38.9804,23.4207,1,1,1,1
0.0227,11.1567,4.6203,0.0637,31.4286,5.0385,0.0533,6.2157,6.683,101.2065,2.9951,8.5011,0,0,0,1
0.2895,11.1364,7.9847,0.1783,14.4142,4.5446,0.1559,3.5309,0.95,68.3965,20.441,28.1017,0,0,1,0
0.0445,2.242,3.8522,0.3373,14.4363,4.5786,0.3111,7.7008,6.1401,51.6224,21.2534,3.3005,0,0,1,1
0.2069,1.9545,6.6734,0.087,24.2897,5.3237,0.1895,2.4278,5.04,108.6862,28.8303,43.67,0,0,1,0
0.243,7.6023,1.0751,0.3133,10.3447,3.9479,0.3285,12.4597,4.0881,52.3675,24.8887,5.2787,1,1,1,1
0.2985,12.5932,1.7209,0.1448,39.3969,4.9283,0.2488,9.7035,5.5324,59.3104,35.7724,22.1122,1,0,1,1
0.1785,14.8148,5.742,0.0653,26.7727,3.7007,0.2069,13.0595,3.4336,36.0671,31.508,31.7332,1,0,1,1
0.0661,6.0415,7.858,0.1485,14.3643,8.4408,0.1082,7.2706,7.5856,52.1407,32.6432,17.6687,0,0,1,1
0.1239,2.9968,3.9634,0.3096,30.3188,9.824,0.3402,13.7178,6.0349,58.5219,8.5554,18.7385,1,0,0,1
0.1086,3.5269,9.0129,0.2323,25.9083,2.8188,0.0544,12.1811,3.8298,86.9792,41.1969,4.7452,0,0,1,1
0.1903,2.4827,1.7808,0.0557,13.7874,0.7126,0.2495,4.7268,0.979,54.1367,14.5887,19.9213,1,0,1,0
0.2701,14.9643,2.6476,0.2417,12.6789,9.1335,0.304,10.8654,5.61,93.852,31.7538,28.0524,1,1,1,0
0.0609,2.7147,7.2019,0.1646,23.9535,9.5562,0.0243,13.2497,0.5317,114.3283,32.5981,26.5995,0,0,1,1
0.1541,9.3767,3.4017,0.1981,13.1093,0.7689,0.2682,5.856,5.8265,76.1758,40.8618,15.3517,0,1,1,1
0.16,4.1825,4.956,0.2056,21.6945,1.4571,0.2139,3.72,5.6254,68.6806,22.9364,23.1141,1,1,0,1
0.3145,10.9313,7.1238,0.1716,36.1283,9.1665,0.1675,9.1741,1.1578,56.9515,16.8143,19.6251,0,0,1,1
0.0332,9.4509,3.212,0.0967,16.6433,5.7841,0.3306,11.2045,5.9927,61.7642,38.7658,41.5788,0,0,1,0
0.1719,13.8944,2.0571,0.2761,21.1877,8.0605,0.211,13.8286,2.1132,117.1537,28.0582,8.3549,0,0,1,1
0.2073,8.0427,7.4707,0.0482,21.8211,5.8354,0.2647,3.1239,0.9443,82.9251,8.3441,44.1562,0,0,1,0
0.209,2.0633,1.5719,0.1048,6.9505,4.1775,0.2988,10.1854,5.9809,95.209,20.4642,25.5483,1,0,1,0
0.0278,4.6306,4.9162,0.2465,35.8873,6.7883,0.0214,3.8524,5.5055,98.8984,18.3118,27.5345,0,0,0,1
0.2644,7.5116,0.7097,0.2019,16.6743,1.2696,0.1165,8.5578,2.3048,69.3873,17.9967,18.9948,1,1,0,1
0.1455,10.4794,4.1963,0.2322,37.7589,9.9564,0.0866,3.7015,3.9198,77.2355,2.4441,8.4993,0,0,0,1
0.2313,14.3653,0.4076,0.2777,33.7789,5.3299,0.1568,4.9205,3.8989,45.8313,31.7225,6.7636,0,0,1,1
0.2793,12.5898,9.1448,0.3444,35.5451,6.8266,0.3105,5.365,1.9877,49.2123,49.1252,29.2407,0,0,1,1
0.2067,12.7375,6.3125,0.0663,30.1282,3.2841,0.0308,12.8664,1.2229,113.8082,22.6549,7.0091,0,0,1,1
0.1469,10.8766,8.3078,0.143,15.9633,6.8163,0.2287,12.0872,1.7668,114.5372,31.3373,23.3026,0,0,1,1
0.1799,2.5587,3.8219,0.3467,22.7258,6.1059,0.228,7.5113,6.4959,35.4635,15.5035,34.8717,1,1,0,0
0.2589,13.1084,4.5731,0.2369,19.1167,8.1538,0.1037,4.7159,2.3927,61.0505,41.5401,28.9756,1,0,1,1
0.2199,2.4251,3.0689,0.3025,32.5817,6.1336,0.112,8.4715,1.4821,106.3145,42.5485,5.2546,0,0,1,1
0.3111,11.7168,7.3065,0.2251,19.1503,1.744,0.1203,14.1395,4.7533,57.5247,23.3311,25.8716,1,1,0,1
0.1125,9.9554,6.0078,0.3087,21.0598,3.562,0.3183,6.7332,3.1334,44.2865,30.8812,30.0008,0,1,1,1
0.2603,12.772,5.5036,0.3428,32.279,9.101,0.1158,8.8828,7.3001,30.6745,37.6989,9.2026,0,0,1,1
0.0518,11.4374,7.5342,0.1759,25.0343,7.6192,0.2799,13.7798,5.5883,61.8465,2.0003,1.1489,0,0,0,1
0.1588,12.3076,5.0931,0.3136,31.7756,5.9754,0.0392,7.9893,2.7307,115.4496,33.0232,35.5241,1,1,0,1
0.2548,8.2504,7.0596,0.231,20.9575,7.7078,0.3266,6.3454,5.2117,79.4787,10.0487,6.8496,0,0,1,1
0.0896,14.3708,9.6558,0.1343,6.0674,8.9283,0.0354,6.4477,5.3733,53.3883,5.0398,38.1474,0,0,0,0
0.2878,13.7216,9.4598,0.344,22.246,5.5442,0.0268,9.864,5.1464,34.7587,48.2327,42.7936,1,1,0,0
0.3458,14.5529,4.9747,0.0316,15.1955,7.9939,0.1663,7.3457,3.197,62.2337,37.3708,30.4743,1,0,1,0
0.3382,5.14,8.2956,0.2163,10.7423,8.658,0.0336,7.3221,1.0242,88.2909,47.243,16.4723,0,0,1,0
0.1065,5.4269,4.5857,0.0713,29.7086,3.5202,0.2528,4.1519,3.0793,42.6576,45.361,31.885,0,0,1,1
0.0425,2.1367,5.8865,0.0907,22.6426,8.4244,0.2241,14.6363,4.108,50.0949,21.9543,2.8987,0,0,1,1
0.1873,9.7085,5.86,0.3475,8.7477,3.794,0.2182,10.6898,3.8769,59.4381,6.1649,29.2592,1,1,0,0
0.1783,13.1958,1.9585,0.0491,23.3785,7.874,0.329,5.8172,3.3216,89.8667,5.7066,31.5842,1,0,0,1
0.0498,12.911,2.3554,0.1876,31.4304,2.9696,0.2563,4.024,5.512,102.7257,46.168,30.9859,0,0,1,1
0.2405,3.7804,6.3692,0.2646,34.0586,1.2021,0.2527,14.1573,1.5695,115.6708,22.2727,11.7175,0,0,1,1
0.1603,11.1593,3.3096,0.1412,24.8535,7.0066,0.1909,5.1399,0.8218,63.2065,45.0094,7.8564,0,0,1,1
0.2922,14.682,4.0012,0.0984,10.386,8.7616,0.1074,13.0449,7.4679,55.6692,19.6184,2.7247,1,0,0,1
0.2472,1.3815,4.0794,0.1965,7.8712,9.5802,0.2423,13.3731,3.6025,76.1059,25.7009,30.124,1,0,1,0
0.1451,5.7064,3.7181,0.2918,9.1207,1.7135,0.0225,13.176,6.3401,47.4654,12.441,5.1924,1,1,0,1
0.0362,11.9604,3.1377,0.1445,33.3977,9.019,0.1824,4.7209,7.3263,86.4751,31.1951,23.5073,0,0,1,1
0.0606,2.2605,6.926,0.1265,29.4795,6.7606,0.1228,5.3667,2.1494,79.5174,34.1991,38.2192,0,0,1,0
0.2703,3.411,5.948,0.2178,37.8491,1.2175,0.303,12.8883,7.0658,47.9805,20.3668,1.5123,0,0,1,1
0.2401,5.6642,5.2337,0.3015,19.1256,6.7965,0.2567,9.0296,7.4485,51.1228,48.2614,29.735,1,1,1,0
0.2762,2.1971,3.9207,0.2534,22.9701,7.6614,0.0958,8.0791,5.5325,112.3891,9.3665,40.829,1,0,0,0
0.1138,5.2343,7.9144,0.1666,6.495,5.1336,0.3408,8.2254,0.7917,64.6149,14.8487,26.7145,0,0,1,0
0.1537,8.0789,2.9105,0.0717,16.249,8.1146,0.0913,4.5794,3.5974,71.8224,39.2544,30.6972,1,0,1,0
0.3408,8.1317,6.8258,0.183,19.3637,7.3179,0.3467,10.4299,7.9076,30.4386,16.8174,38.96,1,1,0,0
0.2635,11.3156,9.7974,0.2135,27.0786,5.6981,0.2009,5.4633,7.9245,88.0063,39.3884,25.8963,0,0,1,1
0.3119,13.912,1.0802,0.2502,13.5806,2.1316,0.217,10.3767,4.1648,63.1675,7.7326,22.5729,1,1,0,1
0.1254,6.5232,7.3929,0.1472,16.5121,9.773,0.2056,13.1494,5.0993,76.7118,10.4464,14.9185,0,0,0,1
0.189,7.2388,0.6839,0.2937,19.4701,4.1426,0.2086,7.3126,6.7814,102.1656,35.2068,42.0008,1,1,1,0
0.2715,3.6414,5.6434,0.3185,13.699,4.2951,0.2147,13.4678,7.0925,88.0702,20.8473,29.5069,1,1,0,0
0.167,6.5309,4.7899,0.1986,38.5379,9.8843,0.0327,2.7893,2.2843,85.493,47.8804,29.7666,0,0,1,1
0.259,13.556,1.8564,0.0861,34.5751,1.3447,0.1165,5.689,3.5132,107.3795,34.7786,8.4156,0,0,1,1
0.0789,8.8964,7.413,0.2947,38.7848,3.8246,0.1804,5.4928,1.3419,107.8399,29.3314,9.7737,0,0,1,1
0.0343,6.6188,7.895,0.2296,7.3176,0.9693,0.2242,12.2113,3.8237,67.5393,42.8072,35.0906,0,1,1,0
0.0811,11.4878,7.6382,0.0541,23.8009,2.7529,0.2389,2.3926,1.321,47.1936,5.3518,16.1799,0,0,1,1
0.0758,4.6694,7.001,0.0894,18.6522,5.8758,0.0945,10.417,0.8825,54.3112,3.5093,21.931,0,0,0,1
0.1801,9.5597,1.9616,0.2288,16.7722,0.6308,0.1903,2.9294,5.9824,103.4482,13.0002,29.137,1,1,0,0
0.0344,13.6862,9.5566,0.1104,26.079,5.4768,0.1909,10.5332,6.2873,46.5265,45.3439,20.4719,0,0,1,1
0.1291,1.6461,1.7373,0.1547,28.0023,3.7016,0.0237,2.8733,4.2767,60.2218,35.6952,44.8185,1,1,0,0
0.2084,5.8369,7.101,0.1768,14.0884,6.1452,0.2994,5.0266,3.5498,92.5382,25.4148,41.0214,0,0,1,0
0.0904,13.0602,8.4117,0.2696,32.7858,2.99,0.0784,9.7251,2.0285,62.1142,21.5431,30.7414,0,0,1,1
0.2533,9.8318,2.6919,0.3381,28.3362,4.3793,0.1858,13.6461,4.8202,86.797,40.0177,5.2391,1,0,1,1
0.1983,14.7418,9.8268,0.1504,26.7963,7.0207,0.155,7.3787,7.9978,44.3746,10.2392,22.1677,0,0,0,1
0.1585,1.3564,4.4057,0.0532,8.2967,9.6394,0.1985,3.9817,6.7343,41.8256,14.0869,3.8052,0,0,0,1
0.1663,5.6604,8.1275,0.1739,27.8908,4.6653,0.2608,12.6436,1.7222,49.166,27.6589,29.4902,0,0,1,1
0.3483,11.4867,6.0429,0.1715,12.8625,3.1177,0.1226,4.6637,3.0937,85.3805,20.1326,26.4509,1,1,0,0
0.0557,5.5086,4.2424,0.3334,38.474,3.2939,0.0931,3.4208,6.9173,109.4902,25.9172,34.2342,1,1,0,1
0.2521,14.2791,0.5745,0.1921,37.9186,7.7773,0.1114,8.7371,0.5952,97.9897,32.3443,9.3819,1,0,1,1
0.1508,8.2464,9.4071,0.3292,16.8434,3.2605,0.0626,3.9902,5.1773,112.3546,40.9274,41.5062,0,1,1,0
0.0853,5.8054,8.7474,0.3399,25.6007,4.6708,0.2154,13.268,5.2048,97.7614,26.0595,31.0051,0,1,1,1
0.0768,13.7,1.5572,0.203,6.8857,5.6397,0.2658,2.0269,7.1191,104.0213,24.7583,13.1475,0,0,1,1
0.1551,5.3194,4.4136,0.2952,33.012,4.0274,0.2991,2.3624,1.632,88.3434,5.6546,35.1143,1,0,1,1
0.1327,4.9773,3.2283,0.0474,38.2761,4.9631,0.0755,10.6141,0.7492,32.4915,9.7805,21.8163,1,0,1,1
0.2633,3.2209,3.6914,0.2414,17.8573,1.8642,0.1745,10.8438,7.371,75.7777,4.3244,38.7728,1,1,0,0
0.25,2.3901,4.6099,0.2949,17.7877,9.4404,0.0263,4.0302,1.3057,79.3859,6.8105,20.7735,1,0,1,0
0.047,6.4696,0.6787,0.1208,33.6431,4.8265,0.1824,3.9328,1.8621,68.1511,27.9021,27.0609,1,0,1,1
0.0882,8.9444,9.5414,0.0938,21.1862,4.7544,0.1549,3.6575,4.3788,33.359,16.5772,23.8911,0,0,1,1
0.2146,6.7955,6.8639,0.2123,25.0828,2.8259,0.324,4.263,1.4266,117.4145,7.6707,12.8751,0,0,1,1
0.0578,3.6377,5.4104,0.2303,30.4116,7.5198,0.057,9.506,6.9821,72.321,44.8096,30.8456,0,0,1,1
0.2661,8.3715,8.9507,0.0244,8.4112,7.9656,0.0649,6.4084,1.1806,65.6911,32.2197,10.3455,0,0,1,1
0.1315,3.1358,5.6854,0.2643,13.484,6.5171,0.2853,5.5419,3.9022,107.5429,7.5654,35.0911,0,0,1,0
0.3101,9.302,2.4025,0.2988,29.174,2.5025,0.1684,5.7727,5.7739,78.3367,29.2307,16.2629,1,0,1,1
0.1332,3.113,7.5157,0.3133,24.3304,8.4303,0.1531,7.7984,1.1859,67.1788,29.3586,4.618,0,0,1,1
0.2747,4.6324,8.6465,0.2191,39.9636,3.1375,0.0595,8.6195,3.6337,108.6509,34.221,23.8698,1,1,0,1
0.0851,5.9211,0.5391,0.1998,22.4395,6.5063,0.2622,11.0803,3.0608,42.6748,6.7395,43.0085,1,0,0,0
0.1782,8.7862,3.8573,0.2583,31.1166,0.39,0.2624,4.6525,7.9369,113.1966,44.0388,34.4341,1,1,1,1
0.1615,7.2088,8.3696,0.2019,39.0329,6.5723,0.0648,7.1371,4.28,106.8853,41.1076,25.4913,0,0,1,1
0.1922,9.7224,6.5544,0.3356,28.4567,8.6156,0.0844,11.8648,7.7225,91.9398,45.3508,31.457,1,1,0,1
0.0609,2.7828,3.6836,0.2292,22.2949,6.6246,0.1456,11.4414,4.0711,105.2218,14.6056,3.8106,0,0,1,1
0.1428,4.7599,1.4191,0.1975,12.7232,3.718,0.3468,3.5957,2.0949,85.0117,17.613,15.9179,1,0,1,1
0.1906,9.7307,2.4469,0.3055,22.6064,1.3354,0.2757,3.0564,7.2795,112.8037,10.5201,7.7329,0,0,0,1
0.0611,5.6999,8.6961,0.2298,39.308,2.6465,0.2934,11.3906,0.6398,47.9995,31.5586,44.3452,0,1,1,1
0.1644,7.4935,2.4701,0.1106,14.6,4.4111,0.0774,13.2872,6.047,57.5239,22.2361,7.7852,1,0,0,1
0.0908,3.5709,3.7737,0.32,31.8705,9.1378,0.2968,13.0012,4.9301,45.1813,33.6135,39.5918,1,0,1,0
0.1416,1.6638,8.2104,0.112,7.307,7.6157,0.2809,7.0231,7.0977,45.6859,6.5289,31.9938,0,0,0,0
0.1004,2.0333,8.0502,0.3048,33.8978,9.7511,0.2294,14.2835,5.1389,36.655,2.761,38.4676,0,0,0,0
0.0678,13.8413,7.8586,0.3117,34.5125,9.1346,0.1727,3.4934,3.175,91.3955,32.0032,40.2589,0,0,1,1
0.1838,5.8834,1.3782,0.1234,23.7029,1.7761,0.3032,9.7772,3.5694,116.0461,26.8066,19.8116,1,0,1,1
0.2408,3.438,1.1139,0.3085,23.3992,3.8518,0.1749,12.8666,7.3193,92.0519,26.1666,18.3228,1,1,0,1
0.2495,1.6335,2.9018,0.164,27.5331,8.3785,0.316,5.1639,6.6463,105.8623,13.8967,33.0918,1,0,0,0
0.1116,8.0815,3.176,0.2465,24.6219,4.6686,0.2378,12.299,4.8329,74.7521,4.8387,37.6406,1,1,0,0
0.1259,7.4132,1.3139,0.1881,25.1318,3.3024,0.1984,6.15,5.1299,41.4454,19.8043,7.3211,1,0,1,1
0.0303,2.5836,2.2737,0.2216,20.9398,8.4978,0.2861,2.908,6.407,119.8888,39.6581,41.7078,0,0,1,0
0.0522,6.819,5.7013,0.2856,14.318,7.1893,0.3427,11.8508,2.7135,44.351,2.2516,10.8073,0,0,0,1
0.151,12.664,1.7834,0.3058,22.7612,7.6225,0.0509,2.3649,6.8432,119.6216,20.232,22.1079,1,1,0,1
0.0247,3.4635,4.1875,0.1203,27.6477,4.7453,0.0686,2.3382,5.7402,59.7064,36.7703,1.4281,0,0,1,1
0.1103,11.7562,6.8347,0.1731,25.6683,5.5752,0.1587,9.5026,7.1242,33.4768,3.9012,2.0063,0,0,0,1
0.0839,11.7623,3.8863,0.1426,11.9225,7.7967,0.1894,6.6454,1.5065,87.0323,7.5763,40.2973,0,0,1,0
0.2191,5.5221,4.9152,0.2848,37.4489,0.6895,0.1705,10.5638,1.4206,96.4739,45.1774,13.8341,0,0,1,1
0.2337,10.7058,9.3515,0.3366,15.9145,0.7222,0.1814,2.101,7.7288,98.025,15.6398,27.1993,1,1,0,0
0.1716,2.8934,5.4474,0.1577,13.2998,2.7364,0.0665,2.0427,4.4061,106.1292,10.2499,43.0263,0,0,0,0
0.3206,1.6996,4.006,0.1353,32.8424,3.6849,0.1485,12.4002,7.3,56.7516,33.0563,32.5323,1,1,0,1
0.0248,6.4185,1.7385,0.0514,11.149,4.812,0.2914,4.5006,1.1457,79.597,22.1684,11.9113,0,0,1,1
0.102,8.3255,9.5175,0.107,36.639,3.3267,0.3453,8.5988,1.4843,101.6918,31.2354,29.4155,0,0,1,1
0.1629,4.4687,7.3931,0.2254,22.6974,4.0202,0.2683,11.3223,3.2294,53.4702,44.7428,15.3703,0,0,1,1
0.2375,14.2172,2.4551,0.1656,38.8549,5.8831,0.2886,2.7406,5.3901,105.8677,16.5267,21.0043,1,0,1,1
0.3169,13.0005,4.1153,0.2061,24.4692,2.1047,0.0472,7.1076,6.1391,70.9082,44.0028,35.3346,1,1,0,1
0.1811,1.5781,5.9425,0.1396,8.9533,3.8085,0.217,2.487,6.718,56.0065,6.6438,41.9309,0,0,0,0
0.0537,11.5571,1.6246,0.3261,36.3217,7.9656,0.285,13.2237,1.7377,94.2509,20.4544,16.1575,0,0,1,1
0.1287,1.0045,6.3265,0.2533,17.277,5.8352,0.0243,13.2636,2.8731,93.1714,20.8934,29.2244,0,0,1,0
0.0396,6.1621,1.9406,0.0914,8.8202,0.3941,0.2188,11.8578,5.1038,33.5213,25.2307,25.9066,0,1,1,0
0.2734,8.5045,1.2769,0.0585,21.4879,0.5444,0.2166,14.5075,4.1046,54.4465,43.6505,14.9007,1,1,1,1
0.1284,3.8858,7.3732,0.3244,10.7639,4.2448,0.2788,3.9192,3.54,53.0654,17.8692,43.5051,0,0,1,0
0.183,13.5029,2.4241,0.1217,21.3406,8.3732,0.2281,9.3581,6.348,107.5438,20.6123,31.4167,1,0,1,1
0.192,6.5201,3.1406,0.1238,34.0241,4.1444,0.2745,5.9025,3.1078,119.0894,25.3136,11.1117,0,0,1,1
0.2263,11.4269,6.0501,0.2248,8.0796,7.8881,0.2833,13.0081,7.8578,68.916,41.0704,34.5927,1,1,1,0
0.0983,12.4183,1.6649,0.0824,30.092,3.7436,0.1279,14.9612,3.0699,105.1439,4.8396,21.5654,1,0,0,1
0.328,7.2448,3.2051,0.3419,23.2546,6.8054,0.1451,11.0546,4.52,78.4836,4.0452,37.1903,1,1,0,0
0.2066,11.0964,9.14,0.105,28.6749,6.8546,0.0953,13.0369,2.7827,64.1564,15.58,34.877,0,0,1,1
0.2476,3.8317,2.7673,0.0768,14.2003,1.9212,0.1848,9.9673,4.2016,55.8287,40.0016,40.7561,1,0,1,0
0.151,4.3243,1.7647,0.0437,15.5477,8.3018,0.3479,10.9101,3.8042,58.4747,11.5812,11.1405,1,0,1,1
0.1161,11.1614,2.7884,0.0517,30.5226,7.6255,0.0268,12.307,7.6729,37.2622,44.3476,7.0887,1,0,0,1
0.1808,2.0875,9.6593,0.0577,37.3066,3.3406,0.3066,12.9101,2.3417,39.9703,5.8989,33.3237,0,0,1,1
0.2104,14.1316,8.0493,0.1979,38.0559,8.4216,0.1295,2.2157,0.7186,66.6526,30.2771,22.7513,0,0,1,1
0.2049,6.3964,6.5543,0.1115,23.8326,2.0657,0.2561,7.892,4.6104,61.4518,40.2217,33.5815,1,1,1,0
0.0983,11.8799,5.8994,0.1767,22.3983,7.0582,0.3491,7.3134,4.0189,47.3912,49.5802,38.184,0,0,1,0
0.1617,11.982,1.1154,0.2469,18.6884,9.3293,0.2938,2.3032,3.7477,62.2035,17.4937,31.8702,1,0,1,0
0.0579,4.122,0.7877,0.2015,30.7811,3.8139,0.1052,2.9865,3.3282,71.1243,9.7837,29.5649,1,0,0,1
0.3024,12.899,0.8558,0.304,20.3214,9.4183,0.0612,8.8682,5.1814,75.3047,21.561,20.1212,1,0,1,1
0.0378,5.6977,5.1946,0.2085,37.6419,3.4273,0.2719,12.6035,2.6815,99.984,44.0222,19.2042,0,0,1,1
0.3317,2.7533,1.4647,0.2135,32.8184,1.1656,0.256,14.1463,3.3898,88.8678,36.365,7.8756,1,0,1,1
0.2431,5.2145,2.5577,0.2731,14.2278,3.7624,0.214,2.9299,6.8695,39.5885,4.6409,25.5897,1,1,0,0
0.0478,7.3462,1.9416,0.0719,17.8412,2.0269,0.027,7.0217,1.3486,99.1914,40.6662,19.3609,0,0,1,1
0.2801,8.1167,9.9892,0.1964,37.2152,5.555,0.1539,11.8834,1.5968,61.8915,38.5068,17.0702,0,0,1,1
0.2879,9.0548,6.936,0.2689,19.0487,8.8069,0.1699,7.8705,0.9451,105.3485,33.2428,12.7871,0,0,1,1
0.1559,2.4068,8.8398,0.1831,30.9516,3.511,0.2478,2.8457,0.7609,108.5978,32.7549,18.4818,0,0,1,1
0.2753,14.8895,8.2135,0.2061,10.5892,7.7567,0.2039,9.0696,2.6618,113.5185,24.4304,34.0301,0,0,1,0
0.2478,4.0108,4.136,0.1626,11.8186,3.635,0.3068,7.7124,1.4074,62.7554,41.8324,23.1353,1,0,1,0
0.0519,3.7617,3.8967,0.2973,16.6418,5.1748,0.1465,10.2238,0.6547,50.6822,27.2122,42.4583,0,0,1,0
0.2099,14.2009,4.2729,0.3425,9.4663,9.449,0.2534,12.877,6.8027,70.0351,14.941,18.0559,1,1,0,1
0.0541,1.0945,8.7993,0.0514,11.6278,7.7555,0.083,4.1105,5.1822,40.0519,20.2924,21.6477,0,0,0,0
0.2426,13.9838,7.6852,0.148,29.5692,2.6908,0.0839,14.5846,3.2956,87.8844,14.6114,25.7312,1,1,0,1
0.3242,8.8143,2.5041,0.2125,15.9035,1.682,0.128,8.3009,2.8666,83.2919,42.6566,40.5351,1,1,1,0
0.0779,9.7795,8.3494,0.3079,37.7444,7.1861,0.1574,9.0609,3.2129,105.4391,38.827,6.7815,0,0,1,1
0.1992,1.7888,1.2417,0.171,15.52,1.2375,0.161,10.3229,3.3903,111.5357,46.1386,24.1932,1,1,1,0
0.2149,3.7773,5.1767,0.2259,34.5605,7.4151,0.1852,6.0643,1.5129,77.8903,20.9788,18.9146,0,0,1,1
0.2545,7.7158,3.7042,0.0341,35.7351,8.3679,0.0533,5.8886,4.7607,54.7361,30.6717,16.0781,1,0,0,1
0.2284,7.6822,1.3245,0.1273,6.5781,5.6823,0.07,13.1041,3.3379,56.3842,38.2778,30.4619,1,0,1,0
0.1513,13.2187,9.7093,0.1428,12.2678,3.4292,0.2885,8.9108,0.501,66.5,4.0051,2.5243,0,0,1,1
0.3303,12.0904,7.4488,0.1731,16.302,0.4586,0.1654,13.9303,2.9351,87.3033,26.4969,28.4641,1,1,1,0
0.062,14.9699,9.2243,0.3305,26.5913,4.6557,0.0524,3.3555,6.2301,36.128,33.803,11.0495,0,0,1,1
0.0262,5.0883,3.3577,0.0316,5.6779,8.782,0.0317,13.8788,7.8336,72.4681,19.7697,17.1299,0,0,0,0
0.1433,5.5406,6.8169,0.3363,8.1371,3.1692,0.258,13.6426,1.0885,47.1498,21.4975,2.6065,0,0,1,1
0.1791,12.4927,1.2352,0.3462,19.4702,3.2448,0.3235,5.5405,5.0358,30.4201,22.5665,30.7248,1,1,1,1
0.3155,14.8537,4.3244,0.1856,8.8696,6.4156,0.0717,3.5609,5.9439,77.1883,25.7749,42.3383,1,1,0,0
0.2784,14.3686,0.608,0.093,14.7373,2.422,0.2616,13.163,3.6849,52.6586,37.8955,25.6034,1,1,1,1
0.0323,5.8804,1.9513,0.2713,39.9573,8.2083,0.2543,7.0085,2.1218,83.1143,48.1051,44.3226,0,0,1,1
0.1641,5.2528,9.3047,0.0832,20.6891,8.187,0.3285,3.7355,7.2686,66.3482,34.1198,44.653,0,0,1,0
0.1516,6.9767,9.1877,0.2521,12.7923,3.9034,0.3458,13.4812,2.5316,57.6053,40.3171,16.9142,0,1,1,1
0.3404,10.9125,4.2813,0.3288,21.6256,7.4843,0.069,14.973,4.195,51.5816,16.487,5.2481,1,0,1,1
0.0268,1.8039,7.5002,0.3437,20.347,5.1175,0.0512,2.971,2.5622,65.1412,30.752,4.9462,0,0,1,1
0.2243,10.5849,9.9542,0.1495,13.8281,7.0231,0.0789,11.3799,4.8482,96.8128,5.5862,2.9284,0,0,0,1
0.2299,1.28,7.7339,0.1105,10.4051,1.5789,0.2565,10.8283,7.3193,117.1785,41.8665,32.4812,0,1,1,0
0.3397,11.3013,0.8369,0.2523,17.4171,6.3916,0.1783,5.1639,2.7098,92.0802,10.3508,12.4132,1,0,1,1
0.1567,10.0847,5.7039,0.0324,23.897,4.8288,0.0393,6.3734,5.486,93.0931,19.4597,18.6573,0,0,0,1
0.0628,5.2642,6.5534,0.3258,26.6264,7.7755,0.2654,3.4447,7.3077,119.008,30.0005,35.3754,0,0,1,0
0.1793,6.7857,1.2848,0.3215,17.8949,9.5158,0.0945,7.4633,7.5599,46.0297,49.9017,26.4583,1,1,0,0
0.3155,3.9923,1.8227,0.049,34.3133,1.4466,0.2515,6.5085,0.5302,30.627,6.5184,13.9291,1,0,1,1
0.1428,3.246,5.0787,0.2489,26.6119,5.7802,0.2957,13.5288,4.0405,43.4585,49.6316,17.6209,0,0,1,1
0.1597,1.6522,7.8432,0.1887,24.8325,0.9359,0.1159,7.3237,4.5802,73.6002,9.3496,23.4617,0,1,0,1
0.0266,13.7409,6.4351,0.0228,20.0301,8.7273,0.1138,2.4694,7.2062,37.8647,14.0936,40.0742,0,0,0,0
0.1662,6.1099,5.474,0.1838,33.003,8.1039,0.0684,14.979,0.5281,65.1334,13.1794,3.2109,0,0,1,1
0.2171,1.486,9.2032,0.0556,36.6405,5.2303,0.1943,2.5021,2.5411,95.1428,22.2582,6.4771,0,0,1,1
0.0327,9.8164,2.2809,0.2727,11.3609,7.0972,0.1211,9.864,4.2757,119.3752,7.7065,24.8672,0,1,0,0
0.0572,9.8068,7.9388,0.2577,9.6536,7.66,0.1757,6.3961,0.8737,97.4847,35.845,13.2817,0,0,1,1
0.0324,2.4398,5.8339,0.2914,11.5822,1.9948,0.0684,5.2466,7.7783,77.9065,6.7297,35.8962,0,1,0,0
0.3373,7.5756,8.7895,0.0234,22.2797,6.7237,0.2245,3.4642,4.6433,82.1351,38.2212,31.9482,1,0,1,0
0.1908,13.8651,4.1408,0.3377,8.3992,9.3744,0.0521,14.9661,3.7912,109.5695,17.0777,2.2269,0,0,1,1
0.0621,10.3044,2.794,0.0911,8.2143,6.5968,0.1736,14.9192,5.1259,87.2227,22.2819,22.7626,0,0,1,0
0.2764,11.343,2.8244,0.3248,33.9604,1.3655,0.249,9.9138,3.6411,48.7196,19.2162,35.9458,1,1,1,1
0.2613,8.3845,2.0815,0.0838,22.4059,6.9396,0.1469,7.2985,1.6027,93.9058,34.6347,25.1492,1,0,1,1
0.259,1.678,0.5445,0.2025,15.4968,0.786,0.3188,14.3359,7.2271,46.2909,39.8875,21.7293,1,1,1,0
0.2915,13.4034,8.2749,0.1937,12.9665,2.7692,0.2154,8.443,6.4522,42.8375,25.5825,28.6613,1,1,0,0
0.1037,3.6526,9.3529,0.2324,17.9613,1.6379,0.262,8.4627,7.1618,107.2528,18.476,10.6686,0,1,0,1
0.108,10.8068,9.7956,0.1629,16.3936,7.373,0.1268,11.8276,2.2245,96.3421,4.3437,6.5181,0,0,0,1
0.3073,9.4237,4.4385,0.1418,31.8764,6.1302,0.2257,14.9047,6.2373,38.3226,48.7718,44.1385,1,0,1,0
0.1178,3.0099,2.5952,0.2029,34.8435,3.7813,0.2699,11.9123,3.8737,44.0273,48.5622,14.7285,1,0,1,1
0.0318,6.7017,2.0755,0.0937,15.4959,9.4116,0.2375,4.9905,3.8983,82.2298,49.499,9.1459,0,0,1,1
0.0451,11.9762,9.4542,0.3122,19.896,8.4418,0.1031,12.6318,6.0196,82.148,15.7094,9.8136,0,0,1,1
0.1835,10.9282,9.9722,0.2995,14.2439,4.9941,0.2798,6.3072,6.9172,43.3994,4.4753,44.2308,0,1,0,0
0.0758,3.8442,9.3337,0.2743,15.4723,0.8887,0.213,9.8175,5.1257,80.9354,11.8746,38.6173,0,1,0,0
0.2458,12.1584,6.8784,0.1626,28.2997,4.7476,0.0256,11.2784,2.4994,113.7505,30.3905,29.3268,1,1,0,1
0.233,9.1836,0.758,0.0686,27.2567,1.717,0.2257,6.016,2.6245,87.0424,11.484,26.8929,1,0,1,1
0.1239,14.0782,1.2127,0.1993,15.2547,6.6524,0.2729,3.0624,1.2859,92.144,7.3929,5.2242,0,0,1,1
0.2026,7.0837,9.437,0.1142,7.8116,2.1429,0.148,13.7606,6.0382,78.2931,34.0864,21.1768,0,1,1,0
0.314,14.3805,8.5758,0.0775,34.0053,9.5086,0.3378,7.3993,1.1403,56.4633,29.2453,9.5013,0,0,1,1
0.254,5.2875,9.5592,0.0989,18.916,5.0478,0.0709,4.159,7.3642,111.1522,8.0872,1.7082,0,0,0,1
0.3398,14.9028,9.737,0.1168,24.3567,8.3578,0.0216,14.0689,7.0671,82.6465,24.1261,34.5417,1,0,0,1
0.0365,9.9298,5.7894,0.1332,20.2186,0.4274,0.1833,8.246,3.9723,65.4606,23.8229,14.6719,0,1,1,1
0.133,14.9346,8.6363,0.2584,17.8831,6.5914,0.0961,12.1229,1.7155,76.1529,8.5511,3.3168,0,0,1,1
0.137,9.4058,1.9218,0.2484,36.0004,1.0794,0.0223,8.2639,2.0642,112.9106,30.047,43.6425,1,1,0,1
0.1456,1.3818,6.746,0.0358,23.1079,1.0882,0.0271,5.0775,3.459,50.6983,23.4656,9.1728,0,0,1,1
0.192,2.5913,2.2933,0.1664,36.3895,7.6818,0.3174,8.5086,3.5046,51.4412,22.5232,41.0284,1,0,1,0
0.2355,5.6959,9.3008,0.1244,34.0553,5.0342,0.279,14.9708,6.1588,48.6301,24.2832,27.02,1,0,1,1
0.1894,11.5552,5.4858,0.0462,27.95,8.2897,0.1496,5.3435,5.0799,39.5393,3.4834,24.0374,0,0,0,1
0.296,5.2926,4.0605,0.2022,20.1604,9.6745,0.3485,6.568,6.0447,66.8654,12.217,7.8486,1,0,0,1
0.3485,10.6979,0.977,0.0794,12.3624,6.5379,0.0927,13.8569,6.5898,53.5289,41.1561,40.0225,1,0,1,0
0.2247,7.3041,5.0898,0.1886,12.0639,1.7396,0.1733,7.736,4.58,109.9306,30.6701,36.6547,1,1,1,0
0.042,7.8919,7.5438,0.0443,20.1637,1.068,0.1737,13.7116,1.6911,119.6743,43.5242,40.6461,0,0,1,0
0.0458,4.07,1.5317,0.1652,12.6743,1.0572,0.3113,3.441,3.8956,32.0796,45.1976,1.1097,0,0,1,1
0.3189,10.4809,6.696,0.2268,20.5082,4.2965,0.025,10.1198,4.7917,68.6096,9.3129,28.9784,1,1,0,1
0.3101,2.9696,4.6315,0.1934,29.6878,4.6202,0.2466,13.9484,2.6974,115.3544,43.2742,40.5152,1,1,1,0
0.0528,9.754,0.568,0.3163,17.087,9.0528,0.0879,2.6244,2.7957,78.0556,9.7652,18.5184,1,0,1,1
0.2698,8.2008,1.0796,0.1339,29.005,0.8391,0.1717,11.6467,7.4002,68.1998,13.4475,40.8966,1,1,0,0
0.1999,9.3033,2.1021,0.1477,7.0322,7.284,0.265,13.4143,6.9012,98.3253,31.8968,42.8283,1,0,1,0
0.3378,2.5547,0.895,0.0558,21.3379,8.7533,0.1096,5.4309,5.3905,97.191,41.0641,37.3948,1,0,1,0
0.0327,12.1108,9.5464,0.0722,5.1094,9.3071,0.0849,11.3217,6.537,97.132,30.6261,43.254,0,0,0,0
0.2924,4.0154,7.8188,0.1485,35.2953,5.2996,0.1215,14.5147,4.2997,77.8518,46.4017,24.072,1,0,1,1
0.167,1.6581,8.6736,0.0928,24.3122,7.5709,0.0882,2.9373,3.4816,48.685,44.4668,25.1418,0,0,1,1
0.1888,3.6657,6.195,0.2752,9.6182,1.2222,0.0959,8.8701,5.7641,52.3263,2.2318,19.4612,0,1,0,0
0.2321,11.2645,9.909,0.1816,15.5118,5.1447,0.121,7.2848,0.9806,53.1824,35.2191,43.8801,0,0,1,0
0.3432,6.3463,0.4913,0.0493,23.0404,9.7807,0.2556,7.5177,7.2306,48.7557,42.0581,43.6642,1,0,1,0
0.2201,8.1041,5.2834,0.2502,11.011,1.7183,0.1754,10.7527,7.3322,99.4055,10.526,11.2576,1,1,0,1
0.1809,13.2343,8.0855,0.1186,9.4353,1.1258,0.2602,11.9713,5.5769,64.8346,25.867,35.3432,0,1,1,0
0.1255,12.9158,0.7486,0.1349,38.915,3.2128,0.274,2.6564,2.2659,49.2185,10.962,23.2716,1,0,1,1
0.1978,3.4042,5.4244,0.1741,8.9894,3.9622,0.2488,10.4341,2.9671,111.6983,46.5805,43.8316,0,0,1,0
0.1668,5.2099,2.2743,0.3084,21.6171,6.2053,0.094,5.9791,1.2117,53.6078,19.6794,34.0323,1,0,1,0
0.3363,1.8504,7.2296,0.1442,37.4763,8.3528,0.2064,2.1385,7.1631,101.6769,42.451,27.6133,1,0,1,1
0.0243,9.746,7.0409,0.1183,11.2995,8.7647,0.1404,4.4699,2.4967,64.0768,3.3432,12.5517,0,0,0,1
0.0959,7.9962,3.2659,0.1907,38.2369,2.5252,0.2967,8.1744,4.3489,78.4711,41.0256,14.0187,0,0,1,1
0.221,6.6531,0.4081,0.3434,14.6489,3.8298,0.0242,8.5965,5.3472,52.7627,17.0939,27.1781,1,1,0,0
0.1998,12.7136,5.0723,0.0857,10.7446,9.5861,0.2495,4.1638,1.6639,57.379,9.9134,9.7392,0,0,1,1
0.0298,14.5793,5.3497,0.2035,7.2898,1.7658,0.2237,10.7892,0.7377,57.805,33.5717,12.5325,0,1,1,1
0.2691,12.4345,8.2147,0.1022,33.7709,7.8729,0.3097,7.4193,6.1826,54.8802,20.5918,17.8679,0,0,1,1
0.3126,3.0152,9.1086,0.0272,11.1084,8.5136,0.0424,11.2229,3.5934,111.9086,14.4021,19.2856,1,0,0,0
0.1738,2.5034,4.5864,0.2996,17.9178,6.7385,0.3124,6.867,2.0503,106.6392,44.4528,41.6836,1,0,1,0
0.344,4.21,7.3323,0.2148,8.6131,3.5913,0.066,8.0883,6.9304,105.9105,36.4854,20.2985,1,1,0,0
0.2808,13.2025,5.1771,0.0705,27.5118,5.9057,0.0361,10.4498,4.3367,64.6713,46.9332,8.1509,0,0,1,1
0.2835,7.4901,1.9654,0.2771,39.859,3.4104,0.3141,4.1413,2.0728,110.7339,19.3718,14.8147,1,0,1,1
0.2078,9.5671,8.6655,0.0983,14.4406,5.6933,0.2456,14.8546,3.0126,73.201,46.9198,39.7722,0,0,1,0
0.2273,9.9392,3.7161,0.2841,28.2114,3.7957,0.2203,10.0259,2.1339,52.1642,18.8476,40.8475,1,1,1,0
0.1682,1.4657,7.7755,0.1204,18.6794,7.5127,0.217,7.1729,3.5027,96.6873,49.703,13.9375,0,0,1,1
0.133,6.4388,9.7792,0.1107,6.9478,2.7173,0.1883,14.1458,1.0125,74.4968,22.1803,3.7088,0,0,1,1
0.1908,12.2437,7.0022,0.3399,37.1816,9.9051,0.0294,5.7827,6.4397,73.7072,11.7273,1.0233,0,0,0,1
0.1831,1.7339,6.126,0.0313,35.326,8.1349,0.1514,12.4436,1.5813,112.2029,28.5813,34.1938,1,0,1,1
0.3159,10.1125,8.9035,0.3402,21.5312,5.9725,0.3476,9.4187,7.4893,66.1783,31.732,8.0157,0,0,1,1
0.2338,6.4144,4.3885,0.3495,38.5534,2.756,0.072,4.861,5.0986,91.8729,25.6403,20.623,1,0,1,1
0.1758,4.0242,5.91,0.2591,39.1569,3.5611,0.2623,6.3488,4.3156,91.9408,15.4885,15.5446,0,0,1,1
0.0834,6.8895,8.0802,0.3319,16.1018,2.2545,0.0999,12.0599,2.6375,87.7244,31.8574,35.7778,0,1,1,0
0.283,4.7119,0.5994,0.2382,34.1887,7.6345,0.2185,6.3651,6.6441,98.6296,23.2337,34.3161,1,0,1,1
0.1013,3.6519,3.9138,0.0999,36.8832,3.9265,0.1307,5.8038,7.5199,108.1222,33.5145,42.715,1,1,0,0
0.1685,5.3332,1.9161,0.319,18.6771,4.6731,0.0952,13.258,3.6591,73.9436,48.9777,18.5894,1,1,1,1
0.1753,13.2504,7.8726,0.135,22.0519,3.3508,0.1376,2.3855,7.5351,108.2899,18.2462,20.7025,0,0,0,1
0.2356,12.8831,7.3885,0.0365,28.2983,2.6248,0.0385,12.034,2.7572,91.9166,27.3363,18.517,0,0,1,1
0.0589,14.8422,9.67,0.0776,21.6688,3.884,0.0727,13.1279,4.0298,103.8262,11.01,43.6765,0,0,0,0
0.0315,13.8172,9.1284,0.1506,22.9711,6.4461,0.0901,10.5986,4.7988,102.5496,27.0845,35.5286,0,0,1,1
0.2145,12.0373,1.7436,0.0318,32.6374,6.7359,0.2221,4.7804,7.3782,115.8026,36.3116,28.8806,1,0,1,1
0.3148,14.0422,9.0539,0.1058,39.0087,8.0573,0.182,8.4749,5.5905,80.5636,45.1982,20.4824,0,0,1,1
0.2881,13.9335,2.607,0.0785,25.6617,0.5405,0.1776,11.463,7.6115,74.7784,19.0761,22.4839,1,1,0,1
0.0804,7.5379,1.0702,0.2572,8.3685,0.8757,0.2601,12.4482,7.0161,35.4075,24.6364,1.9992,1,1,0,1
0.1568,8.3586,1.6433,0.133,11.9661,3.4103,0.2689,9.3464,4.7791,56.2428,8.1152,22.5593,1,1,0,0
0.0875,6.67,9.5146,0.2344,27.1467,8.7337,0.2753,5.8314,7.809,104.76,36.2489,18.571,0,0,1,1
0.0374,7.057,4.5902,0.2407,25.8045,0.8151,0.2971,10.742,4.5793,75.6447,48.3787,26.6288,0,1,1,1
0.1905,10.1427,1.1643,0.191,8.754,8.2705,0.2101,12.2908,6.7709,68.4562,17.0585,41.1717,1,1,0,0
0.2692,4.3913,7.4003,0.1894,15.6071,5.7384,0.2651,6.154,3.7097,63.6211,16.7933,27.8125,0,0,1,0
0.1517,11.5723,4.1413,0.3322,15.1624,1.2196,0.2457,8.0225,7.0627,92.5723,4.6248,2.9759,0,0,0,1
0.0996,6.6378,0.4902,0.2265,16.1555,2.2014,0.1695,7.7038,4.6048,64.2995,18.2,9.3573,1,1,0,1
0.2593,13.6115,6.3231,0.2032,12.3427,3.9137,0.1256,4.8638,3.9843,117.5198,41.9312,39.6825,1,1,1,0
0.2892,13.0182,6.5085,0.3239,39.6434,6.8899,0.1914,11.9522,4.6008,105.4501,15.3084,8.7835,0,0,1,1
0.1885,5.8067,5.2795,0.341,32.8633,8.1662,0.13,10.0241,2.0681,87.1753,21.0519,44.0479,1,1,1,0
0.1169,14.0894,7.5223,0.1901,38.3594,4.9271,0.2848,4.8553,1.0902,83.6993,22.8344,9.4994,0,0,1,1
0.1519,9.7167,4.1623,0.0399,13.4639,4.6493,0.0928,10.5922,6.9123,64.7286,2.1302,37.7915,0,0,0,0
0.278,4.1896,3.7006,0.295,8.4257,7.965,0.2455,11.4888,2.83,73.2199,29.1471,28.0828,1,0,1,0
0.1512,10.1082,7.2542,0.3482,26.9709,8.9507,0.1001,9.0269,0.53,93.3166,47.5476,28.0904,0,0,1,1
0.1103,13.8008,0.7649,0.0623,13.9569,8.276,0.2176,5.8527,1.7294,56.4561,3.1726,5.7597,0,0,0,1
0.2746,13.4952,4.1415,0.2416,27.843,5.7834,0.2189,13.7641,4.9215,97.5365,7.2324,1.6776,0,0,0,1
0.1416,6.9679,4.375,0.3187,10.4283,9.4004,0.3172,8.9587,4.1227,95.2466,9.5705,24.6602,0,0,1,0
0.2169,3.5936,4.73,0.303,27.2618,8.2443,0.0433,7.3458,5.494,43.774,27.9406,11.1163,0,0,1,1
0.1017,10.0006,2.5389,0.1928,27.6256,9.0558,0.0312,10.9032,1.7294,44.2156,11.2008,42.5131,1,0,1,0
0.0768,2.1295,6.2039,0.1934,16.1782,5.3288,0.1731,11.6403,2.3038,87.1691,31.261,25.2766,0,0,1,0
0.1463,14.1551,7.0915,0.3043,36.7827,4.0347,0.2399,5.5921,2.176,84.3232,40.07,42.1048,1,1,1,1
0.348,10.2203,9.2151,0.2528,25.665,4.2311,0.0287,14.9041,7.3772,110.8398,19.9015,5.3392,1,1,0,1
0.1918,1.988,6.3069,0.2453,15.1402,5.4344,0.2055,3.7907,5.6862,41.5643,9.1396,10.4863,0,0,0,1
0.3488,14.0679,4.783,0.0815,26.1024,9.6537,0.2801,7.3913,3.8819,89.648,17.5597,4.9543,0,0,1,1
0.0846,1.4002,4.2329,0.086,31.4843,4.9656,0.3288,10.482,5.3866,51.2474,9.3621,15.0868,0,0,0,1
0.2669,2.8451,4.3303,0.0657,34.2837,8.2565,0.0957,8.4265,6.0946,39.6293,11.9949,19.2376,1,0,0,1
0.2295,11.8605,9.7873,0.1872,15.5913,0.3712,0.0583,13.5348,3.1449,39.4432,12.3718,3.0451,0,1,1,1
0.2612,6.7746,8.6052,0.0393,23.3157,9.9733,0.0851,14.0498,1.7239,59.6263,17.3271,27.4972,1,0,1,1
0.2749,12.2974,7.8184,0.1944,28.9191,5.0867,0.3025,7.2272,1.0915,95.0234,47.5443,18.3374,0,0,1,1
0.2235,1.3297,7.4185,0.0703,16.5987,8.8721,0.0348,5.9062,4.3722,50.7688,26.182,9.5785,0,0,1,1
0.2161,6.8979,9.7329,0.1244,30.9524,3.5535,0.0471,11.9841,2.0969,82.6956,44.4579,41.25,1,1,0,0
0.0551,5.8537,3.0661,0.2738,8.8023,4.0927,0.0295,8.6509,6.1732,84.6202,20.6892,27.3335,0,1,0,0
0.0755,6.3685,6.4296,0.0411,21.1123,1.8515,0.2266,7.6745,5.0634,104.3643,24.1964,44.4402,0,0,1,0
0.2984,4.0057,2.7817,0.1022,37.5877,4.0077,0.1565,3.7623,7.9363,54.493,22.324,30.9282,1,0,0,1
0.1816,8.6637,0.7444,0.3437,20.884,5.7592,0.1158,2.2621,2.3307,60.4948,4.4039,14.2937,1,0,0,1
0.0504,4.2074,7.6018,0.1629,32.7715,1.4666,0.2173,14.4196,3.4684,80.7079,38.3991,2.8753,0,0,1,1
0.3127,10.581,7.8401,0.1851,24.4985,7.9505,0.1785,5.1676,3.641,41.8401,37.0868,13.5016,0,0,1,1
0.0332,10.4375,5.871,0.2733,32.5939,6.175,0.2907,5.3708,6.0022,96.022,40.7905,36.9453,0,0,1,1
0.2713,1.2902,5.5179,0.3076,15.6879,5.6343,0.3153,10.3648,1.0715,42.3366,32.4078,32.8591,1,1,1,0
0.2644,10.2607,1.3821,0.119,19.468,4.2075,0.2799,4.1253,1.4564,96.349,44.134,1.9469,0,0,1,1
0.028,10.8456,8.6261,0.2301,19.9763,6.5221,0.1323,13.5332,5.379,66.4237,29.3151,36.1647,0,1,0,0
0.323,12.4484,6.5874,0.0628,9.4433,7.0861,0.2772,2.8859,4.8888,58.2751,34.5946,44.8788,0,0,1,0
0.2372,7.8271,6.2897,0.2761,20.6182,1.6074,0.276,13.7304,4.307,92.7128,46.8015,1.8105,0,0,1,1
0.1846,6.1948,5.8266,0.1173,38.6355,0.8376,0.0741,3.0478,2.4253,57.4341,24.4715,43.8198,1,1,0,1
0.0588,4.2582,9.173,0.0797,12.9789,6.3582,0.2916,12.8883,1.9919,66.0191,9.0492,15.9425,0,0,1,1
0.2098,9.1112,7.7322,0.0458,34.0106,4.3726,0.181,8.9714,2.3012,36.777,24.9888,8.0057,0,0,1,1
0.2174,4.54,9.3073,0.1295,8.328,8.3266,0.0547,2.0921,6.5981,44.8593,24.8103,4.9091,0,0,1,1
0.2987,8.6261,6.605,0.1867,7.571,1.1124,0.1253,4.4256,5.7131,70.4048,11.9491,25.5017,1,1,0,0
0.2491,5.3244,2.0415,0.1991,19.4621,7.3772,0.2072,13.6876,5.138,95.66,36.1451,4.1619,1,0,1,1
0.2067,15.0,1.3203,0.2242,9.2839,6.3606,0.3064,13.5514,6.0723,79.9443,33.8946,31.4058,1,1,1,0
0.2129,6.8631,6.7902,0.2498,12.2476,9.9747,0.3499,13.1019,2.4236,52.7524,47.4938,30.6747,0,0,1,0
0.321,4.6544,4.5875,0.0631,21.947,3.0879,0.2305,9.0986,4.2075,114.6034,4.9818,29.0036,1,0,0,0
0.3033,2.8418,6.1824,0.1402,13.3862,4.5742,0.0497,2.431,6.5035,87.851,3.306,41.0057,0,0,0,0
0.0742,1.8317,3.8303,0.0529,10.5594,4.7101,0.0495,9.44,1.4882,75.6468,3.0525,31.8161,0,0,0,0
0.0521,13.2151,5.3286,0.1784,32.1013,2.8034,0.2288,2.4001,7.5496,117.1031,20.4438,24.9496,0,0,1,1
0.2997,14.464,7.2208,0.1861,36.9093,7.8148,0.2207,14.117,2.6015,70.1674,23.7383,9.8067,0,0,1,1
0.2702,11.2507,0.777,0.0875,18.3693,7.8345,0.3262,12.0992,5.7538,87.1036,19.077,26.7822,1,0,1,1
0.2871,12.8051,4.1237,0.3215,39.8797,5.6105,0.2868,14.3733,4.1238,44.1305,17.5358,35.522,1,1,1,1
0.1655,13.5959,4.7687,0.0417,21.0807,1.201,0.3048,7.3851,5.4317,57.757,24.5796,8.7118,0,0,1,1
0.0573,9.7637,3.4657,0.0606,17.6455,6.3836,0.1929,3.3956,0.6313,43.2384,14.4259,39.8831,0,0,1,0
0.3035,9.309,5.5487,0.22,26.2457,5.3573,0.0517,6.1742,6.6572,35.3752,24.2888,30.7501,1,1,0,1
0.1351,7.8899,1.6493,0.2003,19.2408,1.4423,0.3476,7.6888,1.6292,92.2326,42.3755,18.788,1,1,1,1
0.0598,12.6009,1.4845,0.0518,19.3813,0.3703,0.2786,6.0569,2.8095,45.3669,42.062,4.0335,0,0,1,1
0.0582,10.7293,7.843,0.1541,25.3628,8.3209,0.2838,14.9886,1.5289,66.185,31.3842,20.8944,0,0,1,1
0.2171,11.0764,3.8506,0.303,19.5073,1.2897,0.3068,14.9532,4.0691,61.5731,38.7857,25.1932,1,1,1,1
0.1025,4.6938,7.3509,0.3247,20.4226,4.6316,0.1998,6.6155,1.7752,33.0216,22.4658,33.1211,0,0,1,0
0.3266,13.4408,6.8769,0.1628,25.7623,1.0206,0.2392,14.3049,5.4057,69.8208,14.2651,44.0518,1,1,0,0
0.3309,10.1484,8.6708,0.1829,32.6616,7.8881,0.0737,6.2855,6.8353,40.9821,11.4776,12.1609,0,0,0,1
0.2292,10.2267,0.7012,0.0893,28.9907,4.7763,0.128,7.494,6.5469,82.0972,15.2269,15.7594,1,0,0,1
0.0221,8.421,4.5819,0.0347,14.2433,0.6826,0.081,6.7321,4.9451,111.6273,25.8649,20.7119,0,1,0,1
0.0433,7.7991,9.3119,0.0316,33.9373,9.0761,0.2826,5.3511,3.2348,62.7402,26.3877,38.2017,0,0,1,1
0.3268,14.0222,2.161,0.1992,25.7982,9.2696,0.1717,6.0051,0.9778,48.8663,37.4128,28.0371,1,0,1,1
0.1599,7.0363,9.7954,0.0463,27.6651,8.4923,0.0609,9.8739,6.6183,45.8052,34.1987,30.7617,0,0,1,1
0.203,8.9692,7.9151,0.1697,7.4942,8.34,0.2747,8.9552,4.5726,84.5986,43.8385,44.1183,0,0,1,0
0.2329,14.4808,5.9925,0.2324,31.4006,7.3627,0.0404,3.1338,7.7993,39.8177,30.6559,27.7893,1,1,0,1
0.1487,8.377,8.0061,0.3394,9.8421,3.52,0.2691,9.7747,5.7184,87.4211,46.644,34.9003,0,1,1,0
0.1922,14.7394,5.0781,0.1826,25.4937,6.1405,0.0914,13.7721,4.1158,92.8524,22.0453,22.8435,1,1,0,1
0.2588,13.102,1.7115,0.2305,6.077,5.4164,0.0669,3.463,3.6241,91.886,9.9608,30.9269,1,1,0,0
0.1407,3.9811,3.6407,0.2554,29.0827,1.9132,0.0497,8.883,7.5202,52.6775,27.6401,16.2653,1,1,0,1
0.2885,1.8724,6.1494,0.2301,18.5394,3.6547,0.269,10.8086,7.9865,86.9069,25.6494,28.5348,1,1,0,0
0.2618,1.5014,4.9525,0.1006,8.5991,3.6759,0.1268,14.1084,1.0619,96.475,13.3984,34.5278,1,0,1,0
0.2933,6.9348,5.423,0.2044,34.8475,9.1571,0.232,10.9393,3.246,98.0163,23.3934,36.2084,1,0,1,1
0.1424,1.0927,5.976,0.3255,6.6159,9.7497,0.1267,12.6806,7.0114,104.643,10.0816,22.5924,0,0,0,0
0.0702,1.4507,9.8704,0.1521,29.0055,0.8876,0.0942,7.1133,6.6887,88.4923,21.2401,21.5533,0,1,0,1
0.1585,4.1404,4.3407,0.1789,11.3518,8.5447,0.2656,9.918,6.7187,55.8576,28.0611,37.9031,1,0,1,0
0.2144,5.0088,8.5867,0.3207,9.4384,5.1749,0.2166,2.6317,2.1458,54.3968,35.3744,42.4869,0,0,1,0
0.3484,3.1533,9.2792,0.2601,6.1759,5.4174,0.0592,10.4593,2.1944,48.6485,3.5019,4.7065,0,0,0,1
0.1857,7.5161,4.1964,0.1532,25.8404,4.1566,0.3158,6.8627,3.2445,92.7152,46.179,12.4344,0,0,1,1
0.1763,4.1409,7.8189,0.1297,13.9854,4.6285,0.1359,10.4442,7.1171,47.7903,9.6644,3.0513,0,0,0,1
0.3267,8.7169,6.1779,0.1066,28.4167,9.0803,0.319,4.2504,6.609,115.6573,29.636,28.5024,1,0,1,1
0.2379,9.1014,9.9876,0.1291,33.7282,1.6178,0.2253,8.7657,5.3773,42.6788,45.6303,14.991,0,0,1,1
0.1699,3.6922,3.6821,0.3427,32.8699,9.425,0.2887,9.9366,7.2903,117.6346,25.992,32.0686,1,0,1,1
0.0749,3.7127,9.2872,0.0296,27.244,1.4801,0.302,7.4505,7.1635,97.0346,21.1456,21.1811,0,0,1,1
0.3204,9.4503,2.4847,0.1067,39.0203,9.1422,0.3035,2.4947,5.5962,96.9537,8.5857,14.1999,1,0,0,1
0.0225,9.5908,7.1443,0.1441,25.0986,1.0382,0.117,4.957,6.0598,91.3581,14.5694,3.6307,0,0,0,1
0.1607,1.8765,9.1234,0.2701,23.5695,8.5128,0.2058,5.6244,5.4228,68.9848,33.2908,4.0313,0,0,1,1
0.3259,13.7119,8.8345,0.2057,9.774,4.2133,0.1888,6.4169,4.183,38.3629,14.4919,40.935,1,1,0,0
0.1659,11.1599,1.0266,0.1382,33.451,7.3844,0.0295,12.4797,5.0567,46.9387,5.8501,7.7086,1,0,0,1
0.0999,12.9893,9.8704,0.1408,28.8057,3.6628,0.1243,3.8108,6.6524,91.9258,20.793,35.819,0,1,0,1
0.2784,9.8087,9.7961,0.1798,19.746,5.1599,0.089,2.9412,1.7224,88.2788,3.2259,10.8577,0,0,0,1
0.204,12.434,4.7935,0.1004,30.3115,2.7304,0.2411,6.1414,7.6182,84.2406,24.5075,41.0001,1,1,0,1
0.1493,9.2232,3.1515,0.2885,24.6133,3.8175,0.1791,3.9664,7.5433,104.2348,33.3233,12.5308,0,0,1,1
0.0745,5.707,6.0158,0.1353,35.4436,7.7684,0.1044,6.3187,5.1499,112.8598,42.1238,38.7737,0,0,1,1
0.1069,10.5993,0.9193,0.2023,29.813,2.6465,0.1668,12.1819,3.408,95.0778,18.4208,32.0632,1,1,0,1
0.0298,5.0288,1.0588,0.2885,16.5698,5.3221,0.285,3.584,7.3795,46.7616,30.7059,6.8364,0,0,1,1
0.3493,5.7647,2.8125,0.037,10.174,5.8177,0.0417,13.8771,2.8643,81.6891,35.1251,15.3927,1,0,0,1
0.1413,9.6898,1.1236,0.3339,26.364,9.9848,0.2853,9.5456,4.6941,88.3401,31.5825,36.0963,1,0,1,0
0.2877,13.9842,8.8096,0.1008,30.5944,5.0559,0.1789,2.498,3.3255,82.9914,13.3159,11.6887,0,0,1,1
0.0289,3.2672,7.017,0.1055,33.4776,8.35,0.2942,13.0593,0.9736,62.1516,29.2696,2.1131,0,0,1,1
0.2647,4.0341,3.0132,0.1066,22.3542,8.0974,0.305,5.7203,0.6144,98.456,22.4136,18.3102,1,0,1,1
0.089,8.4096,6.6428,0.243,38.1967,2.3609,0.3196,12.9409,4.9687,60.7155,26.4515,11.3102,0,0,1,1
0.2675,11.6528,6.5119,0.1176,15.627,3.0145,0.1962,13.6629,2.3341,84.9657,46.7025,37.7695,1,1,1,0
0.1983,7.0736,3.9364,0.1865,22.1507,9.1051,0.0764,5.0061,1.0609,43.4527,35.0324,7.0359,0,0,1,1
0.2795,2.5367,5.574,0.3079,35.4919,6.9024,0.0284,10.8894,0.7674,65.9687,7.9197,41.1024,1,1,0,0
0.0863,7.6206,9.0185,0.3082,34.5743,7.2284,0.3085,13.2287,1.3767,79.9576,16.7622,37.1437,0,0,1,1
0.1075,9.1374,2.769,0.1391,13.6398,0.3222,0.289,2.3905,0.9767,114.1664,4.8325,12.9729,0,1,1,1
0.1943,5.5571,1.1614,0.1559,35.2898,0.8552,0.0703,13.9159,5.9821,81.0161,21.2574,20.8809,1,1,0,1
0.2035,13.3356,8.4461,0.0627,17.8436,1.2259,0.0955,11.0055,6.9244,118.9157,43.7597,7.4645,0,0,1,1
0.1652,7.1286,8.4059,0.241,21.3417,0.538,0.1568,12.2579,0.9049,112.1117,45.8686,25.6697,0,1,1,1
0.0332,3.225,7.4965,0.1854,26.2447,4.6312,0.1788,11.8789,1.3644,83.0879,41.2402,14.5822,0,0,1,1
0.0583,4.3189,1.2547,0.1766,6.1253,8.8886,0.0675,14.5488,5.036,82.1762,23.2923,37.1704,1,0,1,0
0.2126,8.0227,3.9418,0.2928,7.7522,5.9313,0.071,14.7149,4.201,88.3952,40.0095,44.9678,1,1,0,0
0.1651,10.5921,7.4372,0.1921,39.2042,2.6485,0.2452,2.0284,6.0454,97.4031,26.9139,6.4688,0,0,1,1
0.0427,3.667,5.7134,0.1414,15.0508,8.9196,0.2587,10.9859,4.3961,99.8985,32.641,30.5941,0,0,1,0
0.223,14.2532,3.2927,0.0422,37.3438,3.0691,0.1475,14.9328,5.1141,40.7885,7.9035,25.1806,1,0,0,1
0.0206,1.6026,7.0599,0.1816,30.1544,8.0042,0.1329,3.5973,5.591,32.9842,24.2227,34.5088,0,0,1,0
0.071,5.9357,9.3011,0.2352,26.6059,5.5483,0.177,13.6511,5.7869,53.2803,24.9046,15.4909,0,0,1,1
0.2332,2.9761,8.1036,0.2773,16.3708,3.8337,0.0582,12.4529,6.1811,47.5076,26.9275,8.0884,1,1,0,1
0.276,2.244,5.6558,0.1103,25.0294,9.82,0.045,14.1548,3.6236,84.7024,31.3609,30.6533,1,0,1,0
0.0316,11.5777,0.657,0.2734,21.1357,4.7402,0.1369,9.9565,3.5077,67.0458,30.4632,17.2137,0,0,1,1
0.1774,8.8343,2.6075,0.0425,22.2974,5.4129,0.0706,8.3997,5.7573,92.244,48.3698,36.7254,1,0,0,0
0.1821,13.8189,1.234,0.3073,32.6358,7.0827,0.1724,11.9756,2.7891,116.0589,17.3127,13.4122,1,0,1,1
0.0995,8.7255,8.0683,0.2731,19.5511,7.6179,0.288,10.1298,4.3067,109.5601,7.9795,25.1018,0,0,0,1
0.0582,1.9312,2.4508,0.0412,15.856,9.4243,0.2361,8.0086,2.8422,116.8375,10.3918,8.4994,0,0,1,1
0.2909,5.5739,9.5051,0.3411,37.212,6.3881,0.1852,6.5564,7.1371,63.3187,43.6288,37.9921,1,1,1,1
0.0538,4.7006,6.9026,0.0464,13.9445,5.2106,0.2886,14.3396,7.8269,87.3366,6.8415,23.1057,0,0,0,0
0.2033,10.5487,8.4856,0.2143,17.619,5.6555,0.0892,13.0198,5.9231,84.6018,11.4108,13.237,0,0,0,1
0.0326,9.0028,1.535,0.1653,25.2492,9.0963,0.29,11.0298,7.9429,89.5664,43.8918,1.2271,0,0,1,1
0.1669,13.2694,6.9439,0.3015,31.0073,2.1102,0.1834,12.4378,5.7768,69.7518,43.3935,10.1864,0,0,1,1
0.1791,2.829,7.6567,0.1602,32.978,9.0394,0.307,6.3898,1.1171,69.3075,20.0175,35.0096,0,0,1,1
0.0989,7.5735,4.3053,0.1545,12.1324,7.2115,0.1832,4.2096,7.5051,109.5482,24.0344,20.5327,0,0,1,0
0.0399,2.2601,4.2655,0.1998,12.3265,9.355,0.1225,8.2615,1.0236,108.6768,30.4217,2.161,0,0,1,1
0.2118,2.9714,7.8944,0.0704,7.7817,6.619,0.2616,2.4392,0.8722,83.6208,35.4449,26.5542,0,0,1,0
0.3054,8.518,7.0523,0.0817,7.5862,4.656,0.0583,13.1184,0.964,94.5367,15.2605,8.8799,0,0,1,1
0.2324,8.1072,4.8378,0.0425,22.5551,2.0023,0.1214,14.3957,3.3788,77.8501,41.0543,30.106,1,0,1,1
0.0618,3.8802,9.7632,0.0874,9.8297,9.7947,0.1952,2.7451,1.5798,33.0042,37.0672,28.2789,0,0,1,0
0.3391,6.1565,6.9951,0.0727,33.7505,2.3343,0.2379,14.0837,3.4632,91.5485,47.9804,42.6879,1,1,1,0
0.3267,14.6701,0.6596,0.3301,15.3051,6.9283,0.1082,3.6121,0.9535,52.6001,17.9233,6.4612,0,0,1,1
0.0298,9.2343,8.0339,0.1696,33.4576,7.3454,0.278,6.6574,3.2618,80.4387,30.0828,19.1883,0,0,1,1
0.1144,5.7775,4.5384,0.0261,33.8402,9.5779,0.2472,12.0544,6.4509,56.851,2.1378,34.7001,1,0,0,1
0.2607,11.4116,4.4953,0.3493,21.6786,7.7298,0.035,12.2487,6.5288,33.8188,42.7503,7.35,0,0,1,1
0.2218,10.0263,0.5161,0.3436,10.264,1.4244,0.2599,12.8124,0.8296,100.5391,12.3378,11.0278,1,1,1,1
0.1346,5.2518,1.24,0.2578,33.2523,0.7761,0.091,12.0164,5.5055,64.722,29.1935,12.524,1,1,0,1
0.2386,6.7852,6.8818,0.0326,26.8565,1.6663,0.0314,8.258,7.9964,70.2658,30.6833,21.502,1,0,0,1
0.0971,4.3028,4.0819,0.1589,36.1984,6.5644,0.2031,2.5976,3.3878,45.9559,13.775,28.8794,0,0,1,1
0.1198,4.5126,0.3123,0.0441,37.6569,1.6385,0.283,9.7038,7.8089,73.155,17.5678,16.3755,1,0,0,1
0.3191,6.8871,5.1178,0.2239,37.7125,2.1616,0.1624,3.3638,2.2282,89.5974,6.6618,32.0707,1,1,0,1
0.3142,6.8657,2.1944,0.2762,15.4964,4.7359,0.3299,2.3003,4.7861,95.1778,39.8112,29.7343,1,1,1,0
0.3223,2.9713,5.7656,0.3423,24.0102,8.4066,0.0672,10.7046,4.575,42.8358,13.9113,26.5023,1,1,0,1
0.1537,3.5789,1.6897,0.1385,31.6905,9.6752,0.3178,6.4107,0.8132,31.4561,12.1453,19.2395,1,0,1,1
0.3369,8.807,0.5276,0.0537,39.3568,5.0491,0.0952,2.8327,2.1768,78.2407,30.0342,29.1601,1,0,1,1
0.2052,13.2437,3.1245,0.3431,23.9103,3.6594,0.0693,3.0398,2.981,33.2703,40.2876,41.8013,1,1,0,0
0.3144,1.4673,4.9479,0.1263,12.102,3.0414,0.2869,3.0392,6.9046,86.1986,39.5789,27.3171,1,0,1,0
0.1669,10.1189,1.7803,0.1868,33.7056,3.1422,0.2004,10.4683,2.3718,96.0005,45.0123,15.3839,1,0,1,1
0.135,7.0246,7.7235,0.2598,25.4565,6.0985,0.3261,2.7369,7.3857,91.953,32.7223,7.4709,0,0,1,1
0.2488,11.6641,6.0019,0.2605,15.0186,4.0327,0.1138,6.0586,6.8736,43.6241,31.5385,21.8847,1,1,0,1
0.1806,8.7041,4.5641,0.0308,12.7745,2.4723,0.1373,6.1582,2.86,47.5868,43.7755,7.6717,0,0,1,1
0.2065,5.6217,9.0183,0.2573,35.6164,2.6485,0.1113,4.1594,2.3643,69.9215,30.3465,21.1767,0,0,1,1
0.1006,14.1549,1.2667,0.0582,31.3003,7.4519,0.1208,11.7394,3.5265,88.6779,34.2419,14.8508,1,0,1,1
0.325,11.7731,9.779,0.0813,15.9925,5.2308,0.2729,5.4687,3.7686,69.8682,27.5625,10.0802,0,0,1,1
0.1604,10.3035,9.2981,0.1563,27.0854,0.4401,0.04,9.3749,6.9312,76.3463,35.655,35.379,1,1,0,1
0.1576,14.8317,0.305,0.1881,35.6985,4.5637,0.3344,13.4924,4.0323,111.1441,45.608,16.641,1,0,1,1
0.2117,12.5953,2.2815,0.3332,21.572,0.4158,0.0635,14.9718,0.9465,97.3711,17.5343,1.5463,0,0,1,1
0.2159,11.5751,6.9651,0.169,28.1408,7.5205,0.1071,5.8264,6.7928,101.0072,39.9533,9.1237,0,0,1,1
0.2929,6.1675,7.2238,0.2648,10.8103,8.5562,0.2978,2.2201,6.6477,39.9561,25.7857,13.5157,0,0,1,1
0.1579,6.2504,4.6595,0.3329,17.4681,3.1024,0.1749,5.2347,4.8495,110.4603,29.2781,21.3208,1,1,1,1
0.061,2.2989,3.4932,0.1601,19.4019,6.2483,0.2003,11.4442,7.5549,48.9274,4.6634,32.1086,0,0,0,0
0.2142,11.1071,7.6573,0.1955,9.8612,0.8696,0.2767,13.247,3.7663,58.1601,34.5749,34.4382,0,1,1,0
0.0641,11.0207,1.3177,0.3282,38.8063,2.7157,0.1514,3.6693,4.8295,65.4395,37.9891,10.2679,0,0,1,1
0.212,1.9346,5.8646,0.0728,29.0199,6.1416,0.1669,5.4015,5.3735,77.1079,15.5391,1.9597,0,0,1,1
0.2022,5.4546,6.0676,0.0936,18.8022,6.4718,0.127,10.4368,6.6874,54.5676,3.2774,42.2474,1,0,0,0
0.31,6.4326,8.897,0.1033,36.3268,6.798,0.2434,6.0528,3.5005,93.066,36.6412,40.1507,1,0,1,1
0.0629,7.224,9.5101,0.1821,19.2646,8.8648,0.0538,12.2941,7.3606,83.1462,17.3547,43.5108,0,0,0,0
0.3455,1.5512,5.1893,0.2408,27.4733,1.154,0.0323,7.8142,1.9314,96.3361,27.8704,41.7729,1,1,0,0
0.1611,2.2517,8.5415,0.1245,38.3871,8.8076,0.1825,14.5479,0.9757,68.7817,37.1044,11.6013,0,0,1,1
0.2968,10.3706,1.3066,0.2578,22.8333,4.1463,0.1421,6.2498,3.3019,117.1966,2.7076,13.5538,1,0,0,1
0.1491,3.3676,9.3986,0.1801,7.0652,0.6392,0.3309,3.4896,5.996,115.8579,13.1779,29.6644,0,1,0,0
0.1686,4.8977,9.1726,0.2819,29.5069,1.5376,0.2491,9.1431,2.333,44.0748,10.8029,28.0401,0,1,1,1
0.029,11.7344,7.3635,0.3163,18.7981,9.7546,0.3134,8.9016,6.4406,92.1268,27.8349,38.2947,0,0,1,0
0.0484,10.5719,1.5925,0.0479,15.2182,5.1748,0.1158,12.3312,6.2563,112.3389,49.4082,19.281,0,0,1,1
0.1987,11.1098,3.7981,0.1408,22.5932,3.3891,0.2076,7.6217,1.837,114.7708,41.9702,30.0293,1,1,1,1
0.2971,5.2652,9.0008,0.0791,32.5727,5.4823,0.3193,9.9749,3.8774,67.7821,31.5822,34.0166,1,0,1,1
0.3463,6.4212,7.99,0.0326,5.0289,3.9869,0.1103,3.9151,1.0363,104.3037,39.2162,41.7775,0,0,1,0
0.1937,4.064,0.8552,0.3262,15.8323,7.2958,0.0565,3.1841,5.8805,33.0428,5.5389,12.677,1,0,0,1
0.1962,2.4098,2.8928,0.3391,24.5503,7.4685,0.0722,8.7174,3.6486,95.3375,34.5926,29.8744,1,0,1,0
0.0807,2.9477,3.3472,0.2031,17.0415,1.3047,0.2508,4.1084,3.8073,44.446,19.7135,31.7692,0,1,1,0
0.1081,14.401,4.3096,0.0711,14.1229,5.7499,0.1017,10.6092,7.4701,82.9321,12.128,14.2088,0,0,0,1
0.1334,13.3559,3.0419,0.1818,35.3835,9.1469,0.3418,6.2928,4.6991,109.4897,2.1336,27.4081,0,0,0,1
0.248,12.4592,2.802,0.0286,18.9061,6.1217,0.2819,3.5074,5.5321,78.9846,32.3078,43.8883,1,0,1,0
0.1639,11.0354,6.0318,0.3006,18.0383,9.9924,0.0305,9.1165,2.4791,45.026,27.052,13.0742,0,0,1,1
0.2518,6.9813,6.673,0.2084,14.2816,4.6266,0.2348,8.6774,1.064,59.4384,49.9655,27.0177,1,1,1,0
0.1496,2.8669,0.9565,0.0661,7.6862,1.8255,0.2094,3.1635,5.9267,63.8948,30.259,27.969,1,0,1,0
0.1826,4.9046,6.3762,0.2083,28.8642,5.1032,0.1841,11.591,6.2916,53.4072,4.8587,27.8612,1,0,0,1
0.0674,5.5873,2.3282,0.3105,32.1189,1.1008,0.1545,11.3154,3.8105,116.1197,34.4016,44.3506,1,1,1,0
0.1135,2.405,3.4623,0.0464,12.8285,2.2863,0.1619,6.528,7.8035,47.0729,31.9647,36.9886,1,0,0,0
0.2514,2.9259,1.2995,0.1204,36.9582,2.0014,0.1008,13.664,7.8096,63.6612,42.6134,35.9381,1,1,0,1
0.2231,3.4866,4.3324,0.0664,24.3756,9.9968,0.1989,8.8744,2.8445,95.1744,48.1524,18.0572,1,0,1,1
0.3486,8.2203,2.1314,0.0899,26.058,2.2838,0.3356,7.5254,1.0784,34.5153,15.6227,10.769,1,0,1,1
0.223,6.5332,4.7435,0.2393,35.6565,4.1182,0.0612,9.1503,6.0507,113.7263,19.0624,39.5283,1,1,0,1
0.2619,9.4918,4.5995,0.1244,27.6287,6.8489,0.262,13.6337,4.3561,69.3089,32.2661,34.3008,1,0,1,1
0.2233,5.9481,1.7518,0.2115,25.534,1.1618,0.247,9.0864,1.2874,98.5367,9.8785,32.2246,1,1,1,0
0.1713,11.0522,4.5275,0.3448,27.1223,9.1148,0.0744,14.2598,4.5936,44.7008,42.9236,40.7146,1,1,0,0
0.1491,9.3644,6.6316,0.1062,35.494,3.7013,0.0767,8.338,2.6932,71.1059,45.7569,41.8543,0,0,1,1
0.2882,1.9398,9.1402,0.3093,27.9244,8.1327,0.3026,10.2822,2.6268,53.8505,35.6829,23.6638,1,0,1,1
0.3469,6.4019,3.5675,0.1631,12.5747,1.4517,0.0866,7.5522,1.6578,106.799,35.8569,33.2822,1,1,1,0
0.0612,10.8414,9.5297,0.3042,15.0212,1.1374,0.1179,12.9448,5.7118,81.6782,38.9121,43.2843,0,1,1,0
0.0269,2.8366,8.0952,0.2826,39.3813,6.1679,0.1347,10.5578,4.4872,84.5071,43.8402,32.2673,0,0,1,1
0.0327,3.8427,2.1698,0.2424,18.0611,3.99,0.0833,4.4369,3.9544,100.2144,22.094,22.3482,0,1,0,0
0.0939,3.7881,0.7433,0.325,30.4293,8.3521,0.1248,12.9951,3.4054,109.0356,46.3333,26.97,1,0,1,1
0.2572,13.8733,6.6438,0.0686,9.7107,6.361,0.2274,10.7684,7.0997,77.3284,18.4819,12.9206,0,0,1,1
0.2442,4.3703,7.6655,0.1169,10.8271,4.0379,0.1384,3.902,7.2329,100.6305,11.3375,27.5159,0,0,0,0
0.1527,13.4157,2.4829,0.3176,18.3991,7.0009,0.0936,10.259,7.594,53.8502,48.5244,25.9398,1,1,0,1
0.1898,13.7196,8.151,0.2936,16.8089,9.5826,0.1732,7.9868,7.6337,109.6729,16.9593,32.6701,1,1,0,0
0.1363,3.9847,5.68,0.1283,16.0368,8.8832,0.2855,7.651,6.8702,72.01,15.6425,14.6055,0,0,1,1
0.0687,7.1641,4.1122,0.1914,14.8972,7.4457,0.2269,6.9162,6.1621,62.2391,6.9664,13.2185,0,0,0,1
0.2996,11.2001,0.3469,0.3004,8.2966,3.3388,0.2794,6.4529,7.8501,42.4432,36.0665,30.7773,1,1,1,0
0.0771,9.4643,9.3195,0.1312,13.0903,4.9461,0.1181,8.287,3.9622,80.6969,27.8453,11.0552,0,0,1,1
0.0759,1.7432,4.2023,0.176,13.3011,7.5535,0.2329,10.521,3.8501,43.3093,42.9944,37.7349,0,0,1,0
0.0552,11.4601,1.6754,0.3332,30.903,8.3472,0.2485,7.739,6.9204,78.0941,40.6078,42.8495,1,1,1,0
0.214,7.0231,2.5809,0.0828,24.9582,2.9998,0.1608,13.4296,3.2139,71.3359,26.0496,8.4662,1,0,1,1
0.2012,10.3015,8.1238,0.2387,34.5119,6.978,0.1272,7.4432,1.9193,52.7288,20.9598,3.1409,0,0,1,1
0.2678,9.9442,6.1074,0.1222,13.27,5.9727,0.3023,11.7951,4.4911,33.2164,45.8605,31.4847,1,0,1,0
0.309,7.6564,9.6185,0.2394,31.9995,9.0887,0.2406,12.486,1.1758,50.1437,45.6719,27.3292,1,0,1,1
0.069,12.9729,2.9646,0.2287,38.851,8.5368,0.0607,13.1961,4.9981,52.7131,23.1326,8.0057,0,0,1,1
0.0806,7.8871,7.114,0.1824,27.7808,8.896,0.0851,2.7061,7.0528,43.4837,23.2091,10.1725,0,0,1,1
0.2612,14.3027,1.4131,0.3248,10.8636,6.3487,0.1593,8.957,1.038,67.9093,17.6138,32.1922,1,1,1,0
0.2709,14.4954,6.3507,0.2854,15.2458,6.4757,0.2229,11.1534,2.4833,116.8127,17.2532,5.0133,0,0,1,1
0.3469,3.5451,8.4052,0.2879,13.1145,9.1916,0.3493,3.7317,6.5439,75.1089,31.0752,22.5525,0,0,1,0
0.0262,6.0566,9.4287,0.1304,27.2337,2.7953,0.2803,13.0215,1.4544,47.9815,48.9893,32.1296,0,0,1,1
0.3032,12.5609,5.785,0.1276,34.3,6.6683,0.0989,8.4991,5.9754,65.2039,25.6371,44.0629,1,1,0,1
0.1829,4.7267,2.535,0.19,5.9071,6.3673,0.0954,3.415,3.6944,81.55,5.944,37.468,1,0,0,0
0.1995,1.4021,5.9786,0.196,35.8258,2.2625,0.343,10.3593,5.9682,74.3051,34.0831,9.9165,0,0,1,1
0.266,2.7403,8.9381,0.0838,13.2125,5.3627,0.0334,3.2151,1.3377,30.0306,7.3978,29.6159,0,0,1,0
0.1505,4.9032,3.1251,0.2984,11.4547,2.6708,0.2375,13.5672,3.9012,80.0618,11.4422,34.2266,1,1,0,0
0.2885,9.3755,7.1204,0.3195,33.7698,7.4645,0.2567,9.6953,4.1321,65.9777,8.5137,10.5795,0,0,1,1
0.2338,12.1798,4.8019,0.2397,14.5252,8.1316,0.1302,14.6148,1.9975,84.5,20.9675,15.4634,0,0,1,1
0.0292,3.1585,6.1714,0.2403,10.3239,4.3791,0.1081,2.8006,2.2289,72.8513,49.4908,10.6747,0,0,1,1
0.1464,10.4792,7.6367,0.044,20.4731,0.7589,0.0283,6.4063,6.8711,104.205,36.916,11.5283,0,0,1,1
0.0478,7.4432,7.9638,0.3344,10.7125,7.1393,0.1375,5.2672,4.6218,58.2871,24.4589,40.9415,0,0,1,0
0.2955,3.7269,1.1594,0.2085,19.2553,9.3299,0.1125,13.2227,1.4855,74.6628,2.6176,25.0915,1,0,0,0
0.2632,9.6015,7.8708,0.024,26.5874,6.0765,0.0909,13.8507,2.3068,70.9611,26.7363,26.751,1,0,1,1
0.0542,2.5149,0.9739,0.0226,19.7952,2.6064,0.1591,10.2725,5.1564,63.4206,41.8934,24.0099,1,0,1,0
0.3156,9.9909,8.5131,0.2768,7.3414,9.9421,0.2929,4.9383,4.28,76.1481,26.9475,26.1949,0,0,1,0
0.3213,8.9507,1.6183,0.1858,14.628,6.6698,0.1054,8.2547,3.4121,76.539,31.9896,30.1538,1,0,1,0
0.0709,8.9111,1.1812,0.337,26.875,4.6063,0.327,11.6364,2.459,63.4816,21.3464,10.4467,0,0,1,1
0.3121,11.9518,4.3908,0.2204,6.3704,8.1173,0.0662,13.0961,3.2311,62.3551,22.8248,22.2473,1,1,0,0
0.2624,12.34,5.5147,0.2236,11.3076,7.5896,0.0848,2.7801,4.9739,52.2013,10.5943,42.5846,1,1,0,0
0.1934,7.613,8.0719,0.321,36.0013,9.3381,0.1726,5.0829,4.9207,119.4278,43.9941,15.5615,0,0,1,1
0.2665,8.5973,7.0601,0.1896,16.7661,6.3176,0.2661,9.7359,2.6662,37.2351,28.2766,38.5023,1,1,1,0
0.3182,7.4481,0.3714,0.3477,27.9884,3.2706,0.1208,13.0429,0.5401,103.8573,5.0858,18.1858,1,0,1,1
0.1972,5.1725,9.0151,0.1882,21.9969,3.0169,0.2569,7.1911,4.3612,61.1312,7.3138,28.9259,0,1,0,0
0.1575,1.16,7.7737,0.0327,24.0493,9.4103,0.265,8.6208,6.3017,105.6656,36.4075,10.4456,0,0,1,1
0.251,3.6727,0.9291,0.3404,18.3939,1.2224,0.0917,11.8983,2.4504,99.2042,27.5213,42.604,1,1,1,0
0.2473,4.4231,3.6347,0.0277,9.2791,8.7571,0.1334,11.7928,5.9939,58.4982,41.9963,25.8113,1,0,1,0
0.104,14.82,1.2372,0.2233,13.3373,1.2829,0.1153,7.2756,6.2272,59.215,37.7924,2.2331,1,1,0,1
0.1559,9.7157,5.313,0.2645,23.8865,0.4535,0.2283,10.4291,7.6154,56.1474,19.3209,20.3444,1,1,0,1
0.1314,5.3531,3.8657,0.2844,10.249,2.0904,0.0262,7.8017,7.0895,34.882,20.067,17.8902,1,1,0,0
0.1601,9.3766,6.3637,0.2919,11.1101,8.347,0.0982,2.6379,4.7696,63.9092,11.4212,20.1421,0,0,1,1
0.2427,12.3364,9.9638,0.0845,19.0457,3.8072,0.1706,3.1868,1.2032,106.1762,28.6043,6.0547,0,0,1,1
0.3447,3.0122,6.1466,0.1257,27.3471,0.8307,0.2822,12.8574,4.8109,86.6389,42.9644,10.2513,1,1,1,1
0.1081,11.3413,9.0011,0.3017,24.9445,0.4853,0.2773,11.7344,6.3686,110.5945,48.9894,31.8969,0,1,1,1
0.1431,7.3878,5.9219,0.0746,32.7985,6.2485,0.2207,9.0458,7.3046,49.7634,40.146,26.7111,0,0,1,1
0.2386,13.8239,8.8089,0.0896,12.0213,5.7552,0.1125,12.4556,2.872,79.981,35.1203,41.7642,0,0,1,0
0.0374,4.1991,4.272,0.3342,34.8162,4.3877,0.2769,9.8802,3.7861,89.6187,14.3096,16.2088,0,0,1,1
0.2379,14.8754,3.6269,0.195,7.4685,0.405,0.1701,13.432,6.0791,31.1634,36.8632,38.898,1,1,1,0
0.1201,6.7353,2.9248,0.08,36.003,4.3125,0.2025,6.3032,4.7887,112.3353,17.9938,39.1796,1,0,1,1
0.3471,10.3332,9.8709,0.0955,34.526,1.8391,0.1601,7.6351,2.2038,35.0945,23.6842,2.8308,0,0,1,1
0.0207,3.2467,5.6079,0.2032,37.3118,6.0266,0.1094,2.1733,3.2317,48.5178,48.3337,13.9723,0,0,1,1
0.341,2.2592,0.866,0.2459,17.6293,5.0448,0.2875,10.8047,4.1547,56.5419,18.9486,23.6609,1,0,1,0
0.3325,7.5657,8.4786,0.0804,33.1588,8.7716,0.0892,9.514,1.3175,52.5027,46.3684,37.5842,1,0,1,1
0.1696,7.8304,6.362,0.268,32.9366,1.6402,0.2153,11.9799,7.5589,110.272,19.2651,38.1384,1,1,0,1
0.2221,7.883,7.9763,0.0778,25.4818,2.8084,0.0846,9.3398,0.6572,30.1597,34.5269,12.1932,0,0,1,1
0.053,7.242,6.5784,0.2658,23.523,1.0248,0.1004,9.7714,7.3886,67.7874,8.7687,12.1387,0,1,0,1
0.2796,14.0968,9.6281,0.2521,33.2353,4.8398,0.3284,2.5784,4.4147,36.3559,10.6872,43.5479,1,1,0,1
0.2674,2.1245,3.0556,0.2691,27.8382,6.0316,0.1918,5.3259,4.58,81.5614,27.1152,13.7253,1,0,1,1
0.1597,6.3832,8.5809,0.1335,15.9039,2.0308,0.0591,14.076,2.8469,91.0396,31.7703,36.0554,0,1,1,0
0.1913,2.773,8.3203,0.3415,33.4961,8.7986,0.1827,14.9812,3.27,53.8095,30.7146,16.4104,0,0,1,1
0.0703,1.8686,4.7816,0.3244,6.2423,9.7022,0.0207,14.3269,2.1083,33.2531,16.4785,7.7505,0,0,1,1
0.2255,7.4817,3.235,0.3006,39.305,4.7707,0.3211,11.6235,2.0524,114.0596,28.8809,38.091,1,1,1,1
0.0327,1.9718,8.4626,0.1337,23.5273,5.6298,0.2466,12.8546,2.6011,115.6292,35.6489,1.6621,0,0,1,1
0.3084,3.4217,3.5522,0.0826,19.7352,9.0342,0.0448,12.0214,7.9986,47.6373,35.1909,5.3171,1,0,0,1
0.1822,4.4906,6.6521,0.2599,35.781,8.5536,0.1901,8.3941,4.0755,32.1989,3.5084,43.2507,1,0,0,0
0.1312,3.9074,2.3922,0.2108,35.4135,9.1997,0.3269,10.4801,0.9293,97.256,46.9679,31.1713,1,0,1,1
0.0791,14.2719,5.6537,0.1495,23.3196,5.2824,0.2752,13.9725,2.5643,72.6369,4.1788,29.0955,0,0,0,1
0.1579,6.687,6.1998,0.3031,16.1557,4.6983,0.197,4.56,2.9299,73.8458,34.5891,24.5827,0,0,1,0
0.3402,13.5225,4.0635,0.1533,5.483,3.4176,0.1843,8.4391,1.0888,80.044,36.5297,31.3348,1,1,1,0
0.2345,9.3185,3.923,0.2926,24.5245,0.9993,0.1854,4.1797,1.437,68.9997,47.0114,31.1736,1,1,1,1
0.2947,12.5887,2.2817,0.3043,13.6929,1.1247,0.2988,5.2131,3.8825,69.4841,9.2646,39.3145,1,1,0,0
0.1742,11.2939,2.8151,0.1939,29.2898,2.5524,0.1104,7.5708,4.8849,82.3453,31.0167,13.6381,0,0,1,1
0.324,8.7954,9.4506,0.0464,39.9598,2.08,0.3148,4.205,6.8851,99.3301,8.1569,2.2083,0,0,0,1
0.3402,3.1347,7.9569,0.0414,34.4336,2.3248,0.2258,11.9355,3.4481,72.2497,48.0436,30.7998,1,0,1,1
0.1974,5.7578,9.4905,0.0807,13.3782,9.3876,0.1673,13.9065,6.397,82.4499,5.0094,44.5054,0,0,0,0
0.186,2.1771,2.9025,0.2283,35.6596,7.6798,0.1083,11.6464,0.6251,92.5195,17.4776,32.7711,1,0,1,1
0.2944,10.3259,7.6106,0.1618,39.91,4.9469,0.2924,11.4168,5.2878,93.5066,33.8073,34.7585,1,0,1,1
0.2534,14.7555,4.2209,0.2037,20.2851,3.429,0.0889,3.132,5.501,54.0797,45.6266,26.7703,1,1,0,1
0.1708,14.6773,5.8953,0.3011,33.3032,7.4678,0.3239,2.7731,6.8522,87.4699,11.1436,7.9481,0,0,0,1
0.1277,7.4889,8.2755,0.1088,35.7577,7.5259,0.2661,6.7406,3.8897,80.3527,37.9516,8.8397,0,0,1,1
0.1691,3.1862,9.5087,0.1925,26.376,0.8889,0.153,10.6733,5.0359,55.6508,17.3895,13.4502,0,0,1,1
0.1977,11.0068,6.3459,0.3223,6.7461,7.0321,0.2211,14.3506,7.1087,81.3217,13.4554,38.8006,1,1,0,0
0.2879,7.2438,5.7598,0.0745,24.9415,0.7171,0.3343,11.3978,1.0422,32.4475,43.6267,2.2007,0,0,1,1
0.2912,2.8927,3.1691,0.1373,24.5993,0.8156,0.0642,4.576,2.2315,83.1893,4.8618,1.4048,0,0,0,1
0.1488,14.7641,8.6162,0.1111,36.7463,7.9972,0.0506,6.0599,7.5395,108.5031,36.4384,37.1001,0,0,1,1
0.1069,8.3898,9.267,0.1812,13.0262,3.1573,0.181,12.686,0.991,70.1919,14.423,11.9948,0,0,1,1
0.2294,9.9869,1.121,0.1393,29.2407,4.7083,0.2535,7.9258,3.5397,32.267,48.4555,12.1573,1,0,1,1
0.296,2.0837,4.5838,0.3464,24.4577,8.6627,0.246,4.1681,3.2005,119.1495,27.0973,5.8195,0,0,1,1
0.3127,12.5003,5.1874,0.3307,30.928,6.3415,0.2103,3.1091,2.0506,108.8302,36.5482,34.1878,1,1,1,1
0.3033,7.1637,7.5238,0.0228,33.3487,3.8882,0.1939,4.207,4.2277,45.2412,12.3932,35.7193,1,0,0,1
0.1313,11.3558,0.6496,0.2711,14.2642,5.5689,0.1922,2.6942,7.3188,66.0213,8.0289,10.806,1,0,0,1
0.2874,2.6535,5.6588,0.2342,19.5717,1.6161,0.3065,12.9682,1.752,86.5511,43.7085,32.2242,1,1,1,0
0.18,5.0853,6.8326,0.2077,21.3851,8.546,0.1209,4.5018,5.4664,50.721,34.586,26.1251,0,0,1,1
0.1691,7.764,3.7673,0.2746,6.8582,3.2297,0.1227,8.8232,6.8088,119.142,34.0494,40.2769,1,1,0,0
0.129,14.8592,8.2946,0.3019,31.6722,5.4939,0.1202,13.3273,3.3143,93.2465,17.0533,4.3559,0,0,1,1
0.042,11.4164,7.4362,0.2905,7.6595,5.6967,0.2676,9.2748,2.6383,68.34,13.9245,2.4962,0,0,1,1
0.2753,1.7097,8.8558,0.1229,7.2809,2.7959,0.0918,3.2853,5.39,63.3795,29.3703,31.9268,0,0,1,0
0.2549,3.9681,2.1836,0.1509,37.8808,6.8904,0.3232,5.6753,5.9028,64.9087,35.8555,28.604,1,0,1,1
0.2152,3.5202,1.4966,0.0384,31.7297,8.4771,0.2239,14.5874,7.0974,96.8225,14.3602,33.7825,1,0,0,1
0.089,4.433,3.5964,0.247,26.4978,7.0272,0.2968,10.7894,6.9398,77.6857,43.0418,24.8724,0,0,1,1
0.2015,11.7233,9.0659,0.2953,37.0524,6.7118,0.0327,2.5438,1.7785,85.5227,49.6616,8.0357,0,0,1,1
0.2876,12.9999,3.48,0.1942,36.3452,7.4033,0.2976,3.7558,1.0536,110.3604,32.438,14.1015,0,0,1,1
0.3482,14.7058,4.2051,0.3053,32.8131,2.8289,0.3441,7.302,0.6069,98.1955,14.427,31.785,1,1,1,1
0.1064,11.8005,2.8265,0.2784,25.1225,8.2391,0.2311,11.948,7.8505,45.8437,34.9339,40.3833,1,1,1,0
0.195,9.9618,0.982,0.0587,30.7962,9.7476,0.2211,5.379,7.7668,72.8594,47.8819,5.9102,1,0,1,1
0.177,8.8041,0.3406,0.3009,37.3342,6.942,0.0651,6.6903,7.7282,117.0261,20.8137,2.3569,1,0,0,1
0.0402,11.8832,7.601,0.2523,20.379,8.9172,0.0713,10.6749,0.758,74.2466,20.5923,5.649,0,0,1,1
0.1017,8.6422,2.6888,0.0529,29.7842,3.7689,0.2149,7.0612,1.6208,66.9406,3.4105,10.4065,0,0,0,1
0.3458,9.631,3.1783,0.1612,14.0138,1.6994,0.2218,6.7285,2.6813,102.0503,38.3871,4.5009,0,0,1,1
0.0315,7.775,8.2935,0.265,7.0624,2.892,0.0299,4.5992,4.0508,39.9487,21.2205,28.5298,0,1,0,0
0.2482,5.5899,8.084,0.2445,7.5519,2.6757,0.1461,7.2488,2.3071,96.9131,45.6765,38.1878,0,1,1,0
0.2121,10.5965,0.9041,0.1015,18.7931,5.1553,0.035,4.7312,0.7024,82.8935,28.4393,6.2442,0,0,1,1
0.1625,3.6536,2.3206,0.2378,38.5958,8.7979,0.3267,2.4418,6.8,82.8087,15.1582,1.8714,0,0,1,1
0.1945,2.8551,7.5429,0.1462,23.3124,8.6513,0.2326,9.7957,6.7875,118.0453,11.9926,16.097,0,0,0,1
0.1381,11.3608,7.4729,0.2875,11.1664,4.68,0.2692,9.9111,3.8675,77.7174,13.0766,7.5786,0,0,1,1
0.1442,14.7424,6.7101,0.3052,28.8364,2.6479,0.3451,10.0572,3.5978,52.5301,2.9174,34.402,1,1,0,1
0.3097,13.1255,3.3651,0.2312,27.0371,3.7029,0.1918,14.2546,6.957,74.3829,4.1373,24.1619,1,1,0,1
0.1098,11.3206,6.7963,0.2352,15.6168,6.5423,0.3332,6.3692,5.9247,78.2416,29.6554,3.5858,0,0,1,1
0.1075,9.4115,7.1105,0.2503,25.9706,3.2901,0.1893,5.2039,5.9158,50.2212,41.0525,23.885,0,0,1,1
0.3015,8.8552,2.8893,0.2682,7.4469,9.4328,0.3465,11.3806,1.4306,97.2086,3.5436,43.9851,1,0,1,0
0.1913,1.6341,3.8665,0.1876,22.1918,4.0163,0.251,7.8213,2.9092,54.8052,19.5722,1.6591,0,0,1,1
0.1791,5.0911,7.1236,0.1715,37.4372,3.8513,0.2368,11.9049,7.4869,46.9906,48.7923,41.7674,1,1,1,1
0.285,3.4117,1.9442,0.2687,24.309,6.9241,0.3401,11.0271,3.1513,94.1118,27.1133,41.3161,1,0,1,0
0.0408,8.7844,4.3189,0.2784,17.5012,5.827,0.3032,5.9195,3.3126,81.3407,10.6958,25.4413,0,0,1,1
0.3434,9.4869,9.6306,0.1243,12.0318,2.2787,0.133,14.0609,2.4183,89.5341,5.0299,17.7722,1,1,0,1
0.0943,4.7521,4.9825,0.3167,25.8991,2.7894,0.0856,10.2745,6.7367,113.6932,13.0206,26.3973,1,1,0,1
0.1373,10.0143,0.5244,0.3439,27.4615,5.826,0.3233,7.7533,5.1211,47.264,36.8986,14.8585,1,0,1,1
0.2574,4.4532,4.7481,0.0613,29.4515,4.8189,0.3426,8.1146,6.1162,37.8327,3.268,25.5599,1,0,0,1
0.2962,11.1941,8.3457,0.2129,21.4992,8.8172,0.0453,14.9945,4.5049,48.4089,2.1229,4.3393,0,0,0,1
0.0945,9.5861,6.6873,0.1778,25.8246,1.9966,0.2389,3.4165,7.674,109.3028,8.4784,16.6817,0,0,0,1
0.0689,7.7349,3.3548,0.1251,16.6774,5.3702,0.2643,13.5607,1.3252,59.6823,12.5249,15.9206,0,0,1,1
0.0264,10.213,6.2268,0.32,13.8638,8.1188,0.2915,4.6517,0.7094,78.1009,31.1702,11.3567,0,0,1,1
0.1211,12.2646,8.788,0.1521,31.5185,9.9523,0.2056,12.5921,1.6662,104.198,25.0061,40.0584,0,0,1,1
0.3363,9.1735,5.8944,0.2393,12.1082,3.6488,0.3356,5.928,6.7819,71.3511,43.7432,32.1445,1,1,1,0
0.2035,2.7566,1.8534,0.198,7.6495,6.0335,0.1023,8.8423,7.1179,61.4199,13.8189,10.347,1,0,0,1
0.049,11.6428,9.4083,0.1669,9.9611,2.9894,0.0238,13.4536,4.473,53.9551,41.0637,36.6585,0,1,0,0
0.0411,9.9055,0.5447,0.2096,5.527,5.2923,0.2186,13.4811,2.1454,37.7144,19.2763,3.7029,0,0,1,1
0.0591,8.0717,5.2671,0.0747,19.7104,9.7725,0.1068,8.9014,7.9761,31.1194,11.1047,4.8146,0,0,0,1
0.1901,9.1713,2.7536,0.1134,15.1594,0.3871,0.3237,10.4078,2.9197,72.0074,7.109,36.7161,1,1,0,0
0.0311,3.1704,6.4805,0.3246,7.5907,5.99,0.2872,6.0008,7.4529,73.5135,13.5291,42.6915,0,1,0,0
0.241,13.1598,0.6,0.0888,6.8047,4.8943,0.087,6.2909,5.8502,65.6827,29.7549,20.4567,1,0,0,0
0.1061,1.4696,3.8285,0.1878,26.7999,9.8696,0.1458,14.486,1.5297,90.6928,41.483,20.9718,0,0,1,1
0.1183,13.2022,8.8851,0.2246,19.4099,2.7882,0.1037,10.9795,2.8017,108.2533,14.8303,33.2945,0,1,1,0
0.2483,2.9081,8.9172,0.3105,27.6283,1.9551,0.32,13.1028,3.2762,111.3868,49.8667,31.9986,1,1,1,0
0.3407,12.7379,4.7352,0.243,10.2734,6.5961,0.2091,3.1765,7.6601,65.2631,7.9056,12.4754,0,0,0,1
0.2501,3.9573,4.8504,0.0941,21.4903,7.2421,0.0299,3.6181,3.8121,55.7261,33.9646,16.5951,1,0,1,1
0.0721,8.4494,3.9365,0.3173,24.9988,9.8032,0.3081,5.9532,5.3724,86.8808,30.7713,43.0254,0,0,1,0
0.1336,8.4599,0.8733,0.2609,25.8496,7.5326,0.3343,6.0114,3.3633,71.8536,48.3197,19.6771,1,0,1,1
0.2924,9.7479,2.8019,0.2142,10.6934,5.0261,0.338,12.6794,0.8173,118.8198,46.629,36.1793,1,1,1,0
0.2954,3.8773,7.9442,0.1095,25.0235,4.1218,0.1479,8.8034,7.8689,105.2813,35.7607,20.0164,1,1,0,1
0.1053,1.5306,2.6911,0.28,10.1551,1.5971,0.0429,2.0528,3.3544,110.886,49.1339,31.7387,1,1,0,0
0.1874,12.8464,8.1668,0.0838,39.9177,6.3833,0.1663,2.6176,6.2405,97.239,24.7883,14.915,0,0,1,1
0.1875,12.2782,7.0477,0.1491,25.6145,4.7141,0.0522,4.6841,5.7457,89.6216,38.0657,5.0146,0,0,1,1
0.2186,14.9194,2.7492,0.1417,26.245,7.428,0.1682,8.9061,4.8737,53.2899,17.6899,22.0161,1,0,1,1
0.0791,8.2257,6.5915,0.0678,14.3178,7.8771,0.1517,8.5365,6.9753,92.1907,21.4681,8.3921,0,0,0,1
0.1499,2.8229,3.7884,0.2159,24.5368,5.1474,0.2218,5.9909,3.5314,93.6897,43.8175,6.5213,0,0,1,1
0.0302,3.7175,2.1726,0.0505,36.6246,4.8891,0.1754,4.121,0.5215,56.8895,26.249,28.8932,0,0,1,1
0.1174,11.4689,0.9118,0.1736,18.8715,6.5942,0.037,6.9652,7.0385,40.1675,20.2342,38.6322,1,1,0,0
0.1682,12.837,0.4785,0.3397,38.9392,5.7552,0.2073,4.1384,4.7631,98.6867,5.9456,17.7516,1,0,0,1
0.0229,3.4885,4.8423,0.1109,14.0313,7.0144,0.1169,3.2726,6.432,98.4378,46.4083,34.5296,0,0,1,0
0.2237,12.7032,1.3344,0.1475,29.608,3.4048,0.3261,7.9402,7.5272,118.0232,29.611,5.2597,1,0,1,1
0.1117,4.9842,9.675,0.1704,9.0921,8.7196,0.341,7.6295,3.0375,109.8971,32.2449,5.1536,0,0,1,1
0.13,5.2738,5.1039,0.135,14.9655,4.3126,0.2034,8.7389,6.8984,118.0028,12.4546,27.3778,0,0,0,0
0.2854,10.2806,1.3965,0.0939,38.549,0.4577,0.1454,13.1533,5.6733,61.4926,41.7839,2.1811,1,0,1,1
0.3077,6.9855,9.253,0.2773,27.5836,7.6737,0.2426,9.686,1.0644,42.7576,20.0017,16.8412,0,0,1,1
0.1767,14.6345,7.5102,0.3048,12.2464,9.8971,0.3458,9.7277,4.2261,119.9593,37.6248,39.0117,0,0,1,0
0.2041,13.135,9.4119,0.3125,28.3432,3.2701,0.2474,8.3908,7.0957,88.8867,8.7068,2.878,0,0,0,1
0.257,9.2878,6.3005,0.0514,17.8066,5.5132,0.1007,9.0141,5.0092,105.6363,41.3756,23.2846,1,0,1,1
0.133,13.3867,8.5861,0.2449,17.8371,3.6271,0.1644,5.4511,3.8469,32.21,5.7588,28.3466,0,1,0,1
0.2861,14.0301,6.936,0.2896,20.4062,0.9078,0.1086,3.4228,5.4809,45.3283,14.3012,43.7483,1,1,0,0
0.0218,4.7694,6.3006,0.1923,36.4387,3.3189,0.1211,2.1624,2.0137,55.6708,11.6451,30.0724,0,0,1,1
0.1016,7.9044,4.7265,0.2673,5.6531,8.9796,0.1547,13.9019,7.8928,31.5415,45.7024,41.7261,0,0,1,0
0.3197,5.7195,1.5696,0.0582,33.0453,2.9847,0.1102,11.0827,5.7877,105.1577,3.7163,41.9421,1,0,0,0
0.2654,3.9306,0.9428,0.183,13.1719,6.907,0.1319,7.5016,5.6758,99.6199,12.1492,31.8238,1,0,0,0
0.0308,1.2497,2.0135,0.064,25.1628,4.5046,0.1779,12.6492,7.3478,64.5278,49.2961,27.6231,0,0,1,0
0.3114,8.1398,4.1637,0.2923,15.3629,5.1434,0.1343,6.3382,2.9319,48.138,18.502,5.8723,0,0,1,1
0.0954,9.4579,1.1419,0.1766,19.0391,8.8578,0.296,3.8431,1.5763,49.2372,36.1491,32.1376,1,0,1,0
0.2801,11.9497,9.1178,0.0529,29.6481,1.0378,0.0386,4.7949,1.4677,81.1227,35.611,15.1768,0,0,1,1
0.0785,7.1019,4.8364,0.1481,13.6047,5.0753,0.2356,6.332,0.781,50.8197,24.1598,1.9746,0,0,1,1
0.2009,10.3581,8.4558,0.1243,11.8174,3.6457,0.1924,8.3525,4.8621,48.5177,30.3282,9.9619,0,0,1,1
0.2026,13.6746,6.9747,0.0343,29.1572,4.5624,0.1402,12.857,4.6866,114.6128,28.6436,10.08,0,0,1,1
0.2784,10.5489,7.2263,0.2324,23.7072,6.619,0.137,14.5336,0.9611,108.568,21.2018,15.0604,0,0,1,1
0.2783,13.1197,8.7914,0.2302,7.1087,6.5462,0.3235,3.0653,3.3819,36.7559,21.4111,2.86,0,0,1,1
0.0546,1.9147,3.2876,0.114,33.5306,2.5223,0.2002,13.7134,5.4722,113.4936,39.4002,13.1796,0,0,1,1
0.1243,6.6396,9.9761,0.2891,14.5975,6.8877,0.2673,3.7495,3.5956,67.3791,8.9514,42.375,0,0,1,0
0.2804,1.8553,8.6238,0.1471,36.0629,4.0258,0.2674,2.9142,7.1729,69.3853,30.4394,40.399,1,0,1,0
0.1796,7.459,9.9325,0.3215,32.9385,4.8821,0.0396,9.9493,5.9864,40.1383,31.0272,20.1687,0,0,1,1
0.1769,8.0083,8.1433,0.2198,10.3418,0.471,0.3147,12.4116,5.3293,68.3424,12.0551,43.6771,0,1,0,0
0.2737,1.3609,3.2882,0.0252,20.534,4.5988,0.2979,5.1743,7.8856,62.0443,19.4229,24.7625,1,0,0,0
0.2231,13.3125,0.4683,0.0977,38.3974,3.5922,0.135,9.7006,4.951,49.2157,31.842,17.6409,1,0,1,1
0.0343,3.1554,4.2082,0.0411,27.7408,6.244,0.0308,6.3709,0.6953,39.3853,36.914,15.9877,0,0,1,1
0.0213,7.1329,3.4893,0.0803,30.55,0.6942,0.0292,14.3891,2.6684,68.3505,37.0681,8.0714,0,0,1,1
0.3142,1.5322,4.1577,0.0269,23.5238,1.3994,0.2751,13.8789,7.4746,105.6678,36.6983,41.5945,1,0,1,0
0.1433,14.3826,4.8531,0.2274,11.3223,4.2829,0.1839,9.6633,4.4014,108.0008,36.9943,17.3853,0,1,1,1
0.2301,6.6408,2.5122,0.2525,17.3164,3.3053,0.2317,2.2973,4.1786,48.7134,45.945,7.7179,0,0,1,1
0.3016,12.1136,0.8645,0.2282,20.0984,9.2453,0.2345,6.72,4.7843,116.6101,38.5672,9.948,1,0,1,1
0.0377,6.5288,4.2192,0.204,34.2234,7.5141,0.2519,10.502,6.0662,110.6977,11.7406,26.3263,0,0,0,1
0.3433,7.0789,9.354,0.2699,35.0128,7.7528,0.3084,12.8581,0.8527,53.9946,31.7657,1.7259,0,0,1,1
0.2848,2.3493,6.7453,0.037,25.7049,1.454,0.0647,14.2144,6.8102,92.7657,16.6694,2.7059,1,0,0,1
0.2216,11.7165,8.5145,0.1527,28.9135,6.7062,0.2787,7.9616,7.847,98.7658,25.684,7.6475,0,0,1,1
0.2072,5.2063,6.4266,0.178,21.5773,3.2022,0.2529,5.0989,5.0493,72.3854,21.3446,21.1141,0,0,1,1
0.2319,1.1248,4.1913,0.3305,30.5218,1.1182,0.1916,9.493,5.1617,55.2653,9.3862,28.0425,1,1,0,1
0.1946,11.8203,6.059,0.2317,30.874,2.0365,0.2617,5.6122,1.8201,72.137,25.848,10.9133,0,0,1,1
0.1292,12.7499,3.1475,0.2591,34.6689,7.4334,0.2808,11.9206,3.5575,85.2078,23.9207,28.9045,1,0,1,1
0.1159,4.566,8.5881,0.0771,11.8062,9.1821,0.1788,2.368,1.0304,117.3597,2.2491,37.6114,0,0,0,0
0.2045,10.14,3.5062,0.06,7.5444,2.1557,0.1923,8.9547,0.7001,56.291,18.7435,2.3808,0,0,1,1
0.2149,13.7609,3.7734,0.1038,34.43,2.9721,0.2338,10.6457,2.9082,41.2636,17.6615,21.4674,1,0,1,1
0.0855,10.3308,3.1245,0.2714,23.498,2.0703,0.326,2.0283,1.2223,115.901,18.7735,33.7509,1,1,1,1
0.2888,2.066,3.3134,0.294,28.9464,6.3504,0.2092,14.4757,2.6597,39.8642,11.6324,33.9651,1,1,0,0
0.3017,14.7719,4.4775,0.0589,20.2733,5.2917,0.1924,12.8154,3.7283,34.1717,22.7519,9.5491,0,0,1,1
0.2478,2.0797,2.8469,0.2226,36.2199,2.8844,0.2174,4.3176,0.7503,105.3968,20.961,33.2344,1,0,1,1
0.1426,13.1166,2.0664,0.3078,6.791,1.8668,0.0522,6.4857,4.6384,51.4537,46.7087,33.5209,1,1,0,0
0.0533,10.237,2.7641,0.1536,16.443,3.0495,0.3374,8.8829,5.7109,57.4396,48.0843,15.7794,0,0,1,1
0.12,12.4545,1.152,0.0201,16.0323,3.671,0.0807,8.2712,7.7785,103.6214,4.5988,14.6947,1,0,0,1
0.1708,13.3547,9.6404,0.2665,39.3783,4.0106,0.2967,7.5559,2.5113,76.7243,25.7449,31.9635,0,0,1,1
0.0399,14.7904,0.8426,0.2408,39.2435,7.3612,0.2294,10.8463,6.7685,43.447,32.1508,21.9561,1,0,1,1
0.2967,8.4002,2.4651,0.3323,19.1969,3.7751,0.2692,2.0068,6.1509,74.0767,9.9278,38.7048,1,1,0,0
0.1997,13.8109,9.3107,0.1271,23.3399,1.2107,0.2413,11.6393,7.0032,92.149,17.4706,10.0683,0,0,1,1
0.3309,12.2446,0.3487,0.2227,21.9368,9.7285,0.064,7.6305,7.3033,37.0041,12.4704,5.7122,1,0,0,1
0.0887,2.7372,2.6963,0.3492,25.8351,3.9387,0.1513,14.6276,3.4421,66.5402,9.6944,30.8126,1,1,0,0
0.257,9.3342,1.772,0.0351,27.1938,1.9845,0.28,12.9815,5.9253,91.8583,23.3356,26.584,1,0,1,1
0.2061,12.039,7.1197,0.1707,33.7466,1.5316,0.3408,14.633,4.0151,100.7771,15.3722,26.7011,1,1,1,1
0.3297,4.4881,6.0977,0.1356,26.9509,1.8524,0.3081,6.2414,7.4054,86.452,5.6753,24.0449,1,1,0,1
0.097,11.2062,6.001,0.1939,18.5471,3.6024,0.1751,14.5912,1.0494,33.5218,39.0891,17.0382,0,0,1,1
0.1723,12.8243,0.3102,0.3483,35.7095,8.3654,0.098,3.9355,2.9278,115.6335,11.0596,38.2009,1,0,1,1
0.0601,2.6873,0.3511,0.0542,38.1678,1.085,0.2902,7.2339,6.4387,43.1102,34.2028,16.22,1,0,1,1
0.0786,6.3828,8.4836,0.2941,8.6335,3.2257,0.3373,10.5825,2.1136,42.5876,31.5781,3.1754,0,0,1,1
0.1036,5.0599,8.2279,0.2254,11.9764,3.2727,0.1216,6.5785,0.6126,45.4423,42.2659,22.9905,0,0,1,0
0.2476,10.5631,4.1287,0.1326,22.6937,3.8264,0.048,13.4305,6.3694,87.255,25.9291,7.1964,1,1,0,1
0.2132,1.9082,8.3245,0.1146,36.1209,8.4646,0.1548,14.268,3.077,58.1054,45.8943,27.2476,1,0,1,1
0.079,2.8419,3.8586,0.1267,15.464,2.1159,0.0814,5.4885,5.976,38.6677,5.572,17.6237,0,0,0,1
0.0216,6.3272,2.6734,0.2277,12.5858,8.4246,0.0735,11.9604,5.9493,90.1741,34.2621,7.6976,0,0,1,1
0.1784,4.3796,3.817,0.1057,7.45,0.5704,0.2611,3.8193,0.7319,114.3746,39.4092,23.9193,0,1,1,0
0.0338,14.334,9.2164,0.2719,9.9823,6.7079,0.2287,9.3983,4.7597,116.664,9.1631,19.6287,0,1,0,1
0.0328,6.5283,2.4521,0.2189,17.3699,9.6333,0.2398,11.3241,2.9487,108.696,22.2398,17.7215,0,0,1,1
0.2404,7.3493,3.307,0.1513,34.5942,9.1794,0.1653,2.0564,7.037,69.2622,39.5103,27.0291,1,0,1,1
0.1639,12.5118,2.6101,0.3494,35.5067,6.6958,0.1713,2.6484,5.3436,82.9506,25.6384,14.3733,0,0,1,1
0.1055,3.7737,4.7436,0.1478,37.7059,5.7541,0.27,10.2564,5.3608,70.2597,8.7315,35.3142,1,0,0,1
0.1349,12.4047,3.7896,0.3044,6.2219,5.0899,0.2198,5.5264,3.726,73.8928,48.8288,39.8275,0,1,1,0
0.269,10.9972,3.4829,0.0683,26.9297,3.6377,0.2126,10.7541,7.346,76.6411,33.5841,18.3569,1,0,1,1
0.2483,4.5119,7.8068,0.1899,30.7774,1.7732,0.3098,11.689,3.6682,108.006,46.4642,8.4954,0,0,1,1
0.1522,1.6785,7.3471,0.1874,10.4849,0.4857,0.0593,2.8338,0.7476,106.6894,25.9898,34.5769,0,1,1,0
0.148,3.2265,1.5819,0.3153,34.6319,2.2118,0.0489,3.4452,6.5402,38.3215,13.0694,3.8069,1,0,0,1
0.0994,6.9163,8.3358,0.1867,11.6254,2.7445,0.0597,8.8189,7.9366,92.6261,4.8864,10.9909,0,0,0,1
0.0567,5.7856,1.9037,0.1896,21.2777,0.673,0.225,5.1001,4.9202,69.6775,36.9145,6.7083,0,0,1,1
0.242,13.0231,1.4011,0.2995,39.5746,0.8518,0.0601,7.8205,7.3,50.7183,8.9901,10.0509,1,0,0,1
0.3321,1.3217,6.5091,0.2646,32.9606,3.6093,0.2889,12.4666,5.8966,47.092,15.8256,43.5112,1,1,0,0
0.1073,11.6286,6.5463,0.0452,35.4067,4.5421,0.0611,4.1066,2.2323,54.8124,27.466,24.7792,0,0,1,1
0.2923,4.8145,7.7429,0.193,37.4704,9.0226,0.0544,11.8408,5.9049,39.5336,7.1304,25.6111,1,0,0,1
0.1161,3.5314,5.8014,0.0338,22.7928,3.8604,0.2383,9.9052,0.7927,37.9478,47.4185,25.9159,0,0,1,1
0.0863,8.1949,3.6188,0.2301,19.1612,0.4767,0.2117,14.3178,6.4389,97.2746,30.9908,28.0696,1,1,1,0
0.1336,3.3522,6.9005,0.3323,23.682,2.0232,0.1946,14.9191,5.1202,112.8259,10.4059,1.9668,0,0,1,1
0.1231,5.5697,2.2202,0.2122,13.9026,5.7973,0.0397,3.3756,0.5779,67.1045,15.5745,20.3097,0,0,1,0
0.3336,2.1779,6.46,0.0477,24.1523,2.6308,0.3388,14.96,5.2285,68.3572,30.6455,20.692,1,0,1,1
0.0502,11.1605,8.552,0.2758,27.7675,9.4361,0.1216,3.6221,2.1562,58.6378,45.1978,35.8573,0,0,1,1
0.0474,10.2178,9.7491,0.0522,19.56,1.2845,0.3303,9.8292,7.4329,61.493,34.5762,14.4534,0,0,1,1
0.3352,3.2429,0.9813,0.079,13.2758,6.2639,0.2571,6.5761,2.609,31.1616,29.1575,26.4784,1,0,1,0
0.2843,8.1996,4.7826,0.139,37.6874,4.7615,0.343,13.7045,2.6829,80.4322,27.5312,37.5439,1,0,1,1
0.1677,3.9642,3.6605,0.2283,7.7071,7.7099,0.0495,12.1847,4.7192,105.6375,13.2975,14.9476,1,1,0,0
0.2412,10.2205,7.2227,0.1461,9.2829,7.1967,0.156,3.6388,3.5137,40.9018,39.0205,3.0328,0,0,1,1
0.0805,13.6063,0.5505,0.3176,24.7115,1.1951,0.125,12.256,7.3676,110.6854,14.6193,41.7493,1,1,0,0
0.2151,3.2011,1.4425,0.2166,34.5068,8.4743,0.0541,12.9744,1.2714,46.696,20.8369,20.9217,1,0,1,1
0.3371,1.4893,3.1374,0.3339,38.5401,8.7926,0.2682,4.5843,1.2154,37.7132,18.2258,18.4519,1,0,1,1
0.1736,8.4716,5.6785,0.0955,38.9582,4.9843,0.2186,2.7559,4.3783,77.1362,31.2769,32.315,0,0,1,1
0.185,12.8062,5.3179,0.0625,9.5394,1.4311,0.3393,6.1882,5.6293,96.2957,38.3115,12.4718,0,0,1,1
0.0925,3.2666,0.8219,0.1301,10.214,9.8919,0.2196,12.0728,3.6307,52.2434,7.9695,25.9175,1,0,0,0
0.1561,9.5142,3.9108,0.1987,7.4863,2.3838,0.2933,3.0754,7.7727,61.314,40.9735,28.3835,0,1,1,0
0.1238,10.3335,1.1832,0.1977,32.1565,3.0276,0.1084,7.1101,2.7442,89.7924,30.772,6.9735,0,0,1,1
0.0336,13.3544,8.2427,0.2329,28.1169,9.4844,0.3289,5.257,2.2194,72.146,49.9238,15.9914,0,0,1,1
0.0502,13.2779,8.885,0.174,29.4153,5.808,0.188,11.2929,0.5563,95.706,5.0044,40.833,0,0,1,1
0.1164,8.555,3.9526,0.0876,23.9108,2.5066,0.1919,2.8277,6.4493,113.6176,18.3402,44.067,1,1,0,0
0.2322,7.5854,1.8637,0.263,33.7755,1.5929,0.0826,13.1475,1.1617,105.7995,9.2002,44.9292,1,1,0,0
0.3273,3.3489,1.258,0.1414,5.6946,2.9629,0.2343,7.1189,4.2041,39.1619,48.7688,3.3168,1,0,1,1
0.2287,8.804,9.9168,0.0232,7.9374,3.2024,0.0978,13.799,6.1583,55.5341,8.1138,35.5099,0,0,0,0
0.2237,1.2106,3.9196,0.1909,31.8511,3.2793,0.3389,5.3611,5.1425,57.9185,30.5164,15.8411,1,0,1,1
0.0391,6.1559,6.7516,0.3299,29.2343,2.0072,0.1473,14.6547,6.1099,49.8519,21.17,13.3073,0,1,0,1
0.268,1.1456,8.7905,0.0583,10.0547,7.0972,0.0394,11.0509,5.9925,72.3578,11.1834,11.5339,0,0,0,0
0.0275,3.3116,3.4824,0.1798,36.4613,2.8894,0.2068,5.1145,4.726,40.0005,18.6185,38.6272,0,0,1,1
0.048,5.5841,0.3639,0.1518,38.6465,7.4289,0.2445,10.4257,5.4811,111.4733,31.6209,30.8162,1,0,1,1
0.21,8.0124,7.4461,0.2476,19.3438,0.412,0.0809,2.9365,2.4282,33.2344,22.838,23.4867,0,1,1,1
0.3208,7.6148,0.7659,0.2651,20.5636,6.0814,0.308,7.1749,7.8614,40.4021,26.5887,19.897,1,0,1,1
0.0699,5.6432,4.0455,0.2476,22.023,0.3542,0.0561,11.9989,3.6803,75.0816,27.1327,10.5635,0,1,0,1
0.1592,2.369,7.5076,0.3492,7.7278,3.0163,0.3062,7.3053,2.1847,59.0176,26.9803,33.3806,0,1,1,0
0.157,12.6794,6.6621,0.255,39.0447,8.3145,0.1299,12.6672,7.6057,101.0725,5.2852,3.1415,0,0,0,1
0.2418,14.0214,8.0347,0.2335,31.4086,9.9313,0.1343,11.1248,6.0466,40.6729,31.5039,30.059,0,0,1,1
0.081,6.3594,4.1375,0.1809,33.0142,3.4706,0.1502,11.9063,7.286,107.1079,49.3335,22.7678,0,0,1,1
0.2731,14.7044,8.192,0.2173,34.6382,3.2053,0.0867,9.7378,6.3248,100.1691,20.2576,34.9398,1,1,0,1
0.152,9.3284,6.6102,0.3155,30.0045,4.3567,0.0477,9.9071,5.1971,67.919,39.3577,10.095,0,0,1,1
0.0945,10.933,0.4158,0.1171,34.6471,9.2004,0.2583,8.3198,6.5799,95.8245,31.3335,26.1991,1,0,1,1
0.2365,6.2042,6.1408,0.2234,35.2842,1.5837,0.0788,5.2734,0.696,37.7061,41.4939,11.5866,0,0,1,1
0.1159,14.8403,2.9259,0.0213,28.8364,2.7665,0.1881,13.1774,2.068,116.4494,25.3429,7.0841,0,0,1,1
0.2427,1.2209,9.2799,0.1995,18.608,5.8998,0.1152,13.2503,0.8836,43.6341,47.6857,41.8536,0,0,1,0
0.1098,5.091,4.2779,0.0352,37.3564,8.7151,0.0973,11.8124,2.0005,72.0369,17.8049,35.9231,1,0,1,1
0.2445,13.1902,5.9352,0.3007,11.5282,7.2027,0.2075,13.8237,1.1318,40.1974,16.72,18.7271,1,1,1,1
0.0295,13.2444,8.4024,0.2618,17.1947,2.2727,0.1956,7.9977,2.5564,32.8909,28.6039,30.9878,0,1,1,0
0.2675,3.6896,3.5202,0.1037,19.9287,8.682,0.0353,8.5388,1.5772,33.4184,18.7885,3.3401,0,0,1,1
0.044,10.0395,7.4896,0.2728,9.0445,9.6064,0.3293,11.7741,5.4714,119.9068,20.0488,20.6411,0,0,1,0
0.2714,10.3099,5.1449,0.3225,19.4121,6.5405,0.2259,6.9945,4.1363,30.2137,30.2016,34.9843,1,1,1,0
0.2462,7.0647,5.5647,0.1856,12.1846,8.0713,0.3366,10.4105,0.7222,119.9935,26.3736,19.6405,1,0,1,0
0.3401,12.6794,8.7792,0.185,33.1689,5.2409,0.1996,11.5983,5.1508,95.0945,21.3799,44.6349,1,1,0,1
0.289,9.0867,0.3293,0.0643,39.1363,0.9992,0.1367,13.1268,2.1068,91.7429,11.1225,11.5302,1,0,1,1
0.0388,14.762,0.8535,0.2221,33.1031,7.9128,0.058,7.2128,6.5092,47.502,34.2216,27.9054,1,0,1,1
0.2973,12.4164,4.1186,0.1466,19.9092,3.3397,0.3245,2.2811,2.2889,100.6819,46.0628,32.0408,1,1,1,1
0.3084,1.1829,5.798,0.2676,8.7368,1.7497,0.1632,8.628,4.6135,109.8103,41.4084,25.3195,1,1,1,0
0.2255,6.4548,4.7493,0.0559,16.4238,1.2956,0.1022,9.0236,2.8412,74.2174,28.6197,12.4593,0,0,1,1
0.3178,4.5407,8.1846,0.083,11.0583,7.6383,0.2771,11.4595,7.8196,37.1476,33.2292,10.4476,0,0,1,1
0.28,10.6976,0.5372,0.0357,28.4387,6.2338,0.0922,13.8875,1.9337,61.806,34.8854,22.4852,1,0,1,1
0.1762,11.8766,9.6143,0.2273,16.231,7.6967,0.1776,10.779,2.4234,102.8207,25.3913,3.0239,0,0,1,1
0.2031,2.0612,0.6534,0.2607,28.6151,3.4504,0.1344,4.6573,6.8615,93.1022,25.2771,25.9288,1,1,0,1
0.0301,5.5991,2.1256,0.0728,37.854,9.6764,0.2934,11.3094,5.9823,64.0907,32.5652,6.1588,0,0,1,1
0.0361,3.834,9.3733,0.0332,14.5394,2.0935,0.2773,14.8244,4.8877,99.9982,6.552,36.992,0,0,0,0
0.2232,5.4622,6.146,0.1472,25.5626,3.4985,0.1258,2.3514,5.6929,109.025,36.7226,18.2746,0,0,1,1
0.0839,2.123,6.7675,0.2747,11.472,7.4602,0.3171,4.6108,3.2857,43.765,25.4034,2.2046,0,0,1,1
0.3146,5.0325,8.4493,0.0449,37.3858,6.5567,0.1692,10.5331,1.0757,41.7768,40.1711,31.4775,1,0,1,1
0.2311,14.6687,6.0047,0.1823,31.5113,8.7254,0.2812,3.5531,5.3578,65.2497,33.9623,20.3731,0,0,1,1
0.1504,6.0803,8.9558,0.237,18.1111,0.3394,0.1788,6.1654,6.2555,56.0552,30.3823,32.4856,0,1,1,0
0.1425,2.4789,7.2066,0.3074,17.7002,5.432,0.1607,3.0846,6.0807,82.89,48.6607,7.9817,0,0,1,1
0.0747,11.4781,2.8438,0.0432,35.7688,5.8463,0.024,13.5952,3.142,78.2093,37.1462,16.2513,0,0,1,1
0.0964,4.7481,6.4318,0.1212,25.1882,6.9759,0.0655,13.4645,3.5486,54.6481,20.2061,19.5222,0,0,1,1
0.1373,5.6017,7.9863,0.2012,9.106,3.2801,0.2579,11.164,7.6223,106.6058,26.1304,39.6209,0,1,1,0
0.1249,3.5953,7.0582,0.3252,7.6494,3.1897,0.3086,11.2484,5.0597,69.2883,38.9289,41.718,0,1,1,0
0.2849,6.472,9.3179,0.3178,22.7628,2.6399,0.3292,8.7275,7.0985,84.7641,21.5485,22.6375,1,1,0,1
0.1603,2.1458,2.8251,0.3302,7.4193,2.0128,0.208,3.3046,0.9988,109.3282,7.3259,5.4515,0,0,1,1
0.2893,8.2211,9.6888,0.2773,38.9272,8.7709,0.0225,7.6782,3.1768,80.5421,39.1725,25.2839,0,0,1,1
0.1408,13.3618,3.9522,0.1525,26.4873,2.5134,0.2725,2.2941,3.0797,91.8486,33.5176,29.8128,0,0,1,1
0.2658,5.5642,4.9101,0.0212,39.0951,2.6316,0.2126,6.9325,1.133,117.0884,44.8618,2.6542,0,0,1,1
0.1494,7.1445,3.9557,0.2042,20.7862,5.2099,0.0947,4.9554,5.8854,32.7172,29.7524,5.264,0,0,1,1
0.0345,10.7479,0.9754,0.1701,24.9823,7.401,0.0456,8.4658,0.8623,58.6602,38.5692,38.2268,1,0,1,0
0.1026,6.2912,8.0359,0.1504,12.9931,2.0767,0.0614,3.4106,3.9877,78.5156,46.823,13.3474,0,0,1,1
0.1015,8.1445,2.5327,0.2675,24.1631,5.9557,0.0582,6.5937,5.8944,91.5546,12.3919,24.6111,1,1,0,1
0.095,8.2583,8.6785,0.1404,31.3149,7.3476,0.0239,2.1915,3.2777,81.9378,8.4083,39.2768,0,0,0,1
0.3212,8.4097,9.2165,0.2209,35.1992,6.9461,0.2193,3.4294,2.999,96.4466,33.7615,30.9016,1,0,1,1
0.1453,10.1706,7.1376,0.2016,27.1688,9.789,0.1368,6.4529,4.9854,48.0509,10.7635,41.0592,0,0,0,0
0.1494,14.4862,0.5212,0.0305,24.8812,6.6538,0.2481,11.3747,7.9777,40.2499,40.1347,44.3827,1,0,1,0
0.1692,2.6178,9.1782,0.1202,31.7632,5.9583,0.2315,10.4688,2.5217,60.1814,29.3878,42.8811,0,0,1,0
0.0268,2.8639,8.7512,0.0329,5.288,6.0066,0.0987,11.3439,1.6409,67.1494,23.6666,31.072,0,0,1,0
0.0573,14.6814,6.4508,0.2483,11.7577,1.9307,0.2868,3.5769,2.3305,70.1414,47.0374,30.2411,0,1,1,0
0.0682,12.834,3.5721,0.152,19.5698,9.5864,0.3169,12.5891,6.6167,40.8678,49.4053,18.6742,0,0,1,1
0.0342,13.0214,7.0942,0.2708,15.0364,9.5885,0.295,5.0678,3.0325,63.1235,48.8841,22.5015,0,0,1,1
0.0604,10.7415,1.9021,0.2184,38.3322,7.2758,0.0363,3.6696,0.6893,54.8742,24.0304,9.7243,0,0,1,1
0.2921,4.2654,6.5313,0.1975,26.5312,5.7395,0.0306,12.9654,1.1564,78.1668,24.351,38.7579,1,1,0,0
0.2256,8.1164,6.0027,0.0886,19.7697,7.2533,0.1243,4.0869,1.2698,78.995,16.6039,13.0274,0,0,1,1
0.0204,3.6073,5.5814,0.2284,10.5964,0.7166,0.3356,3.9376,4.3852,30.1126,18.5427,33.8193,0,1,1,0
0.337,14.7944,7.6845,0.1682,20.8048,3.8419,0.1295,12.1076,5.5419,47.4548,35.0216,22.2227,1,1,0,1
0.0823,2.5241,7.3975,0.1389,6.2327,1.2733,0.0263,7.4549,6.8454,56.594,19.4115,31.4731,0,1,0,0
0.025,4.5861,1.0765,0.1729,6.8194,9.2618,0.3333,6.2254,3.5466,39.267,40.2125,25.1682,0,0,1,0
0.1716,14.1327,6.4834,0.2746,33.5286,7.8524,0.2289,4.0073,1.884,68.8689,42.806,26.8979,0,0,1,1
0.2704,14.4835,2.4946,0.0878,5.1491,1.4427,0.2614,2.0003,0.5948,119.8819,25.1956,16.146,0,0,1,1
0.0601,4.2197,4.6584,0.1176,21.5556,5.4142,0.1585,9.6389,5.4449,97.1584,43.0226,33.0898,0,0,1,0
0.1792,13.2558,8.4881,0.1933,20.6291,0.6722,0.3227,7.0802,7.8199,82.1394,7.3389,34.3136,0,1,0,0
0.0578,11.7138,7.2177,0.3259,27.0003,9.9141,0.0414,5.8658,2.0159,81.5769,5.0565,9.326,0,0,0,1
0.3061,7.0494,2.207,0.2024,12.5935,5.4221,0.3043,13.262,2.7106,39.6048,17.2932,23.9546,1,1,1,0
0.1248,5.9122,3.2706,0.0689,10.9424,8.5596,0.3437,5.9516,3.9049,101.2444,10.6909,21.7335,0,0,1,0
0.2303,11.0761,3.8125,0.0425,9.9729,2.9851,0.2772,5.2489,7.5206,98.2245,44.112,20.9162,1,0,1,1
0.1966,12.5754,5.728,0.2201,29.7955,1.6103,0.2458,13.0428,6.3717,82.0737,8.3075,10.913,0,0,0,1
0.2406,12.9057,5.445,0.164,22.1787,8.3467,0.2462,13.8873,3.4525,46.4383,7.599,4.3374,0,0,1,1
0.2602,13.3324,3.0282,0.0679,21.0205,2.5392,0.0996,8.7137,3.0987,96.7943,37.7361,12.2028,0,0,1,1
0.2505,11.3229,0.3055,0.3104,12.4746,6.447,0.1828,10.2439,5.5348,94.6585,11.2716,7.0267,1,0,0,1
0.3323,8.3252,1.0385,0.2841,26.3828,0.6697,0.2243,9.4934,2.7298,67.6688,41.3296,11.8372,1,1,1,1
0.2495,3.7429,6.2224,0.0579,5.7841,7.5717,0.3305,7.7838,3.9787,50.1847,3.6275,40.0918,0,0,0,0
0.113,9.8489,7.8886,0.0616,5.7428,8.9339,0.0874,12.8481,3.6198,61.6518,16.3507,34.1086,0,0,1,0
0.023,14.8479,3.7915,0.2905,27.9022,1.7543,0.1665,2.9544,5.5691,40.3662,9.2647,7.5765,0,0,0,1
0.2222,10.661,4.7562,0.1654,23.8525,7.886,0.1325,13.5948,2.1605,59.4743,3.0081,40.8121,1,0,0,0
0.1642,2.6037,9.4962,0.1913,16.8862,2.5345,0.1908,13.6922,6.3854,75.0841,37.1961,12.3968,0,1,1,1
0.2756,8.6071,0.4746,0.206,21.3947,2.5259,0.3358,2.0522,2.2733,57.2045,13.0714,7.3634,1,0,1,1
0.166,6.1006,8.5537,0.2513,16.1595,3.0961,0.1206,2.5651,3.4865,53.1323,23.8201,32.8628,0,0,1,0
0.0743,8.8994,2.7562,0.0874,9.3512,6.7472,0.0601,6.2303,4.5994,71.7844,44.1948,28.9029,0,0,1,0
0.1078,10.2728,9.533,0.335,31.1148,4.0305,0.091,12.7191,6.1501,85.039,44.6131,33.4998,0,1,1,1
0.1785,12.9458,1.8241,0.182,9.2011,6.8934,0.3075,9.2263,6.8325,44.0116,49.7765,13.6155,1,0,1,1
0.211,14.7107,2.2486,0.1113,37.783,7.9846,0.2535,14.8458,7.2229,97.8728,40.2078,10.9396,1,0,1,1
0.3104,11.9059,1.632,0.0246,10.0255,6.5739,0.0409,9.4315,3.9222,85.4165,39.6569,28.7637,1,0,0,0
0.2675,10.5016,5.5578,0.0914,39.377,8.1595,0.0239,10.1814,6.0023,56.486,18.1498,7.7802,1,0,0,1
0.1695,8.3057,9.0583,0.2674,27.8995,2.6447,0.1952,2.8474,4.7556,51.6999,35.9107,1.0539,0,0,1,1
0.1094,14.2154,0.979,0.0831,30.3649,7.6842,0.3197,14.1666,7.8615,45.8112,30.4523,39.9431,1,0,1,1
0.0996,5.9771,5.7226,0.2046,25.5003,1.6964,0.3094,14.6281,5.4845,111.6079,8.8579,20.6474,0,1,0,1
0.0738,9.0548,5.782,0.0756,28.8023,9.3261,0.0885,13.5749,4.8966,31.7475,10.3102,31.5995,0,0,0,1
0.1503,5.6577,0.5788,0.2584,32.3602,1.9024,0.1236,2.6469,1.2259,103.431,28.4741,22.9109,1,0,1,1
0.0622,10.6084,0.7152,0.1194,27.05,4.4791,0.0456,5.9805,0.6416,86.9986,11.2603,44.5859,1,0,1,0
0.2224,10.3498,0.3382,0.0856,22.6354,4.798,0.1947,3.7334,3.9995,44.4192,23.5525,40.644,1,0,1,0
0.0852,5.7289,6.3261,0.2565,30.4875,5.043,0.2694,2.0264,6.4207,43.938,32.3908,31.2607,0,0,1,1
0.3161,6.8434,4.7308,0.1264,23.7605,3.4827,0.0917,8.4918,1.821,82.0761,24.3415,32.7884,1,0,1,0
0.0499,2.8767,9.8706,0.2571,39.5573,4.0429,0.3345,4.5267,3.7962,72.75,46.1379,36.6189,0,0,1,1
0.2868,5.8719,0.8181,0.3479,31.9468,1.8265,0.3292,8.0895,1.5962,109.4904,25.6161,37.6314,1,1,1,1
0.0998,7.641,5.8597,0.2098,7.8031,5.5523,0.0589,13.2888,1.6475,105.2859,45.5057,35.494,0,0,1,0
0.2187,4.2836,4.5883,0.1336,13.4081,3.2334,0.269,8.0364,7.4831,118.075,35.4065,36.2117,1,1,1,0
0.1986,9.4885,6.6016,0.2167,35.6675,8.8492,0.178,5.4765,6.8205,107.9956,11.3361,6.1645,0,0,0,1
0.1353,13.0032,8.5673,0.2807,22.2637,9.4276,0.144,13.8885,6.5619,87.152,32.4037,28.3441,0,0,1,1
0.0712,14.8075,3.5522,0.1249,25.7785,1.5896,0.0575,6.9358,3.2384,63.7521,18.0664,25.0993,0,1,0,1
0.085,2.5428,9.3507,0.3292,6.4751,8.3779,0.3053,7.5567,2.5424,81.906,6.7624,1.6623,0,0,1,1
0.0302,8.3227,8.1014,0.2355,6.5634,8.382,0.2032,7.6675,3.7865,97.5241,42.5987,33.5121,0,0,1,0
0.2394,14.2822,8.9003,0.1145,33.8037,5.4444,0.0781,13.5818,6.4117,119.7308,45.733,19.092,0,0,1,1
0.298,14.6433,1.5612,0.2924,29.0565,9.825,0.3024,8.4741,4.2487,45.7496,43.5204,38.0857,1,0,1,1
0.0518,11.0488,8.1368,0.3233,31.3535,3.3793,0.1852,4.7505,7.6228,75.7257,18.2949,11.4658,0,0,1,1
0.0442,7.6933,8.0094,0.3073,6.4052,3.9397,0.2605,5.002,7.5739,47.8035,13.158,23.9938,0,1,0,0
0.0253,1.4622,4.6199,0.3211,30.4375,7.23,0.1914,3.3846,4.9653,69.0475,23.5516,31.7947,0,0,1,1
0.3466,1.9734,5.7764,0.0659,16.4931,9.0229,0.2317,11.6043,4.6163,98.5772,48.4476,27.5873,1,0,1,0
0.3433,13.2113,9.7333,0.0738,26.4418,2.3196,0.0358,13.7481,7.6117,117.9036,29.5315,31.6117,1,1,0,1
0.2312,6.6392,9.7099,0.2794,12.1901,5.5946,0.2543,2.8826,2.0946,115.4816,5.3167,1.3489,0,0,1,1
0.1661,6.1654,7.5571,0.1543,30.5229,2.5862,0.1958,4.7828,6.8395,71.5408,33.3609,37.7299,1,1,0,0
0.055,4.2214,5.6381,0.3026,39.0849,1.3884,0.0511,3.8491,2.6532,113.8896,2.6089,25.7374,0,0,0,1
0.3329,1.2768,5.1502,0.1309,25.4667,7.0367,0.1801,7.3879,0.6667,35.2575,38.8664,18.0473,1,0,1,1
0.2321,4.5934,6.6801,0.3019,16.5053,5.6416,0.084,7.4943,3.3519,40.8619,39.4641,41.9913,1,1,0,0
0.1587,12.6942,9.0714,0.2364,25.354,2.7686,0.0272,13.9018,1.0629,69.6455,16.7682,36.1791,0,1,1,1
0.2502,10.4303,9.8498,0.0238,5.2134,2.877,0.1277,2.4035,4.8784,56.6929,21.3868,44.5125,0,0,1,0
0.0717,13.7702,3.9067,0.2123,5.2837,8.6294,0.2021,8.8501,4.5148,70.9257,9.5385,32.4591,0,0,0,0
0.1136,1.1217,5.9835,0.1436,38.26,2.0014,0.3147,6.0925,3.4755,49.9841,27.7433,41.1877,0,0,1,0
0.0856,3.9194,9.1463,0.089,16.951,8.8502,0.2216,8.9071,4.6439,77.8524,38.8045,32.193,0,0,1,0
0.2039,5.7217,8.3138,0.2111,37.46,5.3829,0.1301,8.154,7.5783,33.1617,2.5119,33.7391,0,0,0,1
0.1613,6.1796,0.6675,0.0244,15.3758,8.3814,0.1875,10.2226,4.8553,81.3083,27.6476,34.088,1,0,1,0
0.3101,2.2197,6.9219,0.3418,24.4462,0.5715,0.2828,6.9483,5.2192,67.3194,10.0333,38.6834,1,1,0,0
0.2697,6.0947,2.6193,0.3025,39.5831,5.4003,0.2647,5.5713,7.0587,42.0556,27.671,14.9771,1,0,1,1
0.1774,4.7454,2.51,0.1456,36.2981,0.8274,0.2418,14.2452,6.308,87.8745,26.4309,22.5692,1,1,1,1
0.3107,4.6298,7.8471,0.2288,13.2854,5.1191,0.0289,14.6136,3.1274,63.9128,31.264,36.1718,1,1,0,0
0.2472,10.1249,7.9304,0.0433,10.2848,7.0797,0.1454,12.2412,7.6072,89.5682,26.1742,37.9904,1,0,0,0
0.1535,8.6697,8.6786,0.278,29.8175,8.8135,0.0368,4.9263,2.3297,89.9577,19.6551,23.1646,0,0,1,1
0.3387,13.893,6.4875,0.291,34.7785,4.4593,0.1132,6.2562,5.129,66.3571,6.3001,42.6792,1,1,0,1
0.0238,11.4422,2.1187,0.1676,25.4147,2.0232,0.1695,13.5924,4.7695,39.8325,14.1289,3.9207,0,0,0,1
0.1667,2.0452,1.2637,0.3217,25.7866,6.6154,0.0646,14.8935,1.9681,84.5182,2.2506,20.7035,1,0,0,1
0.2304,12.9349,9.5369,0.3342,21.4442,3.7954,0.3215,3.5076,4.2369,79.0787,10.2519,1.4214,0,0,1,1
0.0433,11.4732,1.1791,0.0489,26.9779,4.7552,0.073,13.0449,1.6837,35.0419,11.8887,38.2101,1,0,0,1
0.2389,8.7988,4.3345,0.1842,10.9771,2.7906,0.2924,10.5433,7.4696,65.8601,11.7628,3.8279,1,1,0,1
0.3395,13.2647,2.2971,0.2599,13.3405,8.1001,0.2456,14.5393,7.105,119.0502,20.1337,5.3335,1,0,1,1
0.1168,14.7934,2.3941,0.3211,33.8417,7.1961,0.2296,5.4316,3.1998,118.3878,7.1615,27.645,1,0,1,1
0.1874,2.0694,2.4312,0.0508,12.4835,6.0302,0.3034,10.1767,4.3425,83.1733,4.4357,29.9918,1,0,0,0
0.0805,9.4927,8.4797,0.0916,21.165,3.0302,0.2442,9.6662,2.447,60.3658,47.719,19.0488,0,0,1,1
0.3499,9.8658,2.3467,0.113,16.6584,7.0801,0.2091,11.2457,1.2541,116.6823,48.8064,6.0087,1,0,1,1
0.1904,13.5272,9.3122,0.2763,15.6311,9.3631,0.0808,12.9441,7.9869,36.862,38.4865,23.8938,1,1,0,1
0.1019,6.9125,3.7837,0.3423,26.2792,5.675,0.3213,9.647,0.6253,65.337,30.9084,15.1337,0,0,1,1
0.2576,4.5506,3.5601,0.1056,39.5487,8.2165,0.1534,13.9316,4.7541,93.308,32.1898,5.1708,1,0,1,1
0.0844,6.6766,5.0986,0.0463,35.6828,0.825,0.3006,14.1078,3.7482,119.5618,33.7048,26.8668,0,0,1,1
0.1454,5.5493,2.0249,0.1094,36.7155,9.0602,0.2628,5.6548,0.5226,109.0603,46.0689,18.1337,1,0,1,1
0.2961,5.0019,5.1416,0.0285,25.8147,2.0149,0.022,13.4521,6.0003,69.8169,21.6254,40.7012,1,0,0,0
0.1656,9.4226,8.6091,0.0827,23.0576,4.8156,0.2565,2.2339,2.4831,71.2939,47.2872,19.1753,0,0,1,1
0.2102,5.0521,0.7817,0.1232,8.8651,3.5727,0.2798,14.3917,6.099,74.4039,26.7925,39.2611,1,0,1,0
0.1755,8.5006,2.4871,0.2216,39.0549,1.2537,0.0584,5.1025,1.0713,92.3205,5.7819,34.1364,1,1,0,1
0.3393,7.2897,9.1695,0.0565,29.5217,1.997,0.2794,13.0171,4.408,101.685,29.4216,41.0345,1,1,1,0
0.1681,11.5572,4.7959,0.2467,8.6672,5.6054,0.2935,2.7912,7.4988,87.6508,35.0599,2.2638,0,0,1,1
0.1292,10.0098,9.8375,0.1259,34.1659,2.1137,0.1483,8.463,7.3785,109.6933,33.7421,40.2799,0,1,1,1
0.1264,7.0454,1.7545,0.083,24.0991,2.9171,0.0406,14.4467,6.5649,45.0815,49.2496,8.4783,1,1,0,1
0.1073,7.4425,4.587,0.2183,29.4652,3.8297,0.0744,8.292,7.9947,56.3183,12.1888,38.7953,1,1,0,0
0.0308,12.6969,7.9125,0.1413,36.7643,8.2842,0.1029,7.5701,2.568,66.7992,35.5692,30.3926,0,0,1,1
0.2033,7.7338,5.2888,0.195,27.5986,8.1942,0.0259,6.9771,2.6148,69.0706,7.7089,10.8066,0,0,1,1
0.2957,6.9188,2.5795,0.2933,13.7525,6.8826,0.0983,7.0069,0.7594,119.3685,35.0293,14.0122,1,0,1,1
0.0909,10.9186,7.6849,0.2666,17.7384,0.4446,0.3135,2.2635,1.0366,61.8294,31.6892,21.5885,0,1,1,1
0.0849,9.6917,3.0271,0.2057,14.8482,4.4645,0.3114,9.323,2.3183,52.1241,47.9847,10.9104,0,0,1,1
0.2542,9.6905,5.8817,0.1276,11.3646,3.3062,0.3116,13.7666,5.3307,84.8344,30.346,5.0829,0,0,1,1
0.2492,4.0867,7.4347,0.204,18.7037,8.1279,0.1804,8.5048,3.9294,113.3189,27.7687,2.5785,0,0,1,1
0.0463,1.8533,4.8273,0.2905,11.5225,8.6578,0.1189,11.416,1.2216,41.9504,49.7249,21.3878,0,0,1,0
0.1012,11.1882,2.0461,0.1822,15.8291,6.1648,0.2017,8.9998,1.8218,88.6671,32.5602,13.1787,0,0,1,1
0.1241,9.8354,6.8501,0.1057,14.182,7.2682,0.2938,6.2641,3.9682,72.0216,25.8098,19.2471,0,0,1,1
0.3158,4.6072,4.6251,0.2741,22.3062,1.4599,0.1595,8.3932,5.0185,90.8224,40.6394,7.8438,1,1,1,1
0.1967,10.8799,3.3816,0.0518,32.7693,1.972,0.0791,8.0723,4.944,84.5093,30.0496,16.8908,1,0,0,1
0.3161,11.9502,4.7285,0.2974,6.5277,0.8084,0.105,10.6048,0.8127,63.1393,47.4623,27.0842,1,1,1,0
0.2424,13.3786,0.8836,0.0658,18.4304,3.7932,0.2004,6.5304,4.2342,79.1844,14.2892,11.9265,1,0,0,1
0.1267,4.0524,9.4847,0.339,32.9083,2.5578,0.3011,5.0144,1.5778,41.1402,10.3776,5.1302,0,0,1,1
0.2912,5.9666,1.2949,0.2982,5.1077,4.331,0.0252,8.4497,3.415,53.8726,43.0498,18.0428,1,1,0,0
0.1392,2.8771,5.3742,0.2419,25.1526,5.2595,0.3308,7.3347,7.0639,105.1359,34.2142,29.4366,1,1,1,0
0.3445,3.0321,6.3731,0.3296,6.0904,9.3043,0.0327,13.5028,7.7416,38.759,47.3464,37.0061,1,1,0,0
0.3178,7.3795,8.8275,0.3186,20.8435,6.9897,0.1443,3.566,3.965,53.5388,29.9744,33.5489,1,1,1,0
0.1671,2.6142,7.095,0.2669,7.2777,0.7246,0.3318,5.722,5.5608,38.4242,16.0676,5.7226,0,1,1,1
0.2714,10.7654,9.9615,0.0333,27.4252,3.0634,0.0557,8.0531,5.6543,83.6644,23.5762,9.7829,0,0,1,1
0.2695,9.4779,6.7627,0.1341,29.8793,6.8173,0.2796,6.3115,5.6357,71.3915,8.3925,17.1302,0,0,0,1
0.1877,3.8245,3.9761,0.1653,8.966,4.5949,0.1746,13.4387,4.4584,77.1456,16.8668,12.6739,1,1,0,1
0.0225,8.2676,1.8384,0.2033,19.9226,3.7607,0.0299,10.2339,5.4229,115.0784,23.0395,3.1686,0,0,1,1
0.2333,4.0805,3.0238,0.0967,10.6947,8.0446,0.1412,6.503,6.1621,111.4462,26.4246,20.9428,1,0,0,0
0.0234,3.5807,8.5335,0.1028,26.2251,2.1267,0.1915,7.9075,5.8596,51.0298,14.8034,15.0271,0,0,0,1
0.2322,4.9183,2.8159,0.0374,6.6086,6.7329,0.2137,4.5781,3.479,72.4247,15.5215,23.3274,1,0,1,0
0.1794,13.2948,1.0391,0.213,14.6399,0.5099,0.2556,12.4913,4.7212,95.7418,35.1037,41.5036,1,1,1,0
0.2646,14.5501,8.8017,0.2351,12.4777,6.0251,0.1359,11.2221,4.801,116.1679,6.3709,10.9778,0,0,0,1
0.1999,7.7687,7.9869,0.2179,33.6125,6.5188,0.1934,10.9913,7.5406,113.2162,3.0642,22.6811,0,0,0,1
0.0344,14.437,6.4853,0.2175,6.7143,6.8326,0.2095,3.0235,5.5419,83.8782,42.217,31.8641,0,0,1,0
0.1437,6.214,2.6757,0.0276,28.2062,6.9005,0.2449,2.5498,0.6824,56.5143,35.5901,3.5594,0,0,1,1
0.1975,7.2985,2.3096,0.2673,10.0713,6.7095,0.062,5.8125,2.7289,63.1903,47.1678,12.9388,1,0,1,1
0.1711,1.0597,3.9547,0.0269,33.9053,9.9579,0.2332,13.7686,1.5882,86.5438,22.0778,35.5016,1,0,1,0
0.0505,10.2289,5.0394,0.3203,16.0373,7.1451,0.199,12.7331,2.0022,45.7209,21.8713,18.979,0,0,1,1
0.113,9.2958,1.3294,0.0861,11.367,9.9915,0.1939,8.5113,1.8119,51.7179,41.1623,34.3128,1,0,1,0
0.048,13.9201,0.4786,0.2895,6.7506,7.0199,0.0936,13.9287,2.6148,86.8444,30.2784,33.5179,1,1,1,0
0.2488,12.7343,2.2536,0.2794,36.544,5.5633,0.2653,9.5733,2.4451,44.5563,34.6637,39.2051,1,1,1,1
0.0481,9.3277,9.2078,0.251,12.2695,3.5618,0.1175,3.8323,6.7769,81.9915,18.1367,3.6309,0,0,0,1
0.3402,6.5108,0.8966,0.3082,22.7947,8.7132,0.043,4.1656,2.7434,62.5383,43.9868,1.22,0,0,1,1
0.0536,13.1076,0.6818,0.132,21.9996,4.7166,0.1124,9.8536,4.3641,61.6462,35.4687,43.5184,1,0,1,0
0.0785,2.92,5.5896,0.2478,11.9989,8.6434,0.2662,2.8507,5.9298,40.4473,40.2906,16.3782,0,0,1,0
0.3049,4.1851,3.0219,0.0549,12.7171,8.8147,0.0338,6.7064,5.6005,85.2252,28.2955,38.7695,1,0,0,0
0.0843,5.9887,2.8742,0.3051,17.2674,8.5205,0.1744,14.1098,7.3958,35.8394,7.296,30.1757,1,1,0,0
0.0409,10.0051,6.3779,0.1434,31.6698,4.5643,0.0901,9.2194,4.6959,57.5665,4.8375,22.663,0,0,0,1
0.3428,5.4207,2.204,0.0807,16.946,4.9452,0.249,7.8738,4.549,87.0916,23.4721,41.6303,1,0,1,0
0.0413,14.926,0.7908,0.2109,18.0207,0.6802,0.2559,5.6172,3.0016,38.9555,24.2355,21.6713,1,1,1,1
0.165,10.8846,7.0076,0.2712,19.9692,4.9021,0.2665,14.9929,1.0314,92.5929,33.6653,26.5332,1,1,1,1
0.2387,13.796,6.1628,0.0428,38.9831,2.3796,0.3274,5.6825,6.5332,67.572,13.4763,6.2071,0,0,1,1
0.175,8.8065,4.2641,0.1326,25.9004,7.6331,0.1541,11.1307,7.2368,46.6241,40.9615,12.7853,0,0,1,1
0.0244,6.6721,7.9885,0.0929,35.8528,2.4081,0.1795,6.6705,3.3334,81.1268,27.8658,43.0876,0,0,1,0
0.241,9.3034,2.8131,0.1221,10.4932,7.8411,0.315,6.004,3.6034,115.4295,49.2139,28.8089,1,0,1,0
0.1685,3.5688,2.9065,0.0995,15.3643,3.5154,0.0371,5.8034,3.7951,95.6724,22.6392,42.9652,1,1,0,0
0.1433,8.2793,7.6973,0.0791,31.6604,0.7791,0.1165,9.3975,1.9993,87.5348,3.4146,9.2062,0,0,0,1
0.0212,4.5789,7.6666,0.3285,9.7142,7.5613,0.3468,8.7972,3.215,118.2488,39.9022,6.1082,0,0,1,1
0.2182,10.2393,3.4614,0.2116,8.4073,3.315,0.2728,3.8557,7.4822,71.948,19.4952,18.6668,1,1,0,0
0.1482,11.1696,6.5051,0.0294,20.4315,5.2475,0.0259,3.6857,6.8709,65.0125,6.1639,32.1009,0,0,0,0
0.2806,10.0274,4.9556,0.2214,21.2701,0.715,0.13,4.2179,2.1311,76.9144,15.1083,30.5902,1,1,0,1
0.1343,6.1255,9.2635,0.2638,25.064,3.011,0.0915,4.9167,2.2973,84.8905,38.6979,39.3644,0,1,1,0
0.2799,5.2161,3.9453,0.1498,32.1015,1.4175,0.0961,3.2286,3.0867,49.149,31.1368,15.3821,1,0,1,1
0.1253,2.4751,8.91,0.1279,26.7917,4.6668,0.1047,4.7369,0.8403,111.5233,25.9988,6.0903,0,0,1,1
0.1305,7.4165,1.7553,0.2684,22.4607,7.5884,0.2889,7.3275,6.2045,40.0202,46.0662,30.3306,1,0,1,0
0.1317,1.7207,3.0502,0.2406,8.2976,7.8942,0.2104,14.0589,2.9432,47.2496,8.6643,16.6847,1,0,1,0
0.1554,5.9759,6.3439,0.0558,25.6102,5.7916,0.1398,8.5129,4.757,58.9505,23.237,26.8243,0,0,1,1
0.0971,7.6755,3.7096,0.256,24.0831,0.4669,0.0405,7.3076,7.6128,37.1582,17.4032,23.1899,1,1,0,1
0.228,12.8023,2.8802,0.0436,8.6696,5.8703,0.1545,13.4599,5.3833,68.7241,31.0649,29.7202,1,0,1,0
0.0488,12.1538,1.1838,0.079,15.2497,2.0419,0.246,8.7635,5.3084,112.9437,27.8987,16.756,0,0,1,1
0.2285,13.911,4.1871,0.0702,20.0435,5.5407,0.1391,5.2657,0.9346,38.6898,27.2017,39.8868,1,0,1,0
0.2062,6.067,4.3794,0.1623,18.9543,4.857,0.0727,4.7466,1.0923,107.9294,48.8081,30.4055,1,0,1,0
0.0347,14.682,6.2337,0.1276,29.5893,1.2654,0.2942,5.0008,3.6865,68.2834,21.9039,39.1276,0,1,1,1
0.2921,7.277,2.0894,0.1831,39.5421,7.376,0.2636,2.2711,3.6698,33.7369,4.3801,32.2747,1,0,0,1
0.2119,14.6405,5.9465,0.1469,5.5026,3.2947,0.2809,5.3877,6.646,79.9154,24.8224,22.9877,0,1,1,0
0.0767,11.9604,1.7982,0.1768,14.2328,5.1023,0.1377,9.5722,2.6365,65.5188,28.0283,23.1596,0,0,1,1
0.154,7.032,6.7385,0.1821,23.7529,8.863,0.1005,12.1142,3.6478,87.9092,3.7274,13.0983,0,0,0,1
0.2355,11.4498,7.1116,0.095,34.1426,2.0469,0.1237,2.9111,2.0337,73.4013,3.7188,44.4773,1,1,0,1
0.0472,4.0557,6.6374,0.2435,6.6846,0.6322,0.3386,7.7795,1.4221,46.018,16.3963,4.1815,0,1,1,1
0.3042,7.4628,2.2709,0.2559,21.5714,9.2945,0.1411,9.3758,4.0267,104.5411,12.9817,10.6752,1,0,1,1
0.2573,14.1361,3.8019,0.1538,7.1363,7.8575,0.286,14.8763,1.6885,40.7607,36.309,19.9281,1,0,1,1
0.1514,6.8314,9.2933,0.2598,15.9869,1.3813,0.0869,14.4168,3.8411,56.2164,22.077,35.8082,0,1,1,0
0.3339,3.2465,8.1608,0.2605,5.8055,4.7054,0.1574,13.8591,7.8057,79.0887,9.6318,29.795,1,1,0,0
0.0619,2.1402,9.9115,0.3425,38.2822,6.0595,0.2369,10.1688,4.5914,70.7068,39.7684,23.8011,0,0,1,1
0.2306,5.6956,4.7,0.0993,34.9416,9.6448,0.3086,8.0373,2.1725,32.1995,37.8918,29.117,1,0,1,1
0.1441,12.1594,1.035,0.1573,29.3743,3.1616,0.1603,3.4269,1.338,66.3938,45.5804,44.7333,1,1,1,0
0.0555,14.2687,6.7288,0.1204,5.0479,5.1147,0.0691,4.0662,1.3612,95.893,28.9628,5.5125,0,0,1,1
0.2471,14.4939,1.8292,0.1165,8.124,9.8549,0.1294,12.4474,5.7262,41.8099,18.4505,19.018,1,0,0,1
0.1101,5.0758,3.1418,0.0719,39.8783,0.3331,0.054,10.8147,0.9683,96.0079,3.3906,41.9185,1,1,0,1
0.0697,7.506,6.0901,0.0314,29.1904,9.4351,0.0804,13.7442,5.2254,45.4045,13.7665,4.5436,0,0,0,1
0.295,7.6534,2.3749,0.0286,32.9409,4.9701,0.1173,5.5364,2.5379,45.1126,7.2271,14.288,1,0,0,1
0.3449,8.5004,1.3912,0.0443,23.4778,8.1195,0.096,4.7539,3.5528,39.6328,14.0077,20.2492,1,0,0,1
0.1255,5.4387,4.7866,0.0976,29.9605,4.6543,0.2472,6.117,6.5667,39.9857,26.9154,25.8628,0,0,1,1
0.2981,1.5521,1.3325,0.2961,33.2508,9.2664,0.0879,10.4264,6.6546,81.6586,45.5128,40.5518,1,0,1,0
0.1923,3.5485,4.8197,0.0307,8.3033,6.0761,0.2634,12.9425,1.8991,33.8618,41.265,6.9198,0,0,1,1
0.1682,1.0199,6.5644,0.2649,12.5411,7.8889,0.0684,13.1315,0.8294,51.1891,40.9408,11.9502,0,0,1,1
0.053,5.4554,9.2385,0.3145,7.8008,0.9989,0.1965,2.1072,2.2447,81.0872,17.9972,28.1463,0,1,1,0
0.3166,10.1083,9.6308,0.0871,10.0102,6.5579,0.3471,10.1845,3.5685,40.1874,4.5994,20.3389,0,0,0,0
0.2812,8.9827,6.7456,0.1871,22.1345,2.0388,0.2412,4.1569,5.9261,45.417,14.1439,33.2812,1,1,0,0
0.2544,11.2672,1.797,0.2612,13.0738,8.2387,0.1596,10.9065,4.037,107.8199,46.9293,43.9187,1,1,1,0
0.2001,4.1443,1.5704,0.074,11.4648,2.3426,0.3075,10.535,3.2098,81.8803,45.3088,36.5226,1,0,1,0
0.1714,13.4286,3.5449,0.1311,10.6069,6.4466,0.1232,11.2757,4.0709,116.173,3.2525,22.6439,1,0,0,1
0.1871,3.3773,4.2053,0.1613,34.2765,7.2636,0.241,10.1194,5.2677,89.5114,45.5199,11.7112,1,0,1,1
0.2004,3.0979,7.0634,0.1801,35.4078,4.6554,0.0374,4.9744,3.7499,86.7573,37.7535,25.5231,0,0,1,1
0.2784,6.3488,0.6229,0.2413,16.4846,6.3703,0.2784,3.1438,2.5196,47.2338,14.0287,33.0196,1,0,1,0
0.207,7.0649,6.7146,0.2377,21.232,8.9704,0.1099,12.2022,4.6971,115.3465,42.1451,21.4865,0,0,1,1
0.1602,9.7964,7.8788,0.2768,36.2099,0.7565,0.0205,10.2472,6.0443,78.8402,35.5965,44.6474,1,1,0,1
0.1305,9.133,9.4183,0.0904,8.9738,1.1964,0.0402,6.8064,6.5978,91.8368,8.2788,5.2742,0,0,0,1
0.2196,1.6736,8.1717,0.1571,34.5354,7.9225,0.0976,10.3231,5.0266,39.8318,36.9687,1.984,0,0,1,1
0.1511,13.0874,2.8114,0.0261,31.5704,2.9636,0.1372,13.7761,4.1038,108.2717,34.0512,14.0848,1,0,1,1
0.1989,12.2553,2.363,0.1406,32.5194,3.5041,0.2132,9.4743,0.7047,71.068,3.8438,19.4689,1,0,1,1
0.1303,5.523,3.9225,0.137,38.8034,2.5664,0.0874,14.1711,1.755,50.0004,41.929,13.4327,0,0,1,1
0.1806,8.5841,1.274,0.1263,28.4654,5.6414,0.1519,7.1229,1.262,96.4686,46.7913,36.9407,1,0,1,1
0.2249,9.4703,0.4838,0.1027,35.7303,8.6844,0.2704,5.3346,6.9157,69.8604,48.5178,42.4938,1,0,1,1
0.3215,1.6114,3.8209,0.3004,35.2437,9.2463,0.3448,4.0452,0.6488,73.8645,35.8925,5.8409,0,0,1,1
0.2486,13.8481,0.5473,0.2495,20.4323,1.0175,0.3179,12.6295,7.8535,97.6503,27.839,29.8776,1,1,1,1
0.1079,5.6817,4.0044,0.1889,19.2258,8.881,0.1321,5.1976,6.4661,61.814,42.6843,19.8816,0,0,1,1
0.0696,7.9054,9.0479,0.0267,31.8086,9.3354,0.1462,13.6978,5.505,109.0787,21.6717,16.1185,0,0,0,1
0.1778,7.7625,7.5186,0.143,10.026,3.2957,0.1627,6.7894,2.5078,119.2078,23.9525,11.6163,0,0,1,1
0.0843,13.2696,9.1959,0.2993,31.4222,5.2171,0.2396,12.479,3.7767,75.38,10.5246,29.2423,0,0,1,1
0.1886,10.5193,5.077,0.1153,23.3087,4.7375,0.1471,11.4847,5.2027,69.3914,22.1331,8.2609,0,0,1,1
0.0273,2.0269,7.0315,0.3108,28.9036,1.4543,0.3311,10.3581,1.1442,74.0258,3.0641,19.2434,0,0,1,1
0.2174,5.1061,3.6342,0.0214,15.1543,6.0313,0.04,6.2079,1.5245,52.4248,29.9419,19.5272,1,0,1,1
0.1151,13.2643,2.5761,0.2353,37.0706,2.2792,0.1903,9.9583,1.8512,47.2135,24.4413,38.4982,1,1,1,1
0.3472,7.929,9.4707,0.251,28.9104,4.7657,0.2396,10.3909,3.1792,35.0735,26.7594,27.2206,1,1,1,1
0.1457,5.0871,0.4608,0.1179,12.2805,2.7153,0.2846,13.2712,6.0824,106.5423,13.1012,39.2805,1,1,0,0
0.1849,10.0956,9.5603,0.3483,9.5471,1.4981,0.1236,10.5082,3.7709,106.9778,14.3448,26.4764,0,1,1,0
0.2548,9.4297,0.7655,0.1644,13.8475,4.8386,0.1168,8.6138,6.1696,102.0672,46.0922,24.9757,1,1,0,0
0.2783,1.8326,9.9757,0.2427,13.9223,5.6721,0.172,4.9196,2.914,65.6136,25.1159,27.8668,0,0,1,0
0.1297,5.2936,7.0638,0.05,23.0102,5.8347,0.0473,14.0252,1.9614,54.5994,4.4279,4.5447,0,0,0,1
0.1778,13.2595,6.0072,0.218,20.0373,8.3558,0.1153,6.888,4.1246,73.4132,35.1185,9.2166,0,0,1,1
0.0314,2.1977,9.736,0.2013,19.4694,9.028,0.1466,4.3576,3.827,105.5728,23.8744,37.8508,0,0,1,0
0.1586,1.0206,2.4769,0.0482,29.371,0.7624,0.0285,12.9051,5.0217,101.7995,28.6443,40.5347,1,1,0,0
0.2632,6.4535,6.9478,0.1022,26.8786,1.8552,0.0675,14.6598,3.3648,97.0478,11.9558,13.8277,1,1,0,1
0.3058,12.54,5.0652,0.3439,8.5411,1.1598,0.1557,7.748,4.095,111.3329,19.6597,37.3458,1,1,0,0
0.3046,7.812,5.7578,0.184,31.276,0.902,0.3462,11.3283,4.8589,104.8662,46.7069,43.9231,1,1,1,0
0.1343,5.9693,4.4142,0.173,5.4411,1.6109,0.3358,5.5019,0.9224,34.8165,6.8299,42.5939,0,1,1,0
0.2194,2.8477,5.3944,0.2078,19.7619,0.8896,0.3478,8.8602,4.5081,60.651,24.3429,34.3589,1,1,1,0
0.0487,9.1578,0.733,0.2198,6.5508,4.5846,0.258,4.191,6.5599,93.0762,42.4434,33.3146,1,1,1,0
0.1086,10.6737,1.3903,0.2136,36.6014,3.4329,0.2752,6.4816,7.068,40.9008,45.4099,23.6154,1,0,1,1
0.1026,6.2655,7.5793,0.0665,28.8548,9.1843,0.1961,8.0899,6.04,82.9761,15.699,43.4793,0,0,0,0
0.2777,7.4772,3.273,0.3095,35.8126,4.3045,0.274,5.9168,5.4063,34.241,17.746,15.5013,1,0,1,1
0.3422,4.1852,1.622,0.129,15.0461,5.9096,0.1817,12.7098,1.5584,78.2227,16.0753,25.2548,1,0,1,0
0.1616,12.3845,1.4484,0.2329,21.4654,4.5501,0.3193,13.1124,6.1655,38.0683,17.8847,7.597,1,0,1,1
0.056,4.6073,9.7265,0.2167,9.4142,5.2785,0.0596,9.1814,4.5715,38.6464,38.6952,4.9831,0,0,1,1
0.2679,7.9582,7.4497,0.164,31.7615,7.8894,0.2364,6.742,0.861,106.5797,33.9461,36.4853,1,0,1,1
0.0286,10.5981,8.3521,0.3291,18.8728,7.7678,0.1947,14.7839,1.2545,54.7491,4.7428,33.4342,0,1,0,0
0.1875,8.9814,4.8895,0.1787,11.4609,0.7164,0.1619,7.8886,5.639,79.0911,12.1354,8.9768,0,1,0,1
0.0367,7.8155,0.9966,0.2771,10.4398,1.6461,0.1543,9.0704,1.8465,116.7575,14.8139,10.1401,0,1,1,1
0.3401,4.3709,9.013,0.1282,11.4252,5.2739,0.3042,11.1387,5.3735,35.7417,21.0257,32.9901,1,0,1,0
0.2735,10.1256,0.8324,0.2051,36.8002,6.0087,0.0304,7.3324,2.4979,51.0851,44.4194,24.6827,1,0,1,1
0.0666,14.0579,3.845,0.2495,5.0395,2.6481,0.1678,2.2155,1.5363,31.6271,10.4242,23.9175,0,1,1,0
0.2798,9.6027,9.6107,0.1742,13.8218,9.3783,0.2944,10.8827,6.3877,114.24,4.2899,5.5476,0,0,0,1
0.3128,11.9855,9.8526,0.2716,36.3205,2.4389,0.2093,10.3827,7.5946,50.4572,30.7149,3.7988,0,0,1,1
0.0315,9.5691,7.3521,0.2001,14.8436,7.84,0.262,9.5429,5.6018,47.499,20.2715,44.86,0,0,1,0
0.0948,13.3127,6.8521,0.2241,18.4568,5.5838,0.1169,5.0158,3.884,108.9687,34.3276,25.1928,0,0,1,1
0.1294,7.0485,1.9038,0.184,14.2351,1.4558,0.1305,13.9568,7.3534,92.9966,6.0413,16.7377,1,1,0,1
0.1092,10.0848,8.5522,0.2098,15.0813,3.1524,0.0715,2.0462,2.6359,49.6857,38.7493,31.2877,0,0,1,0
0.2447,14.5189,1.7294,0.0361,27.2291,4.5109,0.2004,10.3962,1.8556,38.1584,14.5269,39.0732,1,0,1,1
0.041,3.8445,1.2787,0.1648,8.2378,8.9395,0.0933,11.7368,7.8026,100.025,44.2104,17.318,0,0,1,0
0.021,4.3961,7.427,0.0765,5.8777,9.0637,0.1072,3.4541,1.4828,67.7463,48.7717,37.4509,0,0,1,0
0.2997,5.2716,3.613,0.0999,38.4489,8.9274,0.2049,5.624,1.681,102.0938,2.6688,32.5984,1,0,0,1
0.2013,3.7888,8.3618,0.212,11.8376,2.9835,0.0481,12.27,4.3982,89.2079,22.6149,22.7264,1,1,0,0
0.0997,2.2903,2.5466,0.3497,27.3071,3.6618,0.1861,4.4707,2.6176,101.2456,34.0591,19.1616,0,0,1,1
0.2632,1.3224,8.9286,0.2507,15.3446,3.0384,0.3077,3.0673,0.9671,88.5227,15.0936,21.9295,0,0,1,0
0.3394,5.7656,3.0234,0.2279,6.6865,3.8543,0.2328,4.6727,7.7979,118.8362,38.0094,23.7294,1,1,1,0
0.0696,4.0845,3.0274,0.0323,5.8568,5.4575,0.0778,10.9215,7.2877,56.3149,35.423,5.0112,1,0,0,1
0.0209,11.2993,2.6577,0.1137,18.7553,4.0771,0.3412,4.4039,5.3413,102.0732,38.0065,30.5449,0,0,1,0
0.1748,10.8258,1.2799,0.0449,31.684,1.5785,0.1419,2.3445,5.5232,57.5511,49.0945,3.5164,0,0,1,1
0.3265,13.8744,1.4544,0.0373,37.9183,5.1559,0.1218,7.6934,3.5412,118.1625,2.5857,42.6827,1,0,0,1
0.1562,8.8336,0.5618,0.0419,37.7419,8.5252,0.3382,3.3508,4.5548,110.3112,17.3251,32.3721,1,0,1,1
0.2382,13.1452,3.6888,0.1432,8.2793,9.3749,0.1473,5.325,5.521,110.4367,20.2321,15.5787,0,0,1,1
0.0774,3.5308,7.895,0.0954,7.6779,7.6264,0.2194,14.582,3.4099,110.7432,45.6559,21.227,0,0,1,0
0.0525,1.6178,9.172,0.1308,19.1218,4.4962,0.11,6.905,5.6201,92.3176,18.9721,43.2699,0,0,0,0
0.2207,10.9,6.0106,0.0764,19.6447,2.166,0.3485,13.577,4.6638,43.0345,18.1185,18.2646,0,0,1,1
0.1836,2.8581,3.9485,0.0415,18.4404,0.6801,0.2992,11.6365,3.4596,30.7128,46.1629,4.183,0,0,1,1
0.0594,12.6089,2.6953,0.1423,19.7861,9.1534,0.2483,9.3575,3.6673,51.5572,43.9065,17.9329,0,0,1,1
0.0723,9.6407,6.4553,0.2832,38.5379,4.4878,0.3437,7.6823,5.4953,66.7867,7.648,38.4245,0,0,0,1
0.1359,5.8742,1.3592,0.3339,11.3826,8.7218,0.1754,6.9685,2.1098,58.6252,15.7596,36.236,1,0,1,0
0.0308,2.5714,9.7083,0.2859,16.0646,4.1704,0.1602,12.9123,5.6304,37.0245,25.9915,19.6555,0,1,0,0
0.2908,4.8198,3.2488,0.2988,17.4155,3.3598,0.2034,14.2495,3.2651,32.9812,29.61,1.7606,1,0,1,1
0.2014,4.9816,9.5452,0.0555,13.4489,2.6683,0.2172,7.6769,2.0234,105.076,32.7052,14.2339,0,0,1,1
0.3101,13.3953,9.2365,0.3109,11.5914,6.4941,0.229,3.0826,2.9049,51.2913,14.4575,5.4766,0,0,1,1
0.195,8.7344,8.656,0.304,21.224,2.3889,0.0246,6.8593,3.5896,77.3929,2.462,20.4213,0,1,0,1
0.2545,9.2982,5.7629,0.1651,26.1566,9.2469,0.2411,9.617,1.515,36.0054,45.2058,3.9675,0,0,1,1
0.2212,8.0133,6.2576,0.3062,9.3357,2.5727,0.0859,8.4902,7.4073,94.7232,22.7701,38.7772,1,1,0,0
0.0907,4.633,6.0139,0.3083,18.5533,7.5865,0.2302,4.8904,2.0863,39.7131,26.9051,11.522,0,0,1,1
0.11,3.3922,0.4462,0.0974,32.4887,3.6045,0.291,3.8903,4.5586,71.0255,41.5042,15.329,1,0,1,1
0.3386,2.6837,1.1625,0.3267,19.0434,6.375,0.3326,8.2955,3.5703,90.3063,16.793,44.1878,1,0,1,0
0.2313,13.542,6.7087,0.2285,19.5369,6.1387,0.2225,7.6363,4.7815,32.2058,47.0539,29.202,1,1,1,1
0.1348,3.3034,9.1025,0.2144,20.2152,2.9256,0.3327,8.6365,1.0725,47.0941,47.6961,6.9553,0,0,1,1
0.1537,7.4362,3.0269,0.265,11.5733,1.3977,0.103,9.7909,7.7029,98.7466,15.6248,4.1098,1,1,0,1
0.1455,12.2867,2.4614,0.0597,29.8748,5.5458,0.0491,6.3612,5.3995,84.8776,34.1846,36.146,1,0,0,1
0.3348,11.5653,8.4743,0.1847,8.9749,6.7739,0.1906,5.7694,4.6392,98.6943,26.2027,39.6598,0,0,1,0
0.2229,9.6962,7.1176,0.2182,34.0685,1.0537,0.0276,8.3129,1.6484,115.1814,24.2608,23.2177,0,0,1,1
0.2833,6.364,9.1428,0.1295,31.7162,4.9909,0.3311,7.0737,0.6347,67.4818,27.111,13.5555,0,0,1,1
0.2771,6.7507,4.6948,0.28,7.8336,2.0138,0.1382,6.7699,1.5125,67.12,47.1391,14.2476,1,1,1,1
0.1298,14.6519,3.3741,0.1723,11.8359,8.5578,0.0346,4.9676,6.9524,90.3275,9.2484,16.0825,0,0,0,1
0.2388,6.743,1.7368,0.1049,18.5104,9.2876,0.1875,11.1365,6.7044,97.7692,49.7756,18.2879,1,0,1,1
0.1369,3.347,0.8889,0.0329,16.7989,7.3349,0.1979,5.731,4.4395,111.4553,10.6149,17.4907,1,0,0,1
0.0946,12.3065,4.8711,0.2699,31.3349,4.596,0.111,13.1774,6.6295,107.485,25.6982,35.0794,1,1,0,1
0.3154,10.9559,2.2532,0.2802,10.6664,2.3323,0.2294,7.2783,6.1386,57.3824,38.6174,9.4427,1,1,1,1
0.2097,11.3274,9.0031,0.2971,37.1426,1.1101,0.2293,9.0962,3.722,59.9068,32.0849,31.9154,1,1,1,1
0.2988,6.5488,9.2094,0.3284,27.9374,4.4549,0.1878,3.0102,7.3842,73.0666,30.3497,34.8194,1,1,0,0
0.3314,12.478,8.0213,0.0416,39.0921,7.1912,0.2474,5.5177,5.4743,48.2261,22.1271,30.257,1,0,1,1
0.1414,2.617,4.51,0.218,25.6266,9.2291,0.1929,11.4135,2.8087,31.4472,23.6763,14.5995,0,0,1,1
0.168,7.9033,2.192,0.1263,9.9383,1.6023,0.0421,3.6967,4.5684,58.0612,17.5511,33.7494,1,1,0,0
0.1126,7.1355,8.1754,0.0807,12.3265,0.6726,0.0211,9.5878,6.4106,41.518,9.1462,8.4355,0,1,0,1
0.2331,11.0033,9.0732,0.0495,29.0966,8.7042,0.2598,6.5098,6.2335,79.5987,7.1101,25.0293,0,0,0,1
0.0801,3.2446,1.8006,0.252,28.7859,0.6168,0.166,5.4472,5.633,57.8344,19.6944,30.8987,1,1,0,1
0.2365,10.7463,6.5618,0.1493,9.549,3.8013,0.2644,9.7216,7.3738,111.7038,29.5503,22.4659,1,1,1,0
0.0795,9.6321,3.7765,0.2774,25.6417,5.4469,0.0505,2.6117,6.9094,60.3625,17.6926,28.711,1,1,0,1
0.2693,4.101,4.2275,0.326,37.7893,7.2168,0.325,5.8246,7.6715,83.1057,39.6377,23.4054,1,0,1,1
0.2652,12.7567,6.3632,0.173,25.1018,5.09,0.1395,3.2375,0.7214,48.6619,4.475,11.7771,0,0,1,1
0.0769,1.0604,4.8938,0.1783,8.3599,4.556,0.3494,12.022,1.8316,53.65,22.5745,32.7364,0,0,1,0
0.2925,4.4005,0.5005,0.2492,24.6987,6.0186,0.1875,11.5609,6.3703,33.7777,24.3226,20.6117,1,0,1,1
0.0754,11.7245,4.1398,0.0504,14.3973,5.3338,0.3424,10.4161,5.3279,38.2962,27.653,41.621,0,0,1,0
0.1548,4.3668,8.2104,0.1466,29.2178,7.8753,0.1891,3.6655,4.9904,56.6062,38.5627,12.5988,0,0,1,1
0.2009,14.7333,4.8228,0.2804,37.246,0.8231,0.1154,14.5731,1.1701,68.7392,32.7014,8.8871,0,0,1,1
0.2596,9.9003,2.252,0.2469,16.9948,5.986,0.2238,5.4406,2.7619,100.5783,14.3126,15.2232,1,0,1,1
0.1783,9.1948,5.7359,0.2479,7.315,6.5782,0.0514,7.8804,4.0074,100.662,33.2478,25.9523,0,0,1,0
0.1796,11.1086,7.4256,0.1149,39.6537,9.2473,0.1813,9.026,5.9885,111.4641,30.9474,16.0041,0,0,1,1
0.3476,7.6954,1.0341,0.0824,35.9748,2.4031,0.3163,3.6473,3.9401,34.5565,12.9403,27.9883,1,0,1,1
0.0673,7.5625,7.8244,0.1109,17.1023,5.3442,0.3142,10.4512,5.0063,53.4962,49.0603,32.7124,0,0,1,0
0.1212,4.349,6.4013,0.2604,31.5358,2.3428,0.1285,2.9715,3.454,43.9375,39.0975,34.551,0,1,1,1
0.0203,1.2209,8.613,0.0979,20.1815,1.9347,0.1024,6.9851,7.1698,49.5766,34.295,8.1823,0,1,0,1
0.3348,4.8512,3.5741,0.0737,33.7198,8.3114,0.3112,13.5141,2.8679,103.9302,38.9784,21.5473,1,0,1,1
0.1392,5.6124,2.1501,0.0418,16.2945,7.6639,0.1127,13.3514,6.836,63.6196,15.2759,37.2794,1,0,0,0
0.2947,14.5513,8.338,0.1043,16.6078,5.3556,0.2011,9.169,5.4488,109.9748,28.536,7.7264,0,0,1,1
0.2712,12.9427,8.4467,0.114,31.2441,7.1535,0.0934,13.2067,4.3197,110.2002,49.7664,31.2558,1,0,1,1
0.0704,7.3346,2.6458,0.1783,19.1405,4.0661,0.2534,9.345,1.8745,44.6323,19.0186,37.8445,0,0,1,0
0.3192,5.7742,5.0684,0.3244,31.9847,2.246,0.096,12.3151,6.2736,70.3499,49.4199,33.8105,1,1,0,1
0.1483,11.2997,3.0024,0.0533,18.43,5.6471,0.0956,7.7801,3.614,71.4332,19.8987,44.8315,1,0,0,0
0.1217,10.0547,0.9178,0.1684,16.3561,2.6569,0.1673,12.7366,0.6067,60.3452,14.6444,28.7784,1,1,1,0
0.2036,4.9334,3.2157,0.1522,30.2798,0.9568,0.2274,11.4983,3.9881,104.0133,19.4442,17.8974,1,1,1,1
0.3191,9.2261,1.327,0.2051,33.3467,1.063,0.0569,10.4525,0.7781,95.5904,4.1018,17.9294,1,0,1,1
0.1741,2.1052,8.146,0.2938,9.6962,5.9583,0.3034,5.9617,6.4826,57.0386,25.0683,25.48,0,0,1,0
0.2276,1.8739,7.147,0.2986,37.3559,5.1564,0.2223,14.3144,1.0574,53.6641,42.7555,4.8603,0,0,1,1
0.1851,10.9233,8.122,0.0884,14.8021,8.9944,0.1313,6.1382,1.9344,91.1043,31.6887,37.1985,0,0,1,0
0.1923,9.3151,2.2315,0.1055,39.4039,7.2131,0.3485,14.2535,3.8851,71.5886,48.8681,33.0278,1,0,1,1
0.2426,11.7258,4.0263,0.1305,19.3185,9.4004,0.1007,5.7459,5.8499,96.0128,37.2802,1.0311,0,0,1,1
0.209,1.2113,5.3009,0.2302,18.2408,4.1508,0.1647,3.6168,6.6586,111.5084,43.0972,38.1962,1,1,1,0
0.0481,8.1761,4.4479,0.0479,25.7087,3.7524,0.0306,11.588,4.4067,55.916,2.3034,3.5117,0,0,0,1
0.3019,5.9676,2.7532,0.2458,19.6453,5.9794,0.0328,8.4341,2.0978,106.3779,42.6409,41.2604,1,1,0,0
0.1379,2.9038,9.317,0.3255,22.6847,8.5303,0.2037,6.1327,1.9474,110.1196,16.6815,7.3527,0,0,1,1
0.1215,6.8505,6.241,0.0308,18.7111,1.2988,0.0935,10.2544,3.9952,50.9467,19.1602,29.4319,0,0,1,0
0.1516,5.9673,6.6403,0.245,39.5981,1.2005,0.3387,9.3364,3.2111,33.3772,42.1056,30.5325,1,1,1,1
0.1053,13.1123,4.5625,0.2522,32.415,4.84,0.025,2.1908,1.5667,99.9443,14.8232,28.2953,0,0,1,1
0.3002,3.3427,5.6872,0.1102,39.39,1.437,0.263,11.7441,3.9802,91.0324,35.5053,38.3637,1,1,1,1
0.0896,3.6109,4.8438,0.1105,36.4232,6.9678,0.1844,10.6691,4.08,95.9854,34.946,5.5127,0,0,1,1
0.0492,11.132,9.7176,0.3154,24.3873,8.2933,0.2838,6.3188,5.1975,30.0626,49.0321,43.4222,0,0,1,0
0.0517,4.2166,0.9835,0.3151,22.5855,6.6342,0.2017,3.0966,4.9215,64.6064,8.544,18.3627,1,0,0,1
0.1122,14.3989,1.0206,0.1982,18.6092,7.1212,0.257,12.5266,7.1996,103.0596,17.9614,18.5302,1,0,1,1
0.1011,9.8233,9.3495,0.2918,15.5135,1.6485,0.1943,5.5971,1.7774,38.6015,39.6688,20.6099,0,1,1,1
0.1138,7.2856,5.9153,0.2094,32.8007,9.2876,0.1498,6.5008,7.8638,49.776,29.4109,5.6382,0,0,1,1
0.1897,3.5453,6.0108,0.3039,27.1343,2.1772,0.1463,13.1919,3.9435,82.8457,39.1803,29.2293,1,1,1,1
0.3343,7.7818,6.8213,0.2542,18.9493,0.3985,0.2763,2.4398,4.6382,79.163,30.5698,32.5245,1,1,1,0
0.3101,3.1014,0.6081,0.3239,10.4649,8.5154,0.1363,6.1717,5.5738,34.194,45.3646,9.7501,1,0,1,1
0.2117,11.8802,9.4906,0.1673,20.8718,4.7687,0.1922,3.0561,6.8565,98.1914,41.6418,10.4574,0,0,1,1
0.0849,5.0507,7.3028,0.1477,8.858,5.3624,0.1475,8.9,2.477,95.6765,43.557,37.6197,0,0,1,0
0.1705,6.8197,3.8816,0.0649,6.626,6.0343,0.1034,13.9224,4.7338,116.8716,4.4594,8.4109,0,0,0,1
0.1617,8.9947,2.2138,0.2233,30.9876,3.8609,0.0411,6.7703,2.9566,69.2248,8.8044,6.6432,0,0,1,1
0.1046,3.8002,8.8064,0.0529,20.1919,7.1504,0.3404,12.7743,4.7383,52.9245,41.3428,27.0333,0,0,1,0
0.104,6.9939,1.2109,0.1687,33.3779,1.201,0.1045,10.9558,5.4744,76.6606,24.1351,30.2559,1,1,0,1
0.0526,2.4241,7.4303,0.2912,10.1419,1.1885,0.0363,14.4469,1.6727,106.2866,4.2793,10.9189,0,1,0,1
0.3193,12.4763,4.492,0.334,16.6782,8.0182,0.2494,5.8657,0.534,100.0312,24.4669,13.5148,0,0,1,1
0.1698,14.394,9.4354,0.0403,33.3527,1.3226,0.1077,3.3951,1.8662,91.2895,49.5819,22.7423,0,0,1,1
0.1047,13.2413,8.6293,0.1739,29.9269,7.2564,0.2867,14.4411,3.8665,59.3254,2.2096,10.2479,0,0,0,1
0.2349,10.6922,8.9871,0.2248,13.588,4.4392,0.2796,7.5909,7.6645,115.5345,38.8438,21.3672,0,1,1,1
0.2805,12.5709,6.5093,0.1742,22.5202,5.832,0.262,13.6025,0.9105,60.2031,14.2561,26.8102,1,0,1,1
0.3412,10.8134,9.7691,0.1588,12.8679,6.8442,0.2224,4.141,5.8075,84.5628,24.2039,12.0609,0,0,1,1
0.0524,3.5514,3.4638,0.1213,23.0021,9.3516,0.2943,9.3189,5.0712,91.7298,7.8425,33.6558,0,0,0,0
0.3444,11.7568,7.3211,0.1244,10.8514,1.9183,0.0249,7.2644,4.905,68.1204,31.664,37.113,1,1,0,0
0.2565,9.9148,3.451,0.2288,5.7304,3.4515,0.3056,3.4555,4.8693,110.1055,14.7394,27.7861,1,1,0,0
0.3324,11.9781,2.7311,0.0231,29.4705,0.9278,0.3302,4.1883,2.8847,97.5419,42.5553,14.3654,1,0,1,1
0.3342,8.4169,7.0466,0.3233,5.9604,8.3239,0.09,7.5259,2.4324,60.4913,24.503,28.9028,0,0,1,0
0.3183,10.0068,4.0704,0.0893,16.2669,5.0901,0.2194,7.8515,6.566,54.4552,6.8555,24.2126,1,0,0,1
0.0767,7.8183,9.3249,0.1546,29.9033,5.6109,0.3094,3.7958,7.0053,30.2902,23.4697,23.3624,0,0,1,1
0.3403,12.8144,5.8574,0.0632,24.7994,7.3382,0.1088,13.4784,2.7684,56.6516,27.7885,3.5,0,0,1,1
0.1582,5.0277,9.3094,0.1694,25.5773,4.4762,0.1599,10.816,2.02,111.8305,12.3946,9.8317,0,0,1,1
0.2208,12.6088,4.4507,0.2996,31.23,4.1449,0.2998,14.4904,6.1319,94.4886,31.1263,43.9995,1,1,1,0
0.1978,6.3855,3.0944,0.3014,6.11,3.4059,0.3009,5.8331,6.8064,106.4124,8.2726,3.9569,1,1,0,1
0.025,5.9532,5.7055,0.0721,37.9611,2.5527,0.1004,4.5496,4.2301,55.3301,20.8573,25.1357,0,0,0,1
0.2502,8.6557,8.1447,0.1359,7.8688,1.4804,0.2939,13.6341,5.2048,34.5598,22.6465,40.9556,0,1,1,0
0.2789,9.0718,7.2095,0.24,36.4449,1.1177,0.2053,9.5511,3.148,104.8948,5.0618,1.6073,0,0,0,1
0.2353,8.6348,6.1778,0.3228,13.1059,1.3255,0.2944,4.1251,4.8083,55.6651,23.9151,25.6889,1,1,1,0
0.1899,5.5077,6.6048,0.2822,31.683,8.5834,0.313,10.5952,1.696,56.186,28.1715,14.9813,0,0,1,1
0.0612,4.019,8.2597,0.0453,12.0591,5.0114,0.1359,6.1025,7.2677,35.8165,2.86,25.2512,0,0,0,0
0.2211,7.4271,6.8353,0.1985,34.9897,5.6425,0.2348,5.7248,6.6641,97.3675,9.9657,13.7267,0,0,0,1
0.1072,12.1075,0.3046,0.1275,31.5721,6.9125,0.3121,14.3485,2.5509,61.6411,28.1645,6.2329,1,0,1,1
0.1851,6.397,9.2272,0.0567,13.7044,1.7046,0.0382,7.3839,0.5235,40.9586,17.7199,18.4708,0,0,1,1
0.0479,5.1594,4.374,0.0813,14.0906,9.837,0.1719,12.1089,1.6788,31.9766,20.4213,20.9633,0,0,1,0
0.084,13.9044,0.4166,0.1274,16.3654,4.7093,0.1864,8.4471,5.5937,65.8336,49.0388,22.0678,1,0,1,1
0.0662,12.2746,8.5116,0.3027,18.549,2.8393,0.105,12.7336,0.7425,80.2951,6.7507,20.9497,0,1,1,1
0.2827,3.781,8.6803,0.0771,10.0376,9.3108,0.2712,9.8211,3.681,31.1656,4.4868,33.0046,0,0,0,0
0.2287,8.7843,8.805,0.321,39.4503,8.0259,0.2028,13.0875,0.5736,94.8898,17.3763,39.6016,1,1,1,1
0.1485,1.9167,7.4827,0.1184,14.3433,0.5373,0.0836,4.7673,2.2784,92.3042,22.2326,26.6567,0,1,1,0
0.1347,3.5861,6.8436,0.2556,24.1241,2.8357,0.2742,2.3948,6.8054,101.4179,28.5648,13.6844,0,0,1,1
0.3089,7.8329,2.6785,0.1254,28.0877,6.2206,0.0681,12.9126,5.724,108.0492,21.9621,11.1134,1,0,0,1
0.2442,6.6982,7.0795,0.0547,30.6841,6.1557,0.1637,14.6982,6.4945,69.8198,26.3033,36.8619,1,0,0,1
0.0221,3.6596,2.549,0.1844,14.353,3.2721,0.1878,8.9541,5.2917,113.0569,2.7205,28.7243,0,0,0,0
0.1284,8.7372,6.6395,0.3073,16.9326,0.4208,0.264,2.9858,6.1385,113.9295,31.2439,23.2581,0,1,1,1
0.213,10.3535,9.6555,0.1587,19.2243,3.0341,0.1071,5.2481,4.4013,37.0979,25.936,44.4456,0,1,1,0
0.3086,14.4592,4.1698,0.0641,15.1944,6.1772,0.2354,12.9765,6.3056,76.2115,35.3185,25.6318,1,0,1,1
0.2199,10.6655,2.3137,0.0254,9.4777,9.6499,0.0249,9.4218,1.1229,108.4568,17.0758,44.7099,1,0,0,0
0.2123,9.0905,6.596,0.1998,20.5408,9.994,0.1413,9.175,1.8382,73.4961,27.8297,7.6944,0,0,1,1
0.3267,6.9118,9.3384,0.1641,36.5864,8.2884,0.1766,4.3237,3.233,66.7,36.6799,8.4361,0,0,1,1
0.3406,10.6606,4.3434,0.3042,34.4172,2.7559,0.2368,2.1437,3.7712,35.7052,38.2835,39.5284,1,1,1,1
0.3325,8.1377,5.2141,0.2714,18.6868,7.4511,0.2696,9.1462,1.7625,85.9247,21.9844,29.7102,1,1,1,0
0.2524,9.5377,1.5698,0.1736,27.5706,2.2889,0.1275,8.3836,5.3639,99.7562,29.1056,5.8116,1,0,1,1
0.025,4.2456,3.371,0.0388,30.3477,5.1107,0.0671,7.1784,7.3885,73.7874,3.6336,16.6188,0,0,0,1
0.2429,9.2126,4.5463,0.054,8.5139,8.6927,0.1349,8.6862,6.8143,97.9,18.1284,14.6205,1,0,0,1
0.1291,10.7045,6.7729,0.0658,32.9413,9.7618,0.022,7.3848,1.5386,35.4521,27.5356,34.7158,0,0,1,1
0.3307,2.8189,5.3673,0.061,15.9337,7.8702,0.2828,3.9553,6.8355,47.1526,45.8756,18.6336,1,0,1,1
0.313,10.063,5.8301,0.0364,37.9211,1.8313,0.3118,5.0309,0.6159,65.3137,4.8564,10.3389,0,0,1,1
0.3131,8.3183,5.7307,0.0726,28.1021,8.5092,0.0426,6.2565,3.8306,74.6212,16.2666,42.6521,1,0,0,0
0.3301,10.6093,6.724,0.1702,28.5317,5.7815,0.2364,14.646,6.7811,115.986,45.7782,2.5365,0,0,1,1
0.1442,11.4417,8.4577,0.267,7.7761,6.7163,0.1744,4.8089,5.2844,100.9699,49.5814,2.3588,0,0,1,1
0.1727,11.0094,0.7159,0.1931,39.8535,2.7705,0.111,9.2052,4.8221,108.0799,37.9427,15.5801,1,0,1,1
0.2531,3.5715,2.964,0.1895,23.9228,0.5623,0.1839,11.4299,5.3077,31.9551,6.9981,23.9409,1,1,0,1
0.235,7.1273,5.5974,0.1273,33.8239,5.5841,0.1028,3.1411,2.12,30.6444,22.1207,26.157,1,0,1,1
0.1618,8.9433,5.7491,0.1928,23.23,0.7393,0.2955,7.1067,1.0147,80.396,24.1167,4.542,0,0,1,1
0.0877,14.0344,1.9488,0.2384,17.8718,8.9836,0.0481,14.5862,4.5215,64.2329,33.2596,8.6258,0,0,1,1
0.1514,8.3741,7.0526,0.3461,8.56,1.2728,0.0307,4.9752,6.8279,65.6867,42.3034,3.8347,0,1,1,1
0.0334,10.8769,1.9277,0.3152,22.1354,1.3337,0.2029,10.0282,2.4928,46.8065,26.7319,7.0901,0,0,1,1
0.2897,10.4782,3.1454,0.2752,13.4532,7.1226,0.0659,10.568,0.9673,72.3118,49.0136,19.4122,1,1,1,1
0.2759,6.3842,1.3041,0.2879,38.6745,8.2266,0.0432,8.8651,2.6866,60.5348,2.4335,43.7876,1,0,0,1
0.0743,11.3544,3.8113,0.3277,13.5044,7.9721,0.3459,11.4656,5.738,104.4866,47.7127,40.301,0,1,1,0
0.1013,13.0295,8.4663,0.1918,38.4193,4.5547,0.2338,10.4727,7.1349,89.7098,32.1906,28.0118,0,0,1,1
0.2363,12.6575,8.1833,0.2985,5.459,5.7749,0.3498,14.4445,0.7127,110.8495,19.4377,6.107,0,0,1,1
0.3369,10.3357,9.2097,0.0286,23.8956,6.6217,0.1342,2.3043,5.6838,53.7443,43.8172,16.1386,0,0,1,1
0.1733,2.6938,3.2338,0.2438,8.7991,1.6856,0.0245,10.1596,1.6802,76.7256,48.0192,12.451,1,1,0,0
0.1232,9.2637,8.9037,0.2118,13.9621,6.9176,0.1981,7.6174,5.1575,87.2656,45.3182,20.3872,0,0,1,1
0.3345,8.0947,3.8153,0.0773,20.6519,1.5302,0.204,14.3546,5.5638,87.2775,31.1773,38.0563,1,1,1,0
0.2158,9.0152,4.8305,0.1788,33.7064,5.678,0.3316,12.4965,2.4797,60.4746,32.375,18.8571,1,0,1,1
0.1549,9.4982,9.0224,0.333,10.9027,2.1319,0.1421,3.6329,1.7715,63.3345,46.3489,22.3894,0,1,1,0
0.2296,9.0109,4.9311,0.0765,14.7221,4.7686,0.3397,7.6069,7.5798,113.2636,13.4807,14.1217,1,0,0,1
0.3437,4.6756,4.5473,0.1401,37.7578,6.5726,0.0681,11.229,6.5242,119.0168,48.1828,11.0447,1,0,1,1
0.1552,2.2958,1.9884,0.2548,12.1488,1.0384,0.2852,7.9949,6.4799,61.0485,17.0317,15.4637,1,1,0,0
0.1501,5.1701,4.1555,0.0639,9.0281,4.3517,0.124,3.6246,1.3973,86.1539,10.3596,34.3787,0,0,1,0
0.298,2.1296,5.3183,0.3066,21.1422,2.5336,0.2365,12.5457,2.2711,108.8408,32.2047,3.2853,0,0,1,1
0.2901,13.1705,5.8229,0.3292,26.4226,6.9358,0.0373,5.3558,0.5319,72.855,18.6911,33.5464,1,1,1,1
0.2257,9.7803,9.8657,0.0708,19.1331,5.6758,0.2252,10.7034,6.3061,49.259,21.3204,17.0302,0,0,1,1
0.3071,1.994,6.0266,0.2521,27.5074,1.6651,0.1143,6.811,3.6357,88.382,36.9373,10.0047,0,0,1,1
0.065,2.8391,7.9774,0.0551,9.6164,6.5462,0.1678,10.1206,3.8959,43.346,8.0616,36.643,0,0,0,0
0.1881,1.0865,4.84,0.1579,12.6985,0.5553,0.3262,13.7769,7.9186,55.8432,36.0451,26.9166,1,1,1,0
0.1295,10.9767,0.6214,0.0785,30.847,7.2266,0.2082,5.3762,7.59,65.5812,18.2807,20.1103,1,0,0,1
0.2426,11.6453,2.1714,0.3171,37.9228,6.2117,0.2395,12.1971,0.7429,82.7901,42.0366,9.3836,1,0,1,1
0.1672,9.7959,9.2076,0.199,26.0417,9.4291,0.1774,9.7149,6.3094,74.758,7.7437,41.827,0,0,0,0
0.0608,6.5677,4.9306,0.2999,5.2207,2.7502,0.033,3.2907,7.9313,63.1897,13.8125,11.4402,0,1,0,1
0.3037,6.0096,2.0275,0.048,15.2136,8.1825,0.3489,11.9071,6.3154,79.752,46.512,1.5784,1,0,1,1
0.0588,7.0328,6.4045,0.1088,34.86,5.479,0.1004,8.3355,3.5748,94.7199,19.2033,29.4467,0,0,1,1
0.2637,3.7354,9.419,0.125,30.8217,3.423,0.099,10.0247,3.8107,33.7508,42.2653,28.252,1,0,1,1
0.0623,13.9246,8.0556,0.1645,28.9197,2.283,0.1443,6.1055,6.5669,116.8193,30.6356,34.522,0,1,0,1
0.0506,1.4752,7.2919,0.0563,11.7359,3.1406,0.2293,14.3815,7.7047,69.8382,11.3054,40.7446,0,0,0,0
0.0451,4.418,3.3603,0.1254,38.7792,1.0373,0.069,2.0561,1.8051,74.151,14.447,39.342,0,0,1,1
0.1127,11.681,5.5783,0.0715,36.6024,6.6583,0.0768,14.5542,1.6275,31.9154,17.6267,36.3383,0,0,1,1
0.0311,11.1615,7.4961,0.2348,7.7549,4.1161,0.1166,7.2543,1.0149,117.1404,20.3223,41.0196,0,1,1,0
0.3389,7.4689,4.96,0.1115,13.4623,7.7191,0.0862,4.0462,7.7343,64.7388,35.0209,32.3808,1,0,0,0
0.2689,4.7008,9.1162,0.3345,36.4933,3.1662,0.2306,2.4118,6.9824,73.4973,46.5328,22.9177,0,0,1,1
0.3409,9.4778,9.558,0.1922,38.2092,1.2612,0.1418,10.0199,6.1349,80.6054,20.9965,44.963,1,1,0,1
0.247,12.0278,6.601,0.1686,5.2356,8.9245,0.1218,2.7684,3.341,83.6862,3.9867,15.4428,0,0,0,1
0.3337,3.2178,7.6895,0.2599,26.3953,6.0922,0.3088,4.9717,5.0155,76.6656,41.1876,37.0825,1,1,1,0
0.2007,10.8353,7.5442,0.1088,10.6303,1.4584,0.2193,2.3538,3.3828,49.7639,25.3651,7.6076,0,0,1,1
0.1946,9.9989,2.4506,0.1613,14.4009,1.475,0.1471,10.3776,1.399,74.3348,39.9468,7.9845,0,0,1,1
0.1929,14.6515,3.2402,0.2355,30.9681,0.9712,0.2238,2.3692,5.7534,63.8268,28.2439,11.0647,0,0,1,1
0.096,4.5689,8.3284,0.2742,16.2954,0.4871,0.1804,5.305,7.7793,44.1349,39.702,29.9568,0,1,1,0
0.1786,6.0652,1.3188,0.0771,16.0309,9.8005,0.0947,2.3123,2.832,68.6143,28.9744,8.725,1,0,1,1
0.3062,1.4651,4.8627,0.2108,18.0585,9.9678,0.0603,13.7169,1.8733,73.2011,4.9622,9.0781,1,0,0,1
0.0243,4.3206,0.8704,0.0752,36.2534,9.8615,0.2821,9.3632,5.9582,85.7894,15.5418,6.0898,0,0,0,1
0.2202,1.8284,0.6815,0.0816,12.9994,6.3425,0.0402,10.5742,4.2032,96.4402,48.3524,1.8727,1,0,1,1
0.0706,13.862,7.608,0.0216,37.938,2.697,0.2112,13.4677,5.299,35.3488,47.915,18.9038,0,0,1,1
0.2733,2.8513,9.4937,0.1818,23.7799,3.9745,0.0207,11.3393,0.5762,33.4352,15.486,29.5063,1,1,0,0
0.1988,13.4344,2.6271,0.2584,28.4376,5.062,0.034,11.6494,6.3596,105.5272,32.2264,42.3096,1,1,0,0
0.2766,2.041,8.5609,0.2257,25.3738,1.625,0.0665,3.5428,6.2302,94.1039,2.1886,39.2643,1,1,0,0
0.0684,4.4484,5.3998,0.2349,33.8687,8.8157,0.1138,14.0056,7.8732,86.2207,37.9579,21.374,0,0,1,1
0.0274,10.438,9.3997,0.2268,5.9969,0.8702,0.3346,9.6115,2.8482,107.3327,27.4965,17.1614,0,1,1,0
0.1231,1.1638,0.776,0.2522,11.716,0.813,0.1744,2.3898,7.2279,103.1122,27.0212,33.4036,1,1,0,0
0.2519,11.4101,5.7341,0.2263,21.5474,7.2766,0.0279,3.1067,6.505,53.8494,9.0471,24.0862,1,0,0,1
0.2285,7.7104,1.8062,0.1133,22.3679,4.685,0.3449,13.1983,5.9915,119.8249,9.8199,37.5003,1,0,0,0
0.3402,3.0588,8.2256,0.3425,38.5632,8.0283,0.1271,5.7764,1.4607,41.1544,14.4269,30.9591,1,0,1,1
0.1322,10.5505,5.7492,0.3288,21.7535,4.6205,0.1244,3.1557,2.1651,83.1589,33.7415,3.1456,0,0,1,1
0.3284,9.4919,0.6484,0.2755,12.7014,6.0101,0.2691,6.2944,3.1477,101.1594,19.9578,24.7505,1,1,1,0
0.2826,2.5989,2.4672,0.1235,21.1259,1.0016,0.1648,4.1205,7.5112,70.6632,34.0374,8.9605,1,1,0,1
0.1934,4.1634,1.0176,0.1142,19.9806,3.7529,0.309,14.0782,3.8713,35.2519,20.4546,21.2876,1,0,1,1
0.1076,6.9344,3.4089,0.2075,13.977,1.8608,0.0209,13.8742,1.6972,68.2547,17.761,5.2915,0,0,1,1
0.2468,14.4869,7.4313,0.0642,22.8894,4.7877,0.2647,9.1779,7.0965,90.9849,34.1798,29.9197,1,0,1,1
0.2554,1.6377,2.0254,0.3484,30.3123,8.033,0.3242,3.349,6.2232,42.5206,26.9374,36.2441,1,0,1,0
0.0301,5.9585,2.3219,0.0687,21.3154,2.428,0.0344,11.2652,2.4741,119.01,14.8836,43.7597,0,0,0,0
0.1333,3.479,4.2674,0.2403,34.8581,8.0907,0.3409,12.7972,1.2354,50.1768,16.4084,5.0452,0,0,1,1
0.1183,14.0692,7.2847,0.2722,25.101,2.9248,0.2225,2.0137,3.711,68.3175,21.969,26.8476,0,0,1,1
0.0367,1.2182,8.986,0.2403,7.4349,3.5204,0.1858,4.2874,6.5508,102.5019,3.3735,16.591,0,0,0,0
0.1816,9.973,1.4156,0.1928,17.0813,9.4897,0.3253,13.2331,3.5363,57.2615,11.366,40.9752,1,0,1,0
0.1935,1.4088,9.6526,0.2312,7.973,5.4738,0.344,9.1264,7.9959,69.7153,7.0049,40.9425,0,0,0,0
0.1658,13.8326,1.886,0.3282,39.133,7.5765,0.1481,12.6247,3.4392,30.4965,28.3529,34.5485,1,0,1,1
0.1021,4.8984,8.662,0.3254,31.7173,7.715,0.2083,7.4241,5.3235,104.7124,6.1311,31.1599,0,0,0,1
0.1177,6.0507,0.5366,0.1842,31.4739,6.606,0.0901,10.0174,2.2797,85.43,49.0351,10.8101,1,0,1,1
0.0918,7.5009,7.8502,0.0402,37.7027,2.4262,0.1251,5.2605,1.4741,45.743,35.8817,7.5505,0,0,1,1
0.2137,13.0731,1.8469,0.1843,8.7613,5.5744,0.0563,14.6935,5.6933,63.2758,48.441,42.5289,1,1,0,0
0.2845,5.7351,8.3801,0.037,5.5058,2.661,0.2939,10.7629,6.3863,110.1464,37.0808,21.3062,0,0,1,0
0.0515,10.9331,1.2244,0.1234,22.7501,0.8359,0.3212,3.3152,5.1917,83.4967,6.8444,30.5937,1,1,0,1
0.2557,9.0769,9.132,0.1055,29.8199,5.8812,0.043,10.5363,3.7945,106.0109,36.0844,40.9421,1,1,0,0
0.2317,3.155,1.2769,0.1376,19.3186,6.1949,0.1353,6.8082,3.0637,50.5789,36.9515,9.1817,1,0,1,1
0.1496,4.3427,2.22,0.2191,18.1269,4.064,0.3045,14.5114,4.2799,116.4158,18.6124,33.9233,1,1,1,0
0.2016,7.9603,6.448,0.2553,30.4322,1.5311,0.2561,8.8416,7.0168,72.6172,6.7727,33.4252,1,1,0,1
0.0561,1.4583,0.329,0.2382,20.6732,9.1183,0.2388,6.4436,5.2372,71.2907,12.865,29.6222,1,0,1,0
0.1256,12.3589,6.674,0.0927,12.5292,5.2648,0.2251,4.6374,6.4629,77.8284,22.0179,34.3132,0,0,1,0
0.2032,11.4945,5.5058,0.3132,9.693,6.9878,0.065,3.1572,6.5746,83.5153,36.9863,2.8409,0,0,1,1
0.1622,10.5952,7.4757,0.1305,12.2158,6.6952,0.0857,6.6273,4.4195,42.243,7.5783,22.9663,0,0,0,0
0.1362,2.3037,4.4869,0.2486,26.2598,2.1415,0.121,4.307,1.0448,73.961,8.5814,26.7436,1,1,0,1
0.2454,2.8824,1.8736,0.2804,18.3121,9.2829,0.1059,13.6002,4.0184,95.7869,2.3208,8.1588,1,0,0,1
0.2401,10.3774,4.1502,0.1953,6.8403,6.7086,0.2981,2.0498,1.6459,85.9043,48.8783,4.47,0,0,1,1
0.2198,6.0934,1.7458,0.1446,21.6336,0.3809,0.0859,4.5736,2.434,116.7761,43.8854,23.122,1,1,1,1
0.1749,4.4206,1.7034,0.1239,26.4819,0.8965,0.2703,3.6965,7.043,75.5209,42.7445,32.0955,1,1,1,0
0.1151,4.0494,5.8298,0.1588,31.3779,5.8889,0.3064,10.6342,5.0837,113.4775,33.387,11.5929,0,0,1,1
0.1605,7.2281,4.9035,0.2928,15.5434,4.4057,0.2076,13.9172,7.7285,98.4656,23.7326,26.8587,1,1,0,0
0.3256,13.4981,9.3851,0.2581,30.9122,2.499,0.194,10.324,5.8927,80.9121,38.0829,37.7135,1,1,1,1
0.0875,1.6038,9.7017,0.1932,37.5943,4.381,0.316,8.2902,5.4363,76.3067,28.4152,39.5334,0,0,1,0
0.1876,11.7715,1.055,0.1728,27.8685,9.5925,0.0554,8.0235,6.8913,55.1602,36.8447,23.3317,1,0,1,1
0.0639,13.3599,8.1599,0.0985,31.1254,9.3929,0.1687,14.1074,6.4745,63.0066,7.537,7.8091,0,0,0,1
0.3174,5.6738,4.7158,0.1026,22.5745,7.4247,0.0552,2.3411,5.866,90.3747,25.8558,11.4242,1,0,0,1
0.0203,5.8955,5.4962,0.2831,20.4291,8.7331,0.2568,9.3596,5.5076,70.8386,14.667,39.5682,0,0,1,0
0.2448,4.9975,8.628,0.2736,22.1285,3.988,0.1287,10.6054,5.6941,91.1861,8.6079,34.221,1,1,0,0
0.1415,3.8095,8.5512,0.2361,28.9276,3.9065,0.3045,13.5078,3.8184,118.4302,34.1293,17.103,0,0,1,1
0.0677,5.4399,0.3484,0.1586,5.1832,2.1087,0.2042,2.4836,1.7322,72.093,12.3995,18.2012,1,0,1,0
0.0525,2.1776,6.5892,0.2692,14.4771,1.704,0.3308,10.0047,6.4415,107.5371,21.6897,12.9773,0,1,1,1
0.2504,3.1382,7.6672,0.1799,22.189,9.2746,0.3369,14.535,3.3491,59.2808,27.5326,11.0699,0,0,1,1
0.2481,5.4165,4.9557,0.1796,27.8835,3.357,0.2873,5.4853,3.6914,112.4578,12.0364,2.8235,0,0,1,1
0.3059,2.5735,0.454,0.112,37.689,4.4773,0.0618,5.5479,7.3017,95.7822,3.6622,15.7866,1,0,0,1
0.3061,8.5371,2.8623,0.2258,36.874,8.4193,0.316,9.8727,1.8562,107.9944,8.7834,28.9516,1,0,1,1
0.141,5.6838,7.4499,0.3002,30.5275,7.8838,0.0884,13.441,7.6618,98.2049,18.8923,39.2566,1,1,0,0
0.051,5.8892,7.603,0.1702,8.1171,9.8662,0.2593,8.8944,0.6,37.8258,12.5664,19.2512,0,0,1,0
0.1823,9.9486,2.3041,0.2889,12.0935,6.1094,0.0842,2.3262,4.5364,61.6406,8.2433,38.8955,1,1,0,0
0.09,11.7245,5.8997,0.1827,13.5477,2.1667,0.0952,6.8781,5.8204,69.048,34.274,34.8827,0,1,1,0
0.1817,12.1027,5.8598,0.3246,37.0335,1.2954,0.0239,8.1831,3.8265,97.8866,4.3922,6.2807,0,0,0,1
0.2994,8.735,0.6627,0.3107,25.5998,2.6227,0.2635,7.4823,5.9959,31.9778,13.6414,25.4612,1,1,0,1
0.2903,9.6619,3.873,0.2568,5.1918,6.1304,0.3127,12.7153,2.4544,56.513,6.295,11.326,1,1,0,1
0.1068,10.2879,1.0308,0.2308,5.997,9.8271,0.1437,3.5881,7.0217,38.0413,19.1716,7.222,1,0,0,1
0.2135,8.3266,4.1239,0.2015,37.9442,4.5706,0.2427,6.9222,1.1727,87.2984,42.5646,43.9345,1,0,1,1
0.2822,6.2124,7.7853,0.065,39.2542,2.1418,0.2339,3.5908,5.8299,105.5305,18.6571,3.2374,0,0,1,1
0.0879,9.4194,5.8978,0.0998,39.8563,6.7058,0.1567,11.409,5.6123,73.4636,16.2076,8.5059,0,0,0,1
0.1431,4.3287,1.6885,0.3345,19.8953,6.6927,0.146,9.1378,1.1969,36.23,40.9476,44.0842,1,0,1,0
0.3419,12.0171,5.1963,0.146,19.6321,4.697,0.1587,10.3697,1.0762,115.7925,5.7574,1.1233,0,0,1,1
0.2448,8.7132,3.9821,0.2457,15.8848,7.1736,0.1578,11.1877,3.8083,52.9759,7.0425,39.2516,1,1,0,0
0.2561,1.085,9.353,0.2506,32.6518,1.5394,0.0587,8.3929,0.9572,90.654,6.6354,38.1594,1,1,0,0
0.122,11.9635,0.5685,0.2789,20.3363,9.924,0.3275,8.5385,5.5881,37.185,3.1064,21.7756,1,0,0,1
0.1502,9.1753,6.4541,0.2587,17.7531,8.8134,0.2801,4.6483,1.0775,97.3414,43.2204,1.0553,0,0,1,1
0.1188,2.2181,1.7504,0.1595,25.1974,1.2786,0.2222,6.4533,5.6892,72.6912,25.632,16.3096,1,0,1,1
0.2584,6.1255,4.9964,0.2406,35.9309,9.0869,0.156,12.192,0.6781,53.5412,35.9164,20.2005,1,0,1,1
0.23,11.607,5.0721,0.1866,36.3684,9.3377,0.1531,2.2768,7.981,42.1959,27.2547,13.2302,0,0,1,1
0.336,12.8809,8.9843,0.2933,23.5984,1.8411,0.1011,5.1229,3.2618,76.3273,25.6834,34.7983,1,1,0,1
0.0903,4.171,1.3078,0.069,12.2877,1.326,0.2686,7.1935,6.1359,71.4861,21.3851,12.6649,1,1,0,1
0.1983,7.6836,1.2196,0.2618,24.5189,7.247,0.1043,4.257,5.5063,85.7617,34.2528,20.8688,1,0,1,1
0.1783,7.18,8.9876,0.3311,19.5898,2.2529,0.2631,4.006,1.4894,92.7482,5.3048,20.6315,0,0,1,1
0.0448,12.4674,6.7806,0.3406,34.5865,8.5571,0.1704,10.221,6.2956,75.9818,18.665,30.1695,0,0,1,1
0.2993,1.485,2.8505,0.0887,9.4215,1.1749,0.1109,5.8439,6.7711,47.0001,26.0498,1.2229,1,1,0,1
0.1871,11.3411,5.6877,0.2538,36.573,0.9929,0.1773,4.6315,7.3807,117.2099,37.9204,43.068,1,1,0,1
0.1749,7.5677,3.2192,0.1239,14.5415,5.0856,0.1094,9.9086,3.7523,44.2639,37.6674,19.0628,1,0,1,1
0.1262,14.9807,6.2269,0.1321,9.3494,6.5439,0.1506,8.6889,2.1186,105.7856,2.2439,11.7104,0,0,0,1
0.3309,4.4037,6.8508,0.3211,31.9198,2.0178,0.2617,12.6367,5.7407,30.2534,28.2352,40.2901,1,1,1,0
0.2781,10.5215,3.3032,0.1118,33.904,2.0615,0.0738,10.0015,7.9083,46.3454,11.9572,5.0658,1,0,0,1
0.042,9.7801,2.1997,0.1582,37.826,7.0272,0.2133,14.7954,6.6281,62.6796,45.4902,36.3957,0,0,1,1
0.2287,5.1232,0.5753,0.3375,22.4612,2.3784,0.3145,12.4364,4.7181,40.8277,41.2948,37.8646,1,1,1,0
0.1203,14.2427,8.3219,0.0694,16.3112,2.8736,0.2197,2.0353,4.9186,92.8845,21.2101,31.9683,0,0,1,0
0.0929,11.1708,4.6991,0.3285,29.0577,5.0841,0.3414,6.9665,0.8676,104.23,27.2349,23.5758,0,0,1,1
0.0594,6.6159,8.34,0.1561,23.2872,2.6354,0.2858,4.4818,2.8791,30.7998,26.6547,12.4203,0,0,1,1
0.2315,10.5713,9.8776,0.2736,19.2611,2.3897,0.1166,6.9165,4.6769,105.2303,10.8564,12.0378,0,0,1,1
0.0375,10.8934,4.5777,0.036,5.347,3.318,0.0315,13.514,7.0768,106.408,12.7163,43.6088,0,0,0,0
0.2268,9.3595,4.5277,0.1304,18.7102,4.7746,0.1363,2.765,1.5902,115.7587,43.5455,18.2584,0,0,1,1
0.044,4.3151,2.2142,0.1044,13.8433,8.4992,0.0618,14.955,3.0798,35.3523,21.0142,29.019,0,0,1,0
0.2867,8.5581,4.2098,0.0453,32.369,8.724,0.0858,2.2424,7.557,50.0716,6.3882,3.9702,0,0,0,1
0.2013,10.2267,8.924,0.2116,10.0538,0.8898,0.1244,9.6338,3.6507,44.8994,28.2523,2.3155,0,1,1,1
0.2395,5.0888,1.0681,0.2202,13.8574,3.3773,0.3235,6.6685,4.1237,53.2147,10.3463,17.3676,1,1,0,1
0.1879,2.9254,2.3493,0.2339,17.6332,1.98,0.0914,2.7993,2.9828,102.4608,3.4869,22.417,1,1,0,0
0.3389,6.9353,5.0602,0.0914,27.8872,8.6293,0.3452,7.2088,5.6659,95.6556,43.555,21.1563,1,0,1,1
0.1882,9.4359,3.4504,0.3054,10.0565,5.6578,0.1318,11.5726,2.6412,85.2088,48.2765,18.2259,1,1,1,1
0.0732,7.9139,6.7017,0.245,13.7102,4.9527,0.2357,8.2082,7.7021,40.7344,36.9599,34.5365,0,1,1,0
0.1358,7.7216,4.0121,0.0906,13.3415,9.1753,0.1158,7.016,2.8738,66.5837,44.5294,22.7383,0,0,1,0
0.2101,1.5786,1.8067,0.04,11.8841,5.5443,0.0944,8.4704,5.0607,46.5065,31.5711,14.3529,1,0,0,0
0.3402,2.8154,4.8324,0.032,5.5963,6.0331,0.2017,11.3968,6.2403,43.7444,7.3064,25.1213,1,0,0,0
0.2172,10.597,9.5396,0.25,13.0951,9.6231,0.1963,12.9107,3.8221,44.9951,7.2126,18.651,0,0,0,1
0.2985,6.9904,4.3765,0.1777,9.2831,6.1932,0.2853,5.031,2.4122,119.5856,27.9727,27.5217,1,0,1,0
0.1514,10.2487,7.1508,0.117,11.378,6.7561,0.298,5.8208,0.7146,79.9051,44.5343,2.9808,0,0,1,1
0.0305,4.4606,9.2296,0.0531,9.0747,0.8396,0.2393,10.2552,1.8136,44.6237,10.9148,13.5921,0,1,1,0
0.0679,5.0282,4.3929,0.3029,39.1434,6.914,0.32,10.7745,5.1519,46.9092,20.4673,43.724,1,1,1,1
0.2604,14.2546,1.7489,0.059,29.965,3.5263,0.0346,11.1411,5.6871,74.3383,30.5341,1.2278,1,0,0,1
0.1255,12.7203,6.2881,0.0719,22.8583,5.5651,0.2625,10.441,3.8133,31.72,31.6329,2.1089,0,0,1,1
0.3365,14.864,1.5046,0.1028,23.6111,8.3008,0.3277,13.7292,4.2301,85.3693,42.1233,27.4772,1,0,1,1
0.331,4.0047,0.6107,0.1907,7.0788,0.5653,0.1661,12.4727,2.1099,38.366,4.927,36.5059,1,1,0,0
0.2813,13.6665,7.8331,0.1917,10.5123,9.8061,0.1234,3.9858,3.3109,86.5709,47.5997,10.1995,0,0,1,1
0.3033,12.8273,6.7557,0.1643,16.5656,7.6438,0.1762,4.942,5.7039,98.0637,8.9626,27.8093,1,0,0,1
0.1903,9.4512,4.8335,0.1615,24.1521,8.6005,0.264,7.9116,3.1772,94.1832,30.2366,24.6645,1,0,1,1
0.2826,12.7174,0.329,0.334,33.4993,9.5897,0.2523,9.6604,0.5522,93.315,4.8817,31.8887,1,0,1,1
0.2362,5.1788,9.5713,0.191,28.4995,3.2829,0.2438,3.835,4.7263,94.7379,45.2665,20.0035,0,0,1,1
0.1044,6.234,4.2637,0.044,22.1642,5.7563,0.282,11.4935,2.384,113.0853,5.0505,43.9523,0,0,0,0
0.2352,2.0957,2.0671,0.0217,36.2295,6.5167,0.2487,13.2701,3.4456,50.5828,8.0192,12.1042,1,0,0,1
0.1,6.7596,2.8586,0.3045,22.0808,9.484,0.2476,12.8452,4.721,102.1417,15.7867,3.3654,0,0,1,1
0.0299,7.2198,7.5075,0.2488,12.4476,8.4692,0.0326,5.3697,6.0497,89.307,8.7066,42.9417,0,0,0,0
0.1516,8.9211,0.3846,0.2354,8.1923,4.3667,0.1873,12.0687,1.0805,94.0452,17.2878,41.1802,1,1,1,0
0.2604,4.6031,8.1107,0.0409,11.1594,8.3811,0.1041,12.8951,7.7446,80.1201,33.6067,9.7322,1,0,0,1
0.2176,7.6901,0.4942,0.2408,6.701,9.9886,0.1361,10.3474,5.0854,30.4983,48.8498,7.9077,1,0,1,1
0.1775,6.3222,7.1525,0.1925,16.276,1.1044,0.1203,7.8256,7.4422,119.2174,48.1409,11.2683,0,1,1,1
0.1317,11.8027,2.7495,0.3179,7.4922,9.9559,0.2861,6.8868,6.3325,73.2415,18.9263,32.1442,1,1,0,0
0.2517,11.6871,6.7141,0.3287,8.9581,5.8616,0.1153,13.9957,1.3842,83.0607,14.224,5.0147,0,0,1,1
0.3036,9.3299,9.6716,0.0762,39.9977,8.6694,0.312,10.6426,0.9547,52.6112,8.4961,11.2497,0,0,1,1
0.1249,13.8859,6.352,0.2311,38.7398,8.6273,0.2043,13.5797,1.307,62.0406,6.5773,34.3631,0,0,1,1
0.3184,2.4082,5.9908,0.1867,5.9448,9.691,0.1018,7.3173,6.4888,38.2407,28.0938,34.0089,1,0,1,0
0.0331,14.2136,9.6076,0.3379,35.2174,9.1783,0.2373,12.9415,5.0627,106.5507,34.1069,4.7259,0,0,1,1
0.2645,12.2948,8.4265,0.1137,6.5566,7.2029,0.2022,5.5557,1.1458,87.7486,16.6139,2.4241,0,0,1,1
0.0235,7.9133,0.3907,0.1722,16.1414,9.8684,0.172,10.4765,2.5539,115.8657,6.8355,18.7137,1,0,0,1
0.1263,7.3591,1.1565,0.2319,27.4713,3.6623,0.176,13.709,5.1166,47.5397,21.219,31.0361,1,1,0,1
0.1381,8.6915,8.6337,0.2723,25.3111,7.2494,0.2667,6.915,1.5595,85.9459,22.1986,32.4656,0,0,1,1
0.2797,9.6681,8.1022,0.0463,39.0009,1.4858,0.0722,10.424,7.9026,105.5024,15.1173,19.4484,1,0,0,1
0.2331,1.3634,1.4231,0.3094,16.4029,2.6681,0.0702,2.7004,0.5919,99.1096,7.7184,3.4953,0,0,1,1
0.3105,11.6595,2.0143,0.2154,5.0679,2.6759,0.0487,12.1127,6.4896,108.0157,4.1847,13.2018,1,1,0,1
0.342,1.2259,2.0042,0.0356,39.8719,3.1613,0.2269,12.8588,4.9091,35.9953,45.4772,44.8569,1,0,1,0
0.1219,8.4213,0.547,0.0238,31.5613,3.4628,0.0284,5.7356,7.6728,115.4843,39.4483,20.5232,1,0,0,1
0.163,5.3013,2.2727,0.3044,23.8757,9.1814,0.0758,5.2465,3.5299,47.297,40.2064,14.5547,1,0,1,1
0.1864,7.6998,0.4695,0.2913,14.6135,3.9036,0.0485,13.7535,6.2982,83.3754,33.8208,25.0133,1,1,0,0
0.2498,11.3947,6.9428,0.123,39.2809,2.2134,0.161,7.962,1.3283,82.4616,45.7292,23.2746,0,0,1,1
0.2427,8.6279,4.186,0.2082,35.1378,4.6722,0.1641,9.5834,5.3035,37.7227,40.1899,39.3431,1,1,1,1
0.3004,12.3108,6.2288,0.1532,29.8939,1.6477,0.2194,11.6757,5.2267,69.6137,23.5901,18.0167,1,1,0,1
0.1043,10.9977,8.3675,0.3316,33.1683,0.8572,0.1739,7.6993,5.7489,40.0708,13.6724,16.1012,0,0,1,1
0.2598,5.8884,9.2145,0.1095,39.4674,8.1403,0.2468,11.1024,2.7548,109.5636,30.0985,13.1186,0,0,1,1
0.3192,7.3626,6.8306,0.22,5.407,9.5878,0.0406,8.6727,1.683,79.365,42.526,33.637,0,0,1,0
0.042,6.2703,1.7086,0.1453,20.0172,6.2128,0.049,5.2461,0.7017,55.4947,9.9524,38.8775,0,0,1,0
0.1495,9.8226,5.2481,0.2416,28.8385,8.1305,0.1659,12.9552,3.0709,48.7322,6.6249,41.5363,1,1,0,0
0.2709,13.5783,7.0849,0.1588,20.9844,6.4048,0.0794,6.6303,4.5632,33.7437,3.6887,18.4206,0,0,0,1
0.2691,13.1835,5.9322,0.1751,11.0777,7.6423,0.0705,5.1786,3.2168,88.994,21.617,10.0348,0,0,1,1
0.2237,12.8163,2.1215,0.2556,12.9384,4.5632,0.2511,8.6485,5.967,64.5625,15.7719,34.3348,1,1,0,0
0.2957,11.232,1.2969,0.2613,20.7598,6.1413,0.3495,6.1374,2.8482,75.3247,5.5965,19.9565,1,0,1,1
0.1062,2.4087,5.7618,0.1531,33.9515,5.7562,0.2007,11.19,3.2942,85.4537,11.7401,17.192,0,0,1,1
0.3357,9.5171,2.7567,0.102,36.8115,6.6289,0.1431,8.4673,1.8627,54.6748,9.2042,15.4696,1,0,1,1
0.3044,10.9417,6.2707,0.1135,32.1616,2.4059,0.2877,13.0322,3.8032,71.1257,48.7352,17.8003,1,0,1,1
0.2149,7.5884,1.186,0.2466,23.4383,3.0622,0.3361,6.2407,1.8224,118.6293,49.4061,1.7858,0,0,1,1
0.1544,14.2921,6.9825,0.2176,9.816,1.1838,0.2076,2.8702,3.2559,66.9834,8.7836,8.0046,0,1,0,1
0.0892,5.4744,4.8577,0.0904,38.054,9.37,0.2919,5.3524,0.7828,82.2278,38.5515,33.5337,0,0,1,1
0.2469,13.9986,6.9874,0.0838,27.6651,0.6264,0.1466,9.8699,3.0464,104.5758,22.0429,33.3107,1,1,1,1
0.1993,9.4618,9.1916,0.2281,7.9439,8.8473,0.271,11.4766,3.4664,97.2988,7.3112,33.6557,0,0,1,0
0.3496,12.3053,2.4321,0.3217,36.0246,9.5194,0.2827,4.6796,7.4614,77.5886,42.1763,27.5388,1,0,1,1
0.1028,11.9215,7.8196,0.207,14.5184,2.4472,0.0701,11.3751,1.4264,32.0004,33.9854,1.6421,0,0,1,1
0.1779,11.097,0.6042,0.2573,34.8353,4.0404,0.0822,5.742,6.1621,31.5854,27.8781,3.7666,1,0,1,1
0.3131,1.517,6.3803,0.2711,35.8677,5.2465,0.3218,5.2606,4.6524,73.754,12.1638,41.0991,1,1,0,0
0.0331,4.033,2.7098,0.119,31.0646,3.8762,0.3046,10.0804,3.3013,116.9887,48.4963,39.1454,0,0,1,0
0.2435,12.7469,8.3105,0.065,31.7846,4.3952,0.3013,9.6848,2.2485,78.1196,16.639,18.429,0,0,1,1
0.2234,3.7422,6.4502,0.1272,34.3014,3.6731,0.2227,5.3481,1.1034,103.6044,37.8147,9.7225,0,0,1,1
0.2955,4.9495,2.4986,0.1042,9.6166,7.9702,0.3198,10.6089,5.5124,34.7013,43.3948,3.7703,1,0,1,1
0.2471,13.8229,6.086,0.0739,16.9369,9.1953,0.0506,4.3107,2.6906,106.752,11.1948,15.5784,0,0,1,1
0.0897,14.7139,0.5073,0.3405,28.8182,1.1075,0.0607,13.2454,7.6059,86.6939,28.8883,20.2921,1,1,0,1
0.2743,1.3256,6.8596,0.0437,37.048,7.2679,0.2704,4.3246,0.6906,95.8709,8.6801,14.5981,0,0,1,1
0.2298,1.2336,2.3496,0.2034,7.0325,4.41,0.2324,2.5883,4.4139,70.2776,13.7801,33.2441,1,0,1,0
0.0289,10.4438,0.4685,0.2195,27.5208,8.7791,0.2255,7.1647,4.0214,116.8273,3.0181,42.9534,1,0,0,0
0.121,13.1142,1.8681,0.2902,6.6031,4.426,0.2561,9.9743,1.1532,48.992,28.4995,9.628,0,0,1,1
0.3017,6.6235,1.8617,0.1749,35.7547,7.8555,0.2915,10.1024,6.2155,80.4623,12.5282,21.0081,1,0,0,1
0.3099,13.0368,8.7641,0.244,24.9307,4.0976,0.2613,9.7993,6.4115,119.2249,45.8041,26.9222,1,1,1,1
0.0304,1.437,0.5279,0.245,30.7239,8.9193,0.1181,12.8461,5.0869,113.0738,18.8312,2.9797,1,0,1,1
0.315,6.3612,5.2428,0.1656,11.8944,9.4798,0.2432,12.3097,6.7263,92.2617,10.9122,35.5373,1,0,0,0
0.1843,2.6097,3.6192,0.2207,19.4915,6.4764,0.301,7.4145,6.0742,103.3792,27.4113,2.2695,0,0,1,1
0.0791,4.0568,4.8332,0.0267,12.3575,7.3308,0.2507,12.0356,4.399,97.4212,23.7653,35.4774,0,0,1,0
0.2667,5.1069,0.6549,0.2782,5.7215,6.378,0.2522,12.2095,3.9392,90.5346,17.2701,21.8184,1,1,1,0
0.3335,5.9266,3.3966,0.179,20.1931,7.7703,0.2411,4.46,5.6333,110.8769,30.3682,8.3552,1,0,1,1
0.3458,7.8255,9.6828,0.0534,15.7736,8.5923,0.0242,3.4767,5.8929,38.9669,24.2121,4.5203,0,0,1,1
0.2816,13.6883,4.5751,0.3345,31.6047,4.3319,0.103,5.0329,2.8752,111.221,32.3218,36.9282,1,1,1,1
0.1165,10.4287,5.9285,0.046,25.3405,4.5704,0.1166,5.8414,1.5622,95.1051,45.9189,11.9204,0,0,1,1
0.3006,4.1738,7.8579,0.1833,22.4274,2.1111,0.2966,6.4558,3.1689,48.6833,37.6983,7.9216,0,0,1,1
0.2563,2.4969,5.4153,0.2053,24.1033,1.6051,0.2668,7.1978,3.1986,113.2839,47.761,10.7824,0,0,1,1
0.1228,11.5573,1.4427,0.0712,38.4375,5.6399,0.0289,10.5314,5.3697,112.5265,47.7102,28.0546,1,0,0,1
0.0345,4.5395,9.6991,0.1865,10.2666,2.2419,0.1054,4.0001,7.0412,99.0893,19.6302,6.3533,0,1,0,1
0.2563,4.1803,9.1529,0.2011,29.577,6.7948,0.2193,10.6869,0.8929,53.5499,11.5431,30.657,1,0,1,1
0.1684,1.259,5.7647,0.1667,24.5834,4.9856,0.0957,10.7947,2.2466,57.2607,13.4562,7.8591,0,0,1,1
0.0887,7.2544,7.9742,0.0465,16.7421,6.8479,0.2277,7.0073,2.3795,73.2473,33.6885,35.3444,0,0,1,0
0.0329,5.1138,5.7079,0.1786,24.0186,1.8003,0.2155,12.2676,2.1655,43.3451,26.2842,24.6236,0,1,1,1
0.2061,12.8226,4.1616,0.1434,9.662,6.0158,0.1091,2.3773,3.9839,101.7599,33.246,43.6131,0,0,1,0
0.2383,8.9531,5.6626,0.1401,33.8671,2.6115,0.0925,13.7524,0.7331,77.0022,22.8563,41.797,1,1,1,1
0.142,11.2301,5.7078,0.096,25.0683,1.5283,0.106,2.1774,5.7134,101.5195,13.3861,18.3149,0,0,0,1
0.1564,10.5529,9.9065,0.2293,26.9231,1.758,0.241,3.3669,3.6582,109.8917,13.0264,10.02,0,0,1,1
0.309,11.032,9.1336,0.2899,24.8928,1.1942,0.1559,9.552,7.5893,72.6141,4.2408,26.6414,1,1,0,1
0.2342,10.9217,8.1443,0.2862,10.0641,7.5007,0.0938,9.4176,4.7936,68.1763,5.8023,19.6486,1,1,0,1
0.1616,5.172,5.0947,0.059,15.0251,1.7658,0.2927,14.9842,2.7671,49.3508,33.3234,38.2593,1,1,1,0
0.2131,8.8575,4.1525,0.1982,20.9662,9.5516,0.1773,6.2439,2.0457,79.06,36.3995,29.7008,1,0,1,1
0.115,14.1438,1.1499,0.0784,24.2285,7.0258,0.2818,4.6561,3.6189,83.5083,26.3951,4.5268,0,0,1,1
0.2731,7.2764,2.4298,0.1696,22.5426,4.4686,0.3038,7.972,5.6458,64.9086,4.3019,40.42,1,0,0,0
0.0521,6.4378,3.7651,0.2498,13.8815,4.8699,0.1114,9.8939,6.3919,87.7003,18.4592,39.0366,0,1,0,0
0.2278,6.2811,7.9759,0.2972,7.4685,2.748,0.2909,7.0912,7.7152,113.1799,34.7258,36.7549,0,1,1,0
0.0666,7.2104,4.3065,0.1444,14.6598,6.1083,0.2461,7.1124,3.7224,71.7785,27.9858,14.2545,0,0,1,1
0.3074,4.6093,9.354,0.2018,23.3147,9.1918,0.3014,5.2952,1.6406,66.6455,30.7585,32.8538,0,0,1,0
0.3105,13.1025,9.2936,0.1735,21.2143,0.4227,0.0807,4.1253,1.9588,85.4993,21.4237,36.5494,1,1,0,0
0.3251,8.124,4.8696,0.3054,25.0768,7.9358,0.1324,2.0283,6.8541,62.9545,38.5925,21.7827,1,0,1,1
0.3175,12.5308,6.7203,0.0935,24.4324,3.7333,0.2823,9.4054,7.6404,63.1451,18.0219,29.8105,1,1,0,1
0.2897,11.5452,4.6815,0.2189,5.0283,3.9093,0.1048,10.0208,1.0515,51.6323,20.0291,3.8167,0,0,1,1
0.1069,9.6432,8.2797,0.3454,10.6971,1.2589,0.0531,11.9243,4.2431,66.1809,37.5858,20.0528,0,1,1,1
0.2423,13.1349,2.1116,0.3245,14.9801,4.8217,0.3332,9.7636,2.1189,35.0103,29.6852,33.807,1,1,1,0
0.2254,11.9283,5.218,0.0373,36.5957,7.4052,0.2603,12.1567,5.8631,73.2406,7.4598,18.2075,1,0,0,1
0.3076,6.5367,8.9266,0.3098,14.0891,6.3301,0.0541,2.4741,1.2589,60.4019,47.4261,15.3799,0,0,1,1
0.1278,10.9288,5.2795,0.1299,18.2675,1.6591,0.2737,13.4084,2.1707,98.2302,20.3185,7.874,0,0,1,1
0.3196,2.291,9.5984,0.0406,31.3116,7.5362,0.0449,13.0555,7.0356,103.9069,17.8985,40.2671,1,0,0,0
0.1996,2.1868,7.863,0.0543,12.0197,2.3482,0.0296,2.6244,1.2752,101.999,22.0677,14.6501,0,0,1,0
0.1937,1.9367,9.6719,0.0865,25.1897,1.885,0.0253,3.9428,1.5829,54.9677,39.0164,18.3534,0,0,1,1
0.2429,1.5514,8.7317,0.2442,28.1627,1.1931,0.2081,2.6607,5.9106,46.6694,6.0839,20.7715,0,0,0,1
0.0777,11.7299,8.1275,0.2725,29.3297,2.6644,0.0815,13.641,2.0545,92.3097,30.9763,25.709,0,1,1,1
0.1834,9.0637,7.7827,0.0301,18.8169,4.8626,0.1999,7.8061,1.8279,31.6129,40.2107,17.4574,0,0,1,1
0.0305,14.738,6.2051,0.1605,10.5179,4.526,0.3453,2.292,7.3058,34.9961,12.7625,7.9361,0,0,0,1
0.1474,13.949,6.7376,0.2269,15.272,5.8182,0.2219,7.3128,7.6921,90.203,43.2896,19.8148,0,0,1,1
0.2932,1.6947,6.6859,0.2762,31.9066,7.0644,0.0231,12.5164,5.7686,40.6072,25.9708,15.0317,1,0,1,1
0.0771,8.0563,6.2682,0.0338,28.1161,1.6716,0.0734,8.0155,5.0558,78.2602,26.2863,33.878,0,0,0,1
0.0796,7.1184,8.9265,0.0319,16.734,4.7181,0.2232,8.9734,3.4833,73.7476,24.4769,7.0394,0,0,1,1
0.2013,3.0078,5.1826,0.109,34.857,7.1395,0.0202,10.962,5.7051,76.754,10.5351,43.6765,1,0,0,0
0.3344,9.102,2.5925,0.2791,28.307,9.4917,0.0308,13.2873,5.6708,51.2633,24.6707,20.5193,1,0,1,1
0.2399,14.5506,1.006,0.1516,15.3777,4.7803,0.3151,6.0894,2.0128,91.632,27.2968,43.7099,1,0,1,0
0.0922,7.4642,7.6609,0.223,37.1821,4.2781,0.2817,3.759,3.0054,115.1425,8.7366,24.7348,0,0,1,1
0.1754,1.796,4.9621,0.2225,28.0415,0.9386,0.168,2.1011,7.2476,100.9119,14.5002,23.689,1,1,0,1
0.2298,4.2641,5.4628,0.2701,7.3697,3.4858,0.2238,2.6938,6.7191,60.7741,11.7604,41.304,1,1,0,0
0.0953,5.0772,7.5598,0.0213,30.8704,1.9418,0.3023,9.3765,5.527,108.527,32.9204,21.2525,0,0,1,1
0.0713,6.4591,1.901,0.0691,15.8385,6.8584,0.1917,14.4239,1.6173,65.5406,18.52,29.9254,1,0,1,0
0.309,4.1134,8.8767,0.3009,27.4325,0.8363,0.3156,9.9679,3.8885,99.7396,27.8261,30.9305,1,1,1,1
0.1892,8.7887,6.5217,0.1285,29.7498,8.167,0.1092,2.2089,1.7076,53.5406,48.1608,25.8741,0,0,1,1
0.1527,10.0145,2.5499,0.0255,19.2672,7.6169,0.2052,7.3009,1.1035,70.0202,38.4031,3.3429,0,0,1,1
0.1104,4.5707,7.6584,0.1296,6.4509,8.5798,0.1725,4.4135,4.561,33.3845,32.3288,3.2417,0,0,1,1
0.2897,8.1309,0.9391,0.1107,18.359,2.9442,0.0924,5.9496,5.4732,44.0302,32.1284,20.2126,1,1,0,1
0.203,2.2362,5.463,0.2073,6.464,7.1884,0.2781,9.9803,2.9312,108.0015,14.3312,17.9342,0,0,1,0
0.2073,9.4067,1.3086,0.0765,28.5171,1.269,0.2314,6.7796,6.2512,81.2001,24.9564,16.0381,1,0,1,1
0.3316,5.7831,9.3572,0.3383,32.4646,4.9168,0.0237,8.7997,6.1447,52.7425,11.0282,24.1416,1,1,0,1
0.1349,9.2549,4.1112,0.2857,8.989,6.6381,0.1176,11.211,5.5431,100.9514,48.4173,33.8009,1,1,1,0
0.1248,12.1127,5.9616,0.2776,16.8869,6.728,0.2728,3.6262,7.6072,114.0602,8.5363,18.6481,0,0,0,1
0.0649,12.5605,8.503,0.2108,6.0909,2.2448,0.285,10.9061,2.8187,48.0456,21.9876,15.5868,0,1,1,1
0.1008,13.0981,2.04,0.2146,6.07,5.2422,0.203,14.9549,1.1931,37.5603,26.8648,35.7554,1,1,1,0
0.3299,5.5966,5.2041,0.3351,12.7096,4.222,0.2186,13.9626,4.8705,95.6831,39.6884,20.5005,1,1,1,0
0.1938,1.7508,9.9344,0.3453,12.9197,4.2566,0.1052,6.9718,6.9311,116.2235,10.4477,18.2595,0,1,0,0
0.1803,6.5136,1.8299,0.2924,34.2368,7.6817,0.1568,7.192,4.6303,111.0172,17.2458,39.2978,1,0,1,1
0.3226,2.7394,8.7161,0.3206,29.0855,0.6849,0.3208,12.2631,7.9947,93.1244,43.5509,26.6108,1,1,1,1
0.2315,7.8166,7.8089,0.1159,32.5575,3.9461,0.175,13.5057,7.239,105.3145,4.0479,26.3772,1,0,0,1
0.137,3.6447,1.1209,0.1974,16.5864,7.8796,0.0462,11.3103,1.4889,55.6038,30.1938,9.7102,1,0,1,1
0.2028,10.7429,0.9279,0.1918,30.8843,8.6491,0.0298,10.5158,7.3158,107.8942,9.4775,19.1207,1,0,0,1
0.1734,4.446,1.9025,0.2882,9.0225,6.4838,0.1178,14.354,0.6616,79.2482,2.9862,42.9638,1,1,0,0
0.3127,10.2314,9.7678,0.2495,35.9081,5.1445,0.1157,7.2562,4.5424,96.1804,24.8494,8.3189,0,0,1,1
0.3138,10.5031,6.0112,0.2804,21.4415,8.5863,0.2713,5.5785,3.3363,46.0642,37.6359,3.6091,0,0,1,1
0.1689,3.0052,2.5196,0.0623,14.0747,0.68,0.1433,6.5738,0.5273,113.1425,47.5398,37.5527,1,1,1,0
0.226,4.1968,0.6183,0.0623,15.6132,9.7088,0.2893,2.552,7.8393,109.7832,34.1206,25.541,1,0,1,0
0.2125,4.6364,9.4361,0.3283,13.6038,4.8858,0.0238,8.1387,4.9235,43.6012,42.3688,2.978,0,0,1,1
0.2071,9.3794,5.8141,0.0951,19.476,1.4796,0.3444,10.1846,3.2216,50.6639,13.2756,16.9824,0,0,1,1
0.223,13.4418,2.0355,0.3028,20.3353,7.2277,0.2227,12.2732,3.6088,103.736,34.647,23.1965,1,1,1,1
0.2241,1.6759,1.0953,0.188,39.7115,6.0652,0.3065,10.5829,6.9459,110.7436,5.166,41.5049,1,0,0,0
0.0815,7.4218,2.7288,0.0341,14.6425,0.7291,0.3287,11.737,3.214,57.5452,18.9863,36.6024,0,1,1,0
0.0585,2.2133,8.6994,0.0543,7.2006,9.0102,0.2118,12.3546,2.1869,50.43,17.8126,28.8769,0,0,1,0
0.0577,8.2326,5.2941,0.2723,29.5672,2.7937,0.0872,6.0075,4.0106,81.1196,23.1959,27.2332,0,0,1,1
0.2485,11.9199,3.851,0.0947,18.5239,4.023,0.054,11.9809,5.3378,73.5806,12.2604,23.4039,1,0,0,1
0.0383,8.8742,9.8267,0.0277,28.2524,7.2758,0.2762,9.7244,4.8915,111.2989,12.9267,27.2981,0,0,0,1
0.0952,1.3537,3.7435,0.1213,25.088,3.5444,0.057,14.4543,4.6902,76.1987,26.251,24.2052,1,1,0,1
0.0321,12.1536,2.0853,0.1364,11.0238,7.7761,0.3492,4.6136,5.5919,73.1297,13.1825,8.6874,0,0,1,1
0.0288,7.2147,6.3583,0.2597,21.9172,1.9212,0.1813,12.9742,5.2403,32.8181,8.871,31.2521,0,1,0,0
0.1335,3.3709,7.2124,0.1238,38.3512,4.9602,0.2488,10.9485,1.2569,47.3723,25.5912,17.9844,0,0,1,1
0.0996,12.0491,2.223,0.3487,6.311,8.6659,0.0396,4.1374,4.7159,80.3804,44.2901,29.9882,1,1,0,0
0.0364,14.2794,1.9446,0.1531,26.7856,2.4812,0.2626,3.099,3.6371,57.2198,8.2969,6.3285,0,0,0,1
0.1137,10.4729,9.6698,0.0393,11.49,0.9644,0.1865,13.1307,7.8419,36.4939,19.877,21.879,0,1,0,1
0.027,12.5096,8.9789,0.0417,35.5574,8.2244,0.0505,5.8416,0.9169,107.4828,35.312,27.0037,0,0,1,1
0.309,14.0105,8.2807,0.2018,17.4545,5.0883,0.188,5.4836,7.3079,115.923,26.2232,6.6252,0,0,1,1
0.2164,1.2817,0.7371,0.1534,14.9742,5.9691,0.336,12.7158,7.1698,37.774,22.3102,38.0679,1,0,1,0
0.2802,4.2172,3.4316,0.1745,20.3476,4.7724,0.0735,3.7228,2.4597,114.2049,21.9953,15.6065,1,0,1,1
0.023,2.0993,3.3466,0.177,39.738,1.5145,0.3172,13.6997,7.7566,87.7043,7.1625,19.9577,0,0,0,1
0.1153,14.7671,7.6174,0.3027,31.655,8.3688,0.0491,10.2742,5.1672,46.4963,23.0645,36.3561,0,0,1,1
0.3138,6.8303,7.7739,0.206,16.1614,0.4618,0.299,13.0037,7.7821,114.8023,13.2063,4.5749,1,1,0,1
0.2749,13.605,7.9626,0.1708,24.0271,8.0654,0.0354,13.9284,1.2611,98.7576,18.9978,35.1069,1,0,1,1
0.0257,11.3012,2.1342,0.0461,8.7671,9.5908,0.2707,6.3733,1.1789,113.0067,44.4094,14.7191,0,0,1,1
0.1231,7.6353,1.6306,0.1686,22.4799,1.9075,0.2557,2.2444,4.3118,101.8537,48.5558,1.3664,0,0,1,1
0.2357,12.5952,0.6876,0.2041,30.7,5.6994,0.2619,14.8454,1.3335,57.3545,20.5882,42.3775,1,1,1,1
0.294,11.9652,7.0201,0.0202,36.0181,7.3021,0.0587,11.315,5.53,84.0366,17.6368,39.5034,1,0,0,1
0.164,4.8298,7.6127,0.3446,6.3295,4.8905,0.2109,2.0253,7.2444,98.6722,14.1012,10.8196,0,1,0,1
0.2048,3.0781,6.7363,0.1699,35.5972,4.4762,0.1151,14.8053,7.0252,57.2759,9.1923,25.4341,1,0,0,1
0.0549,2.9671,1.6831,0.1376,16.8981,8.4346,0.0239,3.306,6.8906,47.1269,17.7317,19.6189,1,0,0,1
0.0256,3.4587,8.3586,0.1571,29.7618,9.9271,0.2591,2.1661,7.117,34.9827,28.1205,2.7569,0,0,1,1
0.1369,11.7058,3.8732,0.0901,24.2114,6.3038,0.0605,14.1945,0.7884,39.0683,6.6107,7.8029,0,0,1,1
0.3057,10.4244,1.1071,0.0735,28.0965,9.3644,0.2941,7.438,3.194,39.9195,44.4317,41.7319,1,0,1,0
0.1359,11.1864,7.3691,0.1896,29.1977,9.0236,0.0787,13.3139,4.0125,87.716,4.1306,35.1906,0,0,0,1
0.1412,10.9353,8.5956,0.1781,28.4556,3.9581,0.0334,11.9651,5.8629,99.5706,36.4276,30.3878,1,1,0,1
0.0612,10.445,2.7802,0.0622,7.0546,6.4864,0.1338,6.9615,1.0665,58.9238,39.7463,36.1008,0,0,1,0
0.0556,9.2728,7.3051,0.23,16.763,5.0153,0.2323,3.3691,2.7918,69.615,20.8308,18.1279,0,0,1,1
0.0955,3.4903,6.1514,0.3252,13.0022,4.64,0.1366,10.4126,4.5195,34.6778,28.785,29.0109,0,1,1,0
0.3321,7.558,1.0571,0.0918,39.3475,4.7489,0.0756,8.8893,2.3109,103.6363,32.8654,22.6095,1,0,1,1
0.2737,9.0293,1.5104,0.2506,35.2802,3.0324,0.2637,6.2902,3.4366,90.5307,5.6482,5.4625,1,0,0,1
0.172,3.0105,5.4323,0.2833,37.0201,8.3311,0.1546,12.031,4.3891,96.1029,45.2304,20.5275,1,0,1,1
0.0326,3.484,3.905,0.1358,17.9604,7.9775,0.0861,5.4062,2.8595,64.4638,14.8537,1.9721,0,0,1,1
0.102,11.4252,7.04,0.1394,15.621,6.5049,0.1926,2.3879,5.987,81.6452,16.4608,18.4845,0,0,1,1
0.0231,4.818,9.1815,0.2565,13.3638,3.0403,0.2672,9.2288,2.7499,98.8186,28.4284,34.884,0,1,1,0
0.1683,12.6455,5.808,0.2491,35.8937,9.8509,0.0403,8.8519,6.1355,100.7434,27.5247,43.2203,1,1,0,1
0.2051,4.4597,5.8685,0.294,8.4315,4.4471,0.0405,9.3297,4.1781,33.2272,39.6481,9.3629,1,1,0,1
0.2592,12.2101,1.7181,0.0622,31.0674,1.5272,0.3361,14.2636,5.6998,49.9864,9.9701,21.571,1,0,0,1
0.0842,13.1558,1.6688,0.1678,16.9829,7.5659,0.164,10.5972,5.1218,82.3737,8.7124,14.544,1,0,0,1
0.108,7.2892,8.5721,0.3344,19.6091,7.5969,0.0875,4.0952,4.169,103.8848,29.3859,24.0276,0,0,1,1
0.2008,4.3159,8.0315,0.0301,17.7171,8.343,0.1489,4.4911,6.845,33.0965,13.8208,28.6694,0,0,0,0
0.0891,8.394,8.6887,0.0965,12.8966,8.8494,0.1455,5.3058,4.5333,53.4585,27.0674,28.1973,0,0,1,0
0.0636,12.7971,0.4356,0.1848,23.281,3.9776,0.0498,10.7571,4.3479,93.4991,16.8027,7.7319,1,0,0,1
0.2926,14.6587,1.1386,0.0792,5.4029,4.8436,0.0777,5.2491,1.7948,84.9614,41.3058,22.3573,1,0,1,0
0.2077,1.0568,7.5974,0.2436,16.0034,2.8385,0.2765,14.3132,6.2671,89.5666,17.8405,30.2703,1,1,0,0
0.1274,10.2227,1.7543,0.1353,8.4253,0.5655,0.081,8.0057,5.4288,32.106,2.6815,31.8713,1,1,0,0
0.0966,3.8666,8.7892,0.1828,33.8515,9.1336,0.124,7.9378,6.8971,76.4756,16.5479,33.2525,0,0,0,1
0.15,8.6888,1.5115,0.1245,10.3207,2.9312,0.2007,8.4997,1.3652,65.4381,18.3586,27.9102,1,0,1,0
0.1483,8.0453,3.8104,0.2203,30.2772,5.9616,0.0425,10.1379,1.9576,35.7525,36.6836,9.5556,0,0,1,1
0.124,2.656,9.7467,0.2146,32.0376,1.1064,0.2609,12.5803,4.2023,83.5636,31.5456,35.6014,0,1,1,0
0.2042,3.669,9.5157,0.2634,14.1249,0.9727,0.1709,8.9389,1.1048,54.8094,42.3082,17.6076,0,1,1,1
0.059,9.283,1.1834,0.1099,19.4981,9.7486,0.3203,7.6552,3.3875,34.6623,9.0508,17.1118,0,0,1,1
0.227,12.3214,8.8624,0.157,32.3991,5.8758,0.1073,3.3605,3.8779,52.1307,47.0279,25.8172,0,0,1,1
0.3447,11.0181,4.741,0.2938,12.9974,7.8639,0.1063,4.2826,0.9083,107.0527,22.8937,20.3378,1,0,1,1
0.2387,5.4564,1.9945,0.0719,26.0767,3.6024,0.1938,8.0731,2.0067,90.235,20.0494,40.1082,1,0,1,0
0.0645,8.6815,1.0204,0.2993,14.6364,0.8907,0.0953,11.1237,4.9196,34.5268,40.6221,36.7918,1,1,0,0
0.0748,2.88,9.89,0.1626,20.9437,8.9037,0.2238,9.9641,4.1919,117.3839,33.9647,35.5343,0,0,1,0
0.1609,7.295,3.3572,0.1615,15.9278,5.6682,0.3415,14.447,4.2654,77.7827,42.151,38.7889,1,0,1,0
0.1669,7.001,7.8687,0.1822,20.8332,9.4881,0.0374,10.8175,3.437,64.729,30.8072,27.8874,0,0,1,0
0.2541,12.845,2.7382,0.2335,20.4898,7.0695,0.102,4.9873,5.4643,105.5171,7.0501,29.3185,1,0,0,1
0.3244,4.3237,0.6771,0.2064,26.8366,6.4525,0.066,3.4561,7.8203,52.6127,3.7433,43.6504,1,0,0,0
0.0641,4.3246,5.5513,0.2519,13.1076,5.2215,0.2992,13.0522,3.5433,39.0083,33.1554,14.2932,0,0,1,1
0.2071,12.843,9.2179,0.1452,38.2988,8.0262,0.1607,12.1098,7.8982,51.231,28.2919,14.167,0,0,1,1
0.2773,14.45,7.0805,0.0749,39.1077,7.0923,0.0936,10.2585,6.6367,47.1512,5.3856,17.7049,0,0,0,1
0.2614,6.1476,1.611,0.0931,29.4035,3.5135,0.0846,6.3255,2.6161,36.6271,44.1701,7.4787,1,0,1,1
0.1691,1.4217,4.4436,0.1406,26.2181,9.0095,0.1387,2.4677,2.7026,67.2535,43.8082,27.0314,1,0,1,1
0.2859,9.8725,8.2195,0.1873,5.8705,8.9929,0.2,3.8025,1.7259,88.7485,2.9725,7.6847,0,0,0,1
0.2019,4.067,4.0363,0.3037,32.2721,8.5329,0.1496,12.666,3.3973,96.9466,21.159,3.5818,0,0,1,1
0.3216,3.3016,0.6431,0.2239,20.3431,1.6131,0.2655,10.707,1.2174,56.1052,48.5085,37.2575,1,1,1,0
0.2487,13.8079,6.6463,0.2552,15.197,3.8149,0.178,3.2133,1.1572,63.7216,12.2177,39.9473,1,1,1,0
0.2311,4.2671,7.2436,0.0671,17.01,2.9392,0.176,7.6716,3.2908,87.436,45.6996,10.5246,0,0,1,1
0.038,5.0835,0.5046,0.0365,35.8208,6.9734,0.3242,8.6442,2.1437,46.6379,15.3038,36.0895,1,0,1,1
0.0233,5.4257,6.4236,0.2877,35.9014,5.5381,0.335,14.7706,7.3367,99.7804,27.6455,44.387,0,1,1,0
0.2175,3.5402,6.0314,0.0529,6.7451,9.6927,0.1785,12.9668,7.7116,111.9953,39.1971,8.7422,0,0,1,1
0.3129,11.2281,9.6385,0.2591,37.3533,3.3833,0.3094,7.5161,0.9372,80.1225,30.6442,4.7096,0,0,1,1
0.1565,3.7244,5.2071,0.0263,6.943,6.7162,0.3124,13.5774,5.1191,70.155,2.589,27.686,0,0,0,0
0.0337,5.2036,2.6958,0.0669,20.7867,6.6106,0.0314,6.2629,7.2613,68.1133,30.1408,36.209,0,0,0,0
0.2909,3.2234,0.8666,0.1139,36.203,1.6901,0.1315,11.1878,1.9808,78.162,40.4323,28.7263,1,0,1,1
0.2659,12.9712,4.8801,0.0379,29.5936,5.3088,0.3168,5.0814,3.8372,45.717,32.3296,10.4819,0,0,1,1
0.2413,2.7448,8.4168,0.2061,31.8839,8.3879,0.2934,7.9091,5.8127,49.2653,2.3744,11.5008,0,0,0,1
0.1584,14.5497,6.031,0.2267,39.5146,0.7457,0.3217,9.2221,3.0255,77.6631,4.4132,13.9718,0,0,0,1
0.0301,10.6104,5.5707,0.2247,20.764,2.5201,0.2701,7.7869,5.2212,115.3946,23.1614,24.8654,0,1,1,1
0.0763,7.2625,8.1293,0.2985,32.2866,2.8534,0.2843,5.8027,3.8522,75.4917,15.4496,7.0282,0,0,1,1
0.0796,11.8366,1.0465,0.335,9.5705,3.4269,0.0758,11.0341,7.7722,99.8802,6.8321,42.0734,1,1,0,0
0.0491,7.1846,4.6436,0.1695,25.9964,4.6262,0.0244,4.0674,0.7175,94.7145,22.8556,28.3708,0,0,1,1
0.2309,7.6833,2.1242,0.3109,20.1344,5.9356,0.2895,11.0987,3.1649,92.5548,31.4529,6.8801,1,0,1,1
0.208,4.9684,4.4967,0.297,32.2117,1.2994,0.1873,14.431,3.7957,43.1252,43.4379,24.2457,1,1,1,1
0.1961,5.7018,3.2009,0.2878,27.3325,7.217,0.2065,8.1604,6.1387,114.9048,47.9563,20.6971,1,0,1,1
0.2282,11.8523,2.359,0.268,29.0432,9.1558,0.2518,12.8278,7.8454,38.2112,46.2176,44.1504,1,1,1,0
0.2252,5.8816,8.8799,0.3212,37.1091,4.0406,0.2919,11.4431,5.0897,69.0923,15.4612,9.2554,0,0,1,1
0.3341,11.8056,6.8651,0.2338,13.8106,2.3836,0.2907,10.0932,3.3253,42.647,27.2425,9.5779,0,0,1,1
0.0338,10.8623,9.9857,0.2743,37.4163,6.2646,0.3061,11.5988,6.8538,47.3945,28.1903,9.6202,0,0,1,1
0.0214,6.9559,9.186,0.3302,33.8811,6.432,0.028,11.9386,1.7702,101.6153,19.8226,25.3704,0,0,1,1
0.0396,6.1899,2.2012,0.1753,14.0844,7.2532,0.1732,6.5281,5.8513,113.2869,6.0244,41.255,0,0,0,0
0.2015,8.0727,7.1547,0.2988,13.9437,0.7721,0.1424,4.9079,3.8855,70.7752,26.8894,19.2312,0,1,1,1
0.1173,10.5113,0.829,0.2045,33.012,8.9814,0.1117,10.7802,6.803,41.3253,48.7036,37.5348,1,0,1,1
0.0332,13.5539,3.1869,0.2323,35.5638,9.1488,0.0636,2.3598,1.0753,89.9372,2.3729,12.9309,0,0,0,1
0.1754,5.4403,9.7562,0.2466,10.1625,8.8129,0.1391,10.7354,2.1058,88.6565,42.7358,16.0578,0,0,1,0
0.2164,3.0112,1.1322,0.1836,10.6588,7.6492,0.1184,14.46,0.7304,92.7218,16.9118,19.6819,1,0,1,0
0.222,1.4051,7.129,0.2615,31.278,0.3168,0.2584,11.8947,2.8066,79.9789,36.7871,23.7226,1,1,1,1
0.3358,11.3225,1.9977,0.0731,15.3349,7.7623,0.2016,6.0363,4.8276,107.1826,44.3508,16.1636,1,0,1,1
0.2664,12.455,1.9536,0.063,24.3191,9.2342,0.1556,5.771,0.817,116.6477,15.4254,21.7861,1,0,1,1
0.3055,3.9795,4.9396,0.1821,31.6879,4.666,0.1414,9.4056,3.2233,55.4376,29.7602,2.2155,0,0,1,1
0.0974,8.2765,6.7226,0.2244,20.9897,6.8388,0.2521,4.5311,2.4516,108.0446,11.5647,33.5196,0,0,1,0
0.2946,3.1921,9.6264,0.1407,28.1503,0.7133,0.2594,2.3515,5.2901,90.4044,41.0885,38.5642,1,1,1,0
0.23,14.7128,8.3656,0.3062,16.5275,8.6606,0.1808,11.1032,7.1301,95.7964,2.8495,7.7727,0,0,0,1
0.0515,4.4611,0.3308,0.1091,16.0195,5.0548,0.0738,13.9101,2.1524,72.8257,32.6054,20.5683,1,0,1,0
0.2924,14.9204,0.9212,0.0736,32.0362,4.2623,0.2978,7.6931,6.3504,65.7616,19.611,21.5299,1,0,1,1
0.3487,11.2462,1.7912,0.1642,7.1936,4.5203,0.1549,3.7786,3.0672,81.2979,14.9429,3.9599,0,0,1,1
0.2126,14.1632,8.5458,0.0885,36.3192,0.9866,0.0651,5.5924,5.7077,46.8445,41.5271,34.7645,1,1,0,1
0.0413,13.1671,8.194,0.2501,20.2818,9.6462,0.0463,6.5124,3.4912,83.3195,44.8533,5.3794,0,0,1,1
0.2101,14.5914,5.1931,0.2039,37.7908,5.8468,0.1712,10.7143,4.6836,52.7844,46.8681,19.9044,0,0,1,1
0.1233,1.9526,1.6238,0.3317,13.4164,2.9662,0.2138,4.6068,6.4404,110.4197,8.3647,28.4141,1,1,0,0
0.2328,1.5288,9.5734,0.3394,39.5817,3.4863,0.1246,8.3218,5.6941,53.2988,2.0157,26.8428,0,0,0,1
0.3303,2.5749,8.2651,0.0621,23.8452,9.8327,0.2918,14.3222,7.7578,108.5579,32.1803,9.1315,1,0,1,1
0.2044,11.585,0.5897,0.3105,37.2837,8.5289,0.1379,7.7409,4.2229,56.1706,47.5405,40.5684,1,0,1,1
0.2781,8.2957,7.0956,0.1244,35.0086,5.3868,0.2174,12.6583,1.0934,53.7782,38.8622,25.5595,1,0,1,1
0.2739,14.7584,7.1416,0.1263,26.8129,0.7932,0.2577,10.236,5.5749,40.8693,7.6886,23.4314,1,1,0,1
0.2296,5.1158,3.0851,0.3354,10.956,2.1979,0.2906,10.1869,3.7439,84.2044,26.7221,7.9207,1,1,1,1
0.2609,10.0371,3.4654,0.1526,29.1186,2.4431,0.0547,14.3732,2.5184,63.912,31.2365,31.3765,1,1,0,1
0.1549,5.1196,4.5335,0.3117,12.0566,3.9553,0.2752,7.4735,2.9328,86.5598,22.9865,13.0966,0,0,1,1
0.1492,5.2559,9.4013,0.1015,35.8641,5.2717,0.0486,4.0421,3.2175,76.8042,41.4691,23.1556,0,0,1,1
0.0931,3.8143,1.2962,0.35,7.71,4.1352,0.2239,11.6487,1.6326,57.5711,5.1126,11.7055,1,1,0,0
0.0644,13.9363,2.9459,0.0943,22.2652,4.3388,0.2106,10.2727,6.0515,111.1577,48.0699,2.4195,0,0,1,1
0.1055,13.5544,9.6925,0.1023,38.7077,9.6932,0.0247,2.9414,5.3313,54.7594,29.5283,20.6351,0,0,1,1
0.3182,10.7746,4.3706,0.1159,8.2752,2.9024,0.0746,8.5592,7.9867,64.2684,11.8223,18.2199,1,1,0,1
0.1093,12.2681,9.6289,0.1719,39.3891,2.2262,0.1923,8.4654,7.0768,97.6558,8.0655,15.124,0,0,0,1
0.2492,11.044,5.13,0.1612,22.5343,8.6095,0.0348,6.0201,4.768,80.3895,9.351,43.8685,1,0,0,0
0.036,10.9019,2.365,0.0817,31.8541,3.8745,0.118,13.418,0.9471,74.9712,25.494,36.7821,0,0,1,1
0.1473,10.0955,6.4289,0.1009,23.026,0.5558,0.1112,2.1838,6.5873,69.5934,6.1237,44.118,0,1,0,0
0.1384,13.6507,4.2165,0.0574,22.493,3.2624,0.0692,13.184,3.0265,80.1198,19.8477,43.9798,1,0,0,0
0.2377,5.8027,1.0346,0.1862,16.5703,8.4243,0.0694,2.0393,3.4986,57.1724,18.9836,33.3097,1,0,1,0
0.2308,13.362,2.618,0.1412,21.7787,1.4569,0.1711,6.9356,6.9864,59.0995,36.6085,44.131,1,1,0,0
0.3178,6.0168,2.821,0.2034,19.5964,7.9151,0.0755,5.1752,1.6935,45.936,42.926,33.2377,1,0,1,0
0.1711,1.1401,3.4401,0.28,11.316,5.1018,0.0258,10.6474,1.4299,96.6834,4.9765,8.0791,0,0,1,1
0.1721,1.6662,9.0072,0.3164,39.7326,6.7908,0.0373,9.2293,5.3193,75.9905,3.9168,39.7365,1,1,0,1
0.0737,14.1212,3.1917,0.3327,26.797,6.1474,0.1132,10.3836,2.036,88.9858,35.9413,4.194,0,0,1,1
0.2277,1.9703,6.1375,0.1184,10.8584,2.6849,0.1049,7.3696,0.7369,90.6462,25.0704,14.409,0,0,1,0
0.0654,5.9322,3.6257,0.0464,20.6377,0.9148,0.2225,13.7697,1.3625,58.5134,22.5098,26.0288,0,1,1,1
0.1005,3.6412,1.6752,0.1871,5.1405,6.0168,0.0413,2.069,1.1397,77.2348,34.4059,40.1315,0,0,1,0
0.0829,14.6731,5.7651,0.1825,14.8493,6.5232,0.2102,3.9784,4.4519,76.6935,19.7525,29.6421,0,0,1,0
0.0571,2.1447,9.1068,0.0929,10.7982,3.3467,0.2728,7.7068,4.4048,47.983,2.3831,20.6619,0,0,0,0
0.0447,13.9723,4.9002,0.0733,8.7884,4.7035,0.044,5.3296,1.8126,59.8357,44.2565,41.0385,0,0,1,0
0.2667,1.8208,4.1846,0.087,28.0789,3.9385,0.1873,3.7241,4.0097,92.6212,45.9116,19.9964,1,0,1,1
0.3452,5.6938,3.7927,0.1163,38.9064,8.4697,0.1792,2.5149,1.9851,42.662,5.8633,19.9717,1,0,0,1
0.0742,4.7783,1.2315,0.3298,33.302,8.0256,0.2213,12.4708,4.4223,116.684,6.1721,10.7485,1,0,0,1
0.3204,10.5113,0.5834,0.2725,22.08,3.6193,0.1311,8.3227,2.333,83.6175,10.6263,36.774,1,1,0,0
0.3424,1.7199,3.7372,0.1042,12.9645,0.8823,0.2907,5.3075,2.4198,90.222,19.5946,25.6572,1,1,1,0
0.0796,1.1387,5.8491,0.2195,11.3474,3.3843,0.1025,6.508,6.0896,101.7342,48.7208,38.0054,0,0,1,0
0.0695,2.3814,7.505,0.3004,25.9261,5.8195,0.0234,3.551,7.9343,84.0259,48.2032,15.3649,0,0,1,1
0.2314,3.0678,5.489,0.0222,5.6803,7.217,0.2718,6.8088,5.341,38.4436,22.6472,30.0567,0,0,1,0
0.2725,6.3,4.0528,0.2633,7.7656,7.4558,0.3273,3.7018,2.2279,107.7136,48.5871,34.9392,0,0,1,0
0.0608,13.0404,7.1836,0.2761,29.4643,3.1988,0.2006,14.6754,2.8436,49.1993,14.7295,32.0298,0,1,1,1
0.2329,13.0837,7.3913,0.1724,21.6494,9.6534,0.0795,6.5689,1.2176,65.5454,42.7985,25.5039,0,0,1,1
0.2002,7.7328,8.6,0.0976,11.0522,8.4333,0.1734,3.737,5.4556,111.561,42.1476,28.8257,0,0,1,0
0.1489,1.0528,5.4858,0.1968,18.7231,0.8277,0.1335,11.1519,7.4304,88.3648,45.2827,8.2109,1,1,0,1
0.1861,6.1271,5.0476,0.1564,8.6085,2.9702,0.3101,10.5174,1.5191,111.8604,18.4822,1.9285,0,0,1,1
0.2458,9.2951,3.8511,0.3144,36.9442,4.3572,0.1556,3.8029,4.1304,97.8534,29.5015,20.7917,1,0,1,1
0.081,5.8441,0.9342,0.3414,17.2719,7.6565,0.1716,6.4449,1.7405,39.0345,36.175,14.1731,1,0,1,1
0.1856,7.0159,9.313,0.108,32.7459,4.8492,0.1888,4.9216,7.6912,57.9651,31.936,23.114,0,0,1,1
0.0777,5.1569,6.0747,0.0788,36.2499,4.0575,0.1425,5.356,6.0474,72.2716,32.3241,1.5445,0,0,1,1
0.0449,1.8551,0.3202,0.0998,12.9239,1.3318,0.1496,12.5021,0.7123,45.6293,30.2762,41.9512,1,1,1,0
0.0558,1.5751,7.4099,0.1561,6.2798,4.2169,0.111,14.5135,1.9107,99.0683,6.3917,44.5468,0,0,0,0
0.027,7.2916,2.5882,0.0328,5.7244,2.0588,0.1884,14.1148,5.9338,112.608,6.9326,6.8555,0,0,0,1
0.1309,6.8671,4.5989,0.1068,20.1964,0.6999,0.1391,12.1982,4.7097,76.1138,12.6801,22.8714,1,1,0,1
0.2657,5.3342,6.2546,0.2385,29.1991,7.4627,0.0771,9.3332,7.7349,115.9825,47.7314,38.2745,1,1,0,0
0.1641,3.0346,9.7105,0.0875,12.5968,6.2896,0.0212,14.5593,1.3746,32.9979,8.3117,16.7728,0,0,1,0
0.1281,14.818,4.6371,0.3168,29.6413,3.0688,0.3087,4.2194,3.9084,69.3036,17.7572,16.1343,0,0,1,1
0.2606,5.3425,6.8074,0.0942,8.6434,5.5102,0.0322,6.973,7.1842,53.2101,3.6575,32.3727,0,0,0,0
0.2677,14.8661,3.3626,0.0917,7.7975,4.1254,0.0393,6.407,2.345,56.533,18.6161,43.6224,1,1,0,0
0.2647,2.6284,6.6076,0.2153,10.6812,4.8776,0.1689,11.1017,1.6621,57.583,25.1364,20.4391,1,1,1,0
0.2402,2.336,9.4456,0.3397,19.5457,5.4146,0.3051,4.1749,4.0365,96.5807,7.3464,5.981,0,0,1,1
0.1866,2.956,5.3407,0.2225,36.4778,5.4953,0.2434,6.7876,1.6301,110.1724,27.8068,35.4616,1,0,1,1
0.1538,2.4833,7.8209,0.1973,23.3755,3.4517,0.3379,5.3798,4.8094,79.2115,21.0128,32.3495,0,0,1,0
0.0907,7.8645,3.4085,0.2189,16.986,2.1738,0.0469,5.9295,2.1918,76.7898,19.4273,33.6829,1,1,0,0
0.2352,12.3886,5.5407,0.3068,12.3398,0.4567,0.0797,6.8241,5.2298,49.5413,38.2901,33.5223,1,1,0,0
0.3305,5.5906,1.8863,0.0289,32.1393,8.2938,0.0664,12.9632,6.298,80.4201,39.9597,33.901,1,0,0,1
0.3413,8.7367,0.5268,0.2567,31.4341,9.7176,0.2945,2.154,2.7322,61.8328,38.1985,12.6378,1,0,1,1
0.0661,9.5237,1.1131,0.1961,34.4085,1.7628,0.0945,6.0485,6.3628,78.4762,23.3324,23.7244,1,1,0,1
0.2568,12.1998,2.2384,0.1803,30.1962,0.8338,0.1642,11.1187,2.7399,43.2084,24.3808,30.829,1,1,1,1
0.2939,13.6997,5.4991,0.1501,37.815,3.3867,0.1437,7.5453,6.339,99.0272,14.2611,15.6872,1,0,0,1
0.166,3.3206,9.162,0.1879,17.7675,2.9633,0.1841,9.4615,2.9786,86.0836,39.3544,11.9435,0,0,1,1
0.3048,5.5067,8.4676,0.3273,5.25,2.9458,0.0578,9.3896,4.8062,54.2973,43.2018,37.7631,1,1,0,0
0.3089,10.8087,7.2194,0.2587,28.9242,1.2589,0.1441,7.8954,3.3895,94.7034,42.8916,12.4451,0,0,1,1
0.1176,7.2978,9.2284,0.2459,32.6567,2.1171,0.2696,8.4329,1.8087,72.6075,49.7095,44.6424,0,1,1,0
0.0854,4.2177,1.6514,0.2096,15.1966,1.4535,0.1829,4.5867,3.1274,106.5632,35.7308,20.0587,1,1,1,0
0.1255,14.877,2.4176,0.2016,22.0361,2.214,0.2347,2.1716,4.1598,110.913,11.2632,1.5098,0,0,1,1
0.2344,8.6464,6.377,0.3376,34.7671,2.2632,0.2361,3.1471,1.0346,51.3403,11.6535,19.3095,0,0,1,1
0.0285,13.6019,1.0127,0.2548,20.8962,1.3328,0.3261,10.2551,4.9736,37.5433,27.8917,39.9796,1,1,1,0
0.1927,13.3563,3.1285,0.2154,27.5429,1.8032,0.113,2.5943,4.3988,48.5517,10.9378,43.8576,1,1,0,0
0.3136,2.599,7.2229,0.0978,18.9013,6.8109,0.0858,7.5267,0.8159,106.157,10.4085,7.4324,0,0,1,1
0.0804,7.8787,8.9977,0.1604,12.4883,7.2066,0.304,13.7539,1.2291,109.4162,45.9457,40.8674,0,0,1,0
0.2462,13.3811,7.9471,0.2428,25.4687,7.8102,0.0879,11.2105,5.9716,54.865,20.0232,32.4586,1,1,0,1
0.1467,13.9871,1.1294,0.0883,7.4465,7.2719,0.3234,10.1088,7.3827,46.516,12.9099,29.486,1,0,0,0
0.1387,9.1252,8.5243,0.0979,32.197,9.904,0.0322,11.638,4.0693,100.4736,37.8025,38.0131,0,0,1,1
0.2101,1.5823,5.201,0.2745,39.6316,5.0005,0.2538,14.4082,2.0909,98.873,15.0113,32.6929,1,0,1,1
0.2289,10.057,4.7658,0.13,26.7837,1.6933,0.0339,8.1042,7.7157,77.0928,4.9815,20.8452,1,1,0,1
0.2681,1.1965,6.3099,0.2825,21.6863,7.9635,0.1696,8.2094,1.8544,49.479,42.5158,26.0815,1,0,1,0
0.0546,4.2908,7.9988,0.2529,6.4339,1.5189,0.135,8.3471,4.2331,97.1871,24.0749,4.2769,0,1,1,1
0.2114,11.1264,1.1531,0.1915,39.207,3.4745,0.0544,12.1601,4.6715,79.7745,48.1715,5.3057,1,0,1,1
0.331,2.1568,7.0185,0.0699,23.6433,5.7884,0.2897,5.6193,6.9157,88.8744,45.9187,6.3781,0,0,1,1
0.032,13.648,4.0305,0.0421,24.8047,9.1021,0.1417,3.3067,3.4782,83.864,18.9753,44.5871,0,0,1,0
0.2043,3.6967,6.5844,0.3442,13.8754,4.2117,0.027,14.2418,0.5578,101.8337,8.0665,14.425,1,1,0,1
0.0436,4.3686,4.7745,0.0706,27.416,7.7594,0.317,11.9648,6.5269,50.373,31.3932,43.3047,0,0,1,0
0.2697,3.8606,5.5839,0.2952,15.5157,0.923,0.2367,8.7382,6.2398,63.1268,5.9384,29.2534,1,1,0,0
0.3076,13.7536,7.3473,0.2026,7.0156,4.5584,0.066,6.3168,4.6371,110.3123,49.0238,11.7571,0,0,1,1
0.3057,7.5986,4.8156,0.0341,31.8975,8.3927,0.1847,11.5181,6.9736,91.6951,9.6085,6.886,1,0,0,1
0.0809,14.5391,5.3301,0.0254,33.0289,9.7508,0.1805,7.5506,7.8676,51.277,6.4403,3.9958,0,0,0,1
0.2063,5.817,7.7529,0.2459,25.4565,0.5226,0.0965,6.2169,3.9633,112.4549,24.3806,9.7741,0,0,1,1
0.3209,2.2512,3.9188,0.3138,30.8096,7.4879,0.1673,8.0824,3.3416,107.1489,20.7318,31.4535,1,0,1,1
0.2419,4.3439,0.4342,0.2589,14.8452,3.3055,0.2528,10.0541,7.843,75.9624,7.7463,22.4691,1,1,0,0
0.2011,9.0846,6.9797,0.1321,10.4954,1.0722,0.1259,3.8666,5.5359,75.4745,47.0131,19.3461,0,1,1,1
0.2381,1.6029,1.6975,0.1519,38.9711,6.5373,0.1339,11.9956,6.3943,39.52,26.5122,29.4045,1,0,1,1
0.1307,4.9208,9.0687,0.2346,35.2956,1.7134,0.3123,13.0924,6.2374,32.4532,13.8793,6.0174,0,0,1,1
0.1697,13.4332,1.015,0.1316,20.5635,8.0198,0.2453,7.0377,0.9959,81.9538,38.3952,36.0452,1,0,1,0
0.1588,6.5123,0.8014,0.3325,26.9006,8.412,0.3336,10.8712,3.0654,109.2269,26.93,2.6404,1,0,1,1
0.0405,1.4605,9.4134,0.0265,6.6247,3.2202,0.25,4.359,6.1663,37.031,9.9678,24.4863,0,0,0,0
0.05,3.9455,4.8022,0.1842,8.8533,2.4597,0.3383,13.3266,2.1705,71.9776,7.0324,10.8281,0,1,1,1
0.0312,1.4354,2.3002,0.0414,10.8049,8.9242,0.1252,14.7476,0.5822,67.2974,26.5475,24.1029,0,0,1,0
0.0243,9.0016,7.4405,0.1702,21.7389,1.5522,0.2105,10.955,5.0743,86.7305,31.4889,41.6363,0,1,1,0
0.0347,10.8655,6.3667,0.3401,33.2787,7.4626,0.0376,4.6971,3.3131,69.3779,14.2016,17.5595,0,0,1,1
0.2718,8.269,1.9717,0.0728,15.009,2.3571,0.2292,2.8037,4.0088,67.5986,27.4381,4.5193,0,0,1,1
0.026,12.5999,7.4779,0.1042,26.2119,6.0659,0.0302,11.0124,2.6369,77.9024,35.1859,23.7302,0,0,1,1
0.0307,4.8264,7.5694,0.0959,26.805,1.4034,0.0628,2.7519,7.1279,84.6906,40.0477,38.0476,0,1,0,0
0.2829,4.3584,1.8359,0.2612,38.2031,8.3139,0.155,4.8788,4.8306,68.9128,23.1506,36.9146,1,0,1,1
0.1136,4.4758,1.0358,0.2975,6.1206,7.0403,0.2744,7.0246,2.483,107.8905,39.1204,39.6606,1,0,1,0
0.3362,3.5449,6.6729,0.2259,28.6254,2.3238,0.2679,12.1184,2.9006,97.8836,12.083,33.043,1,1,1,0
0.1774,10.5361,1.5228,0.2832,5.401,9.7925,0.3316,4.5406,4.1793,91.5766,38.0627,36.6202,1,0,1,0
0.3208,12.3318,7.5142,0.3354,32.3031,3.2455,0.2119,5.1549,1.9272,76.5732,9.777,24.7526,1,1,1,1
0.0818,2.0987,7.0754,0.207,38.0332,6.75,0.3411,9.1228,7.0959,109.5329,46.3397,33.2411,0,0,1,1
0.1215,4.7681,7.0183,0.1291,33.2577,9.3028,0.1467,6.8045,7.869,68.8826,28.7241,42.1256,0,0,1,0
0.0992,6.7315,1.3974,0.2868,31.4648,1.3199,0.2443,14.0421,5.4865,114.0398,34.6379,20.2586,1,1,1,1
0.2884,3.535,9.9963,0.3095,17.4957,4.0788,0.2334,4.3144,5.4175,71.9893,10.6829,7.4039,0,0,1,1
0.1695,9.3566,7.6208,0.1765,21.1217,9.148,0.1353,2.3709,1.7502,79.5417,44.6491,40.8996,0,0,1,0
0.1162,4.7777,9.9236,0.2889,5.0561,5.4577,0.2861,10.6317,4.6768,93.0012,28.1643,43.0662,0,1,1,0
0.3051,12.9504,2.1928,0.1626,28.231,9.6501,0.1402,4.3556,5.7666,70.5493,14.3121,3.7557,0,0,1,1
0.0807,6.5098,0.5641,0.0342,13.4923,8.2449,0.1961,10.7661,6.605,55.6847,47.6578,15.3742,1,0,1,1
0.3335,4.7273,9.8018,0.1362,12.5275,4.2477,0.1489,12.3413,1.2014,48.9647,21.6079,23.7317,0,0,1,0
0.0573,7.0303,8.4545,0.174,32.4356,6.1241,0.2874,2.5755,4.3141,89.5036,45.0167,34.4493,0,0,1,1
0.1504,11.5332,9.0161,0.2665,9.5317,3.564,0.0269,13.7262,4.2708,75.3493,31.7636,39.4591,0,1,1,0
0.2335,1.2219,1.9204,0.2578,37.0849,7.2904,0.3399,11.9522,0.5943,109.6684,7.9976,9.1683,1,0,1,1
0.0439,14.7467,3.9873,0.2192,29.5518,1.328,0.3475,7.3515,2.2278,88.0921,46.376,21.9565,0,0,1,1
0.1261,6.6928,9.5307,0.1443,7.3815,3.0586,0.0524,3.5789,7.1694,114.3408,45.4057,9.2408,0,0,1,1
0.0383,8.0174,7.4525,0.2514,23.6463,5.2166,0.2072,3.0178,4.8893,115.1464,5.6485,24.7407,0,0,0,1
0.1544,6.9299,7.8576,0.1538,13.6869,4.2086,0.1906,8.6546,4.0024,101.3583,38.0745,5.0275,0,0,1,1
0.0993,3.0681,9.9149,0.1899,27.629,6.6082,0.1962,7.7299,4.7037,115.1729,4.6447,37.7244,0,0,0,0
0.1067,12.9415,5.3828,0.3069,22.2637,0.7263,0.0918,9.0871,5.2606,59.65,26.8031,9.1136,0,0,1,1
0.1887,10.3674,3.8999,0.262,31.819,5.4283,0.278,5.8335,3.8557,111.0259,47.0507,26.3514,1,0,1,1
0.2943,7.7682,8.5309,0.1761,28.7241,7.7168,0.1738,12.5048,6.2599,83.042,18.7215,37.0527,1,1,0,0
0.1716,6.7185,6.1058,0.3278,31.5594,0.5952,0.0893,5.8388,4.0043,100.7353,25.2635,8.5736,0,0,1,1
0.111,12.6381,2.7784,0.1049,37.2193,1.8778,0.1808,6.16,3.003,44.7324,11.8155,34.2262,1,1,0,1
0.2849,13.2648,8.4105,0.2219,7.1132,3.2268,0.2893,10.5135,4.3227,102.171,3.0316,21.3127,0,1,0,0
0.2627,1.2255,6.0507,0.3137,22.8544,6.6364,0.1797,3.3246,6.6921,48.5443,21.0283,36.039,1,1,0,0
0.3382,5.8798,4.535,0.3271,13.5767,0.3377,0.1268,4.9202,2.0694,105.2294,36.5508,10.2636,1,1,1,1
0.2832,9.1027,6.1927,0.0925,32.499,0.4323,0.0251,5.1917,5.9661,83.6367,38.758,24.3094,1,1,0,1
0.0308,14.7896,9.119,0.0548,35.4626,5.3045,0.2021,2.8052,6.3801,69.169,14.2047,31.591,0,0,0,1
0.1752,12.2851,9.1758,0.3265,36.458,9.004,0.2445,3.2712,4.1903,77.5222,18.3981,3.4211,0,0,1,1
0.2307,14.4835,0.5646,0.0594,11.8753,2.5031,0.2378,13.0139,0.6201,87.7343,21.5826,2.519,0,0,1,1
0.1283,7.4922,9.1712,0.1299,37.291,9.2033,0.3075,7.3006,6.2637,44.9405,40.7341,38.9058,0,0,1,1
0.1152,5.1985,2.8344,0.1031,38.004,9.9709,0.0469,9.8178,1.2674,50.6849,9.7289,5.3758,0,0,1,1
0.048,14.44,8.214,0.2928,27.476,3.8095,0.0322,4.8589,3.7238,83.2407,5.2445,38.8394,0,1,0,1
0.035,12.1324,8.7273,0.228,29.4805,9.5931,0.0876,9.3713,2.5782,81.1665,35.3539,5.0421,0,0,1,1
0.1681,10.4425,8.8906,0.2554,29.3291,2.5558,0.2852,13.772,3.964,104.0688,9.0161,24.9056,0,1,0,1
0.0782,3.4032,8.1048,0.2656,15.715,7.6203,0.028,2.1594,2.1249,38.6842,22.1695,4.7735,0,0,1,1
0.2597,10.7277,2.2543,0.0593,26.8784,1.6008,0.2039,11.5036,6.591,81.9961,47.3654,32.2748,1,1,1,1
0.2464,2.1408,0.8752,0.0608,21.5257,2.0208,0.2365,14.2363,5.6884,111.8196,27.9225,35.1863,1,0,1,0
0.2195,3.2233,6.3292,0.2574,37.8305,7.2671,0.3053,11.5261,5.0791,71.455,45.9859,17.1392,1,0,1,1
0.0796,6.2498,4.6165,0.237,15.2854,0.8911,0.0524,7.1706,1.8581,118.5427,40.517,32.0473,0,1,1,0
0.2392,7.2188,3.1479,0.0478,37.2271,0.6339,0.2934,4.6747,1.9859,75.1848,27.5424,3.1787,0,0,1,1
0.0829,12.9782,5.9051,0.2449,33.5932,7.47,0.3286,10.1456,1.2879,76.4834,47.5294,16.2606,0,0,1,1
0.3423,12.0728,8.2966,0.296,30.3781,5.924,0.1679,9.3693,1.2121,39.7685,10.6877,20.2711,0,0,1,1
0.2713,4.839,3.8895,0.3466,12.0751,1.0811,0.3144,10.8766,5.5576,106.5347,14.4971,18.1805,1,1,0,0
0.168,11.8886,9.0166,0.0365,6.2299,8.1224,0.2574,11.1873,3.3063,41.8,39.4573,30.8659,0,0,1,0
0.0358,6.0709,9.3911,0.1828,9.3801,5.2732,0.0785,2.28,2.1295,43.6858,8.6928,38.4687,0,0,1,0
0.1998,11.3553,3.8426,0.1308,18.592,5.8431,0.2077,12.0617,1.7471,77.2663,9.5913,17.5159,1,0,1,1
0.2,7.3755,6.6513,0.171,32.181,1.9196,0.2371,4.6285,5.283,63.303,28.7725,30.6065,1,1,1,1
0.2782,2.507,8.0483,0.1625,22.4348,6.1956,0.3334,14.0395,7.5421,89.4502,41.6706,23.4964,1,0,1,1
0.2692,10.1981,1.795,0.2531,27.3264,7.3518,0.3176,11.1733,4.7383,94.1594,23.2215,40.3144,1,1,1,0
0.2539,3.9667,9.6457,0.0402,38.6776,6.1586,0.304,10.5171,3.4423,49.6894,17.8691,29.5297,1,0,1,1
0.1367,9.2899,2.858,0.3224,36.7553,4.011,0.3045,3.239,1.0004,33.9654,12.1556,28.1463,1,0,1,1
0.2555,10.8407,3.7895,0.0797,6.5952,5.5117,0.1773,11.188,5.1657,66.6585,8.6742,15.5376,1,0,0,1
0.0614,4.107,3.1875,0.1441,38.4481,9.3198,0.2777,13.8076,7.7337,71.8692,47.6912,9.0702,0,0,1,1
0.3257,14.8081,1.4632,0.2185,10.7161,0.3364,0.091,12.0462,7.4341,102.6667,11.5434,31.2511,1,1,0,0
0.205,5.9405,6.0949,0.2597,31.7621,0.7302,0.1487,4.6847,1.9289,45.1205,36.2626,3.4339,0,0,1,1
0.1893,7.2306,4.5167,0.2705,17.4822,3.7722,0.059,4.3926,4.4859,61.2258,22.4515,33.4922,1,1,0,0
0.1021,13.0004,1.6618,0.1963,23.183,6.76,0.1081,11.5582,1.5315,37.2715,26.2184,27.3478,1,0,1,1
0.211,8.048,3.1146,0.1405,37.7275,4.3315,0.1208,12.2408,6.9304,32.7674,20.0578,22.3921,1,0,0,1
0.2235,4.9036,5.7357,0.1303,34.3108,8.1468,0.246,7.536,7.1596,31.0388,18.6731,17.4701,1,0,0,1
0.3172,13.0248,3.0285,0.2872,36.0772,2.5684,0.1126,14.3633,7.0317,43.3795,2.5644,13.3036,1,0,0,1
0.0223,11.8276,2.5886,0.1429,8.0769,5.609,0.1173,13.9268,2.5853,57.0064,36.4677,18.479,0,0,1,1
0.2494,14.3858,0.789,0.2609,31.2218,1.5016,0.2178,13.7751,4.5124,93.8402,17.7375,7.44,1,0,1,1
0.1734,13.1674,2.2343,0.3011,34.6331,9.2917,0.2088,14.2421,1.8552,48.5945,35.1011,40.2385,1,0,1,1
0.2664,12.5808,7.8355,0.2113,27.8342,6.94,0.0656,9.356,3.318,66.03,26.9858,27.4709,0,0,1,1
0.0249,12.8555,0.4627,0.0229,11.1373,2.453,0.1568,13.5799,5.3723,60.6667,47.4231,36.8117,1,0,1,0
0.2801,8.57,7.8858,0.3176,22.3382,3.141,0.0588,13.6766,7.3289,107.2431,5.6354,33.0873,1,1,0,0
0.0451,4.5943,4.8377,0.1561,16.4101,6.119,0.2716,2.4411,1.9829,82.9035,10.8453,19.2586,0,0,1,1
0.0744,12.9348,0.4841,0.0209,6.4935,8.0738,0.1538,14.4237,1.3356,90.8328,21.0081,35.2756,1,0,1,0
0.2916,5.6359,5.7915,0.2552,8.0046,6.1421,0.087,2.9096,7.1058,78.1315,12.0914,37.3934,1,1,0,0
0.0606,10.7484,9.9695,0.0937,18.7462,1.0662,0.0418,5.7783,1.4095,66.611,35.3138,10.638,0,0,1,1
0.0348,12.9972,3.6779,0.1378,28.4682,6.4506,0.225,5.1944,2.4586,63.1117,28.8605,7.3041,0,0,1,1
0.2337,12.2156,1.1563,0.2437,11.1449,2.7924,0.2343,9.4032,7.9109,87.8825,27.9516,18.2912,1,1,0,1
0.1041,6.8745,2.4209,0.1116,30.5057,4.9676,0.1462,11.818,0.8091,32.8237,47.9944,4.1044,0,0,1,1
0.2571,7.5093,1.2328,0.3014,33.9646,3.2004,0.2996,5.3419,5.151,101.4262,23.0172,12.4751,1,0,1,1
0.2615,3.3587,7.8628,0.1541,18.1673,2.2239,0.2881,12.3489,4.2621,66.4435,4.0479,28.7699,1,1,0,0
0.1509,7.6372,3.2911,0.199,21.7186,5.1284,0.0783,5.9078,5.7842,110.8581,23.6519,19.8559,1,1,0,1
0.3031,1.5711,6.3004,0.1112,25.5446,5.3846,0.0431,4.9987,5.4089,41.8828,26.8141,36.3974,1,0,0,0
0.2594,7.6283,1.0849,0.0247,19.0743,6.0701,0.2075,13.0155,0.5328,86.0818,37.9701,9.0964,1,0,1,1
0.1826,6.9809,2.7024,0.1579,6.5333,8.4229,0.2814,14.1566,2.4477,90.6933,47.5293,42.8912,1,0,1,0
0.0684,5.1669,0.5161,0.2013,31.1115,4.1234,0.3206,3.1478,7.9477,89.355,36.8863,29.4173,1,0,1,1
0.3199,12.4265,8.6418,0.0309,16.6877,0.7124,0.0856,6.9726,3.6498,76.1205,18.9354,34.3673,1,1,0,0
0.0371,9.5991,9.3112,0.2168,21.0127,0.4775,0.1475,7.6108,5.0816,82.9393,43.2868,42.048,0,1,1,0
0.0399,12.5695,2.2531,0.0563,38.1424,8.8968,0.3122,10.2686,2.3968,53.8733,46.319,37.0688,0,0,1,1
0.2448,6.9357,2.7086,0.2922,30.4199,6.1231,0.3089,2.1616,4.842,42.1821,19.9799,5.5636,0,0,1,1
0.2652,4.0753,7.7398,0.0216,24.5146,6.4856,0.1759,14.419,6.5235,76.4331,27.0665,10.8604,1,0,0,1
0.2903,4.5574,7.7966,0.0412,10.6093,2.7622,0.3434,14.667,7.7578,90.5877,3.7521,1.1916,0,0,0,1
0.1506,6.7675,6.3174,0.214,23.4169,0.771,0.2813,14.6889,2.2228,83.3825,39.7992,38.0688,1,1,1,0
0.1723,3.9074,2.7272,0.0672,14.0104,3.7904,0.1937,2.0095,2.7802,64.9041,34.6566,5.4547,0,0,1,1
0.3455,8.0755,4.6831,0.0914,7.2902,1.2067,0.1014,11.7973,6.8211,92.1734,30.0225,23.2463,1,1,0,0
0.2359,7.8015,6.9092,0.2275,22.6064,5.5631,0.0587,12.8802,4.2299,111.8259,48.6735,2.5801,0,0,1,1
0.2411,2.1659,2.8041,0.1867,11.1758,6.171,0.0605,7.1951,2.1778,46.8767,39.8845,22.4323,1,0,1,0
0.2831,2.0968,8.8941,0.3114,18.5177,4.7393,0.3014,9.123,7.8393,32.9774,14.2048,1.0068,0,0,1,1
0.0672,10.665,7.3381,0.1306,8.3036,9.3175,0.3314,2.0301,2.9301,59.2385,20.6356,34.2125,0,0,1,0
0.0618,7.0989,1.7246,0.2593,9.3953,1.877,0.0727,7.1394,4.7528,103.9263,8.7346,12.4565,0,1,0,1
0.3291,9.2065,5.5602,0.2166,11.0961,2.3675,0.0955,10.8353,3.0869,103.7456,18.3135,39.0364,1,1,0,0
0.0601,1.7794,3.9625,0.1714,15.5999,3.3705,0.1201,2.9936,3.2678,68.7491,18.6144,31.432,0,0,1,0
0.227,5.943,7.33,0.3048,8.2214,3.0824,0.26,6.3502,7.885,92.4161,33.8569,19.0489,0,1,1,0
0.2648,2.72,6.7521,0.0883,8.9406,3.4608,0.2414,3.9686,3.8531,111.1281,24.2573,16.5113,0,0,1,0
0.0746,11.206,9.3275,0.2223,24.7609,2.6302,0.2885,11.2588,4.3666,78.6498,19.5158,26.325,0,1,1,1
0.1658,3.0641,8.1681,0.1644,7.9074,4.5365,0.0767,14.143,3.8464,83.2964,34.9527,42.6631,0,0,1,0
0.0727,4.8239,7.6347,0.1955,8.96,3.3328,0.0717,13.7241,6.1183,116.3808,36.1042,36.1187,0,1,0,0
0.2835,3.5781,3.4885,0.3192,26.3432,3.031,0.3489,4.6037,0.6092,94.4977,2.9967,20.0333,1,0,1,1
0.1224,10.6296,8.705,0.1448,9.3031,9.4912,0.1508,14.6177,5.3357,67.2245,3.1795,28.1781,0,0,0,0
0.3359,8.0606,5.6403,0.2508,23.9727,2.9641,0.3209,6.5773,6.4609,32.5756,36.5709,29.8026,1,1,1,1
0.1479,7.9013,9.6066,0.2859,35.9771,7.6922,0.1496,13.3233,4.2775,83.0071,11.5684,5.5638,0,0,1,1
0.2935,8.5491,6.0349,0.0564,34.1147,7.1596,0.0549,14.8646,3.1793,89.1807,10.6251,33.4605,1,0,0,1
0.1843,11.3719,7.371,0.2649,15.4121,4.6313,0.316,7.1405,1.056,80.7946,44.5984,34.373,0,1,1,0
0.1518,9.8752,2.0235,0.2268,7.7378,8.2471,0.134,12.9167,4.0768,95.4614,16.0006,44.5697,1,1,0,0
0.3242,13.242,7.3641,0.2141,30.8826,4.0939,0.1551,10.2105,2.4057,52.6858,6.8564,21.2478,1,1,0,1
0.3301,6.3835,2.831,0.1134,8.7194,4.619,0.3202,3.4237,7.885,71.2068,19.1746,40.643,1,0,0,0
0.1047,3.1099,0.8019,0.0642,15.8428,2.3578,0.0305,7.6365,7.8065,77.7229,2.8875,12.3579,1,0,0,1
0.2912,8.0084,1.6601,0.3029,7.8888,9.3094,0.2369,5.5742,2.9185,53.2678,45.8435,40.168,1,0,1,0
0.0863,2.2113,1.7728,0.0657,39.6597,0.8124,0.1314,3.1344,3.056,104.8476,32.6828,6.8936,0,0,1,1
0.276,5.335,9.3096,0.2148,13.2321,2.251,0.1185,7.9208,4.0895,40.3464,38.1735,27.873,0,1,1,0
0.2714,1.2903,1.8382,0.1294,6.7451,1.6265,0.0261,10.8299,3.6103,100.1837,21.2561,36.118,1,1,0,0
0.1595,10.5194,1.4635,0.3387,19.3316,8.5822,0.2877,3.9538,7.3161,102.349,34.1537,22.2186,1,0,1,1
0.1523,3.1908,9.1658,0.3384,23.3301,4.4468,0.2277,12.9408,1.6723,45.6393,46.0035,28.7729,0,1,1,0
0.0491,10.078,5.6954,0.1585,32.0503,4.5762,0.1341,13.3701,3.5705,95.4786,46.6754,24.0915,0,0,1,1
0.0264,13.2093,5.9917,0.0219,33.5939,8.923,0.2837,4.2492,2.1107,82.1142,36.5453,28.3429,0,0,1,1
0.1049,6.3212,0.8407,0.3008,7.4956,0.8614,0.0985,2.7235,5.9771,63.4181,40.9335,11.6208,1,1,0,1
0.1384,13.5635,5.1507,0.1103,16.9324,0.8693,0.0539,7.4294,1.8061,75.8434,27.7276,43.6138,0,1,1,0
0.316,2.4651,3.9365,0.0967,32.0857,2.7687,0.051,2.1528,5.4214,112.2885,39.8867,44.1583,1,1,0,0
0.2482,14.7874,3.1822,0.3152,36.5811,4.9617,0.1456,12.3145,6.0518,79.3427,40.3368,41.6758,1,1,0,1
0.2918,3.658,6.9889,0.0533,23.2034,7.17,0.139,13.0963,2.6804,70.1792,12.7142,2.8569,0,0,1,1
0.0674,7.3778,6.0397,0.2148,36.1675,4.6446,0.3103,8.6338,4.4569,67.8107,48.9632,20.8422,0,0,1,1
0.1981,9.1626,5.3175,0.3318,33.0015,4.7679,0.1369,13.5538,1.0436,62.889,36.1666,19.2496,0,0,1,1
0.2566,10.4007,1.3841,0.158,27.766,1.3256,0.3208,5.6746,2.5715,95.1998,44.8023,39.1179,1,1,1,0
0.3326,2.5486,1.5784,0.0982,34.4296,1.1475,0.1684,13.9248,4.2269,34.1186,19.5178,12.2765,1,0,1,1
0.11,12.6024,9.0085,0.2946,37.6678,3.3385,0.1675,3.242,6.3438,96.2626,12.7258,1.3291,0,0,0,1
0.0644,11.1367,4.61,0.1198,15.8135,5.6973,0.0424,5.8965,1.6182,45.9286,40.0344,19.1775,0,0,1,1
0.1022,5.9,0.8708,0.0284,23.3093,8.6078,0.0693,8.9976,7.125,72.0243,25.6938,4.5561,1,0,0,1
0.3359,14.6377,3.6359,0.023,16.9448,3.0984,0.3077,2.3877,1.6383,75.5524,15.7117,42.605,1,0,1,0
0.1149,13.1821,2.2371,0.2845,13.1235,1.1237,0.0388,9.2833,2.5443,46.4249,26.4483,1.2858,0,0,1,1
0.2807,4.998,6.1855,0.1859,6.1525,3.5507,0.2097,10.8223,0.8963,113.3209,11.5435,2.4288,0,0,1,1
0.327,12.1063,8.6116,0.3185,19.3028,9.0413,0.2876,3.6052,2.256,39.8417,36.5127,15.6396,0,0,1,1
0.1624,12.6809,8.7828,0.3218,23.1913,4.2799,0.3112,4.3973,1.1251,89.3293,7.2825,21.3991,0,0,1,1
0.2792,3.3694,5.4226,0.2799,10.211,5.9033,0.1283,14.2808,5.247,30.7737,8.9932,36.56,1,1,0,0
0.2936,8.7184,4.4983,0.3051,37.3097,6.5872,0.2695,12.4063,6.2428,63.51,3.7556,41.2507,1,1,0,1
0.3152,8.2229,6.9016,0.1783,18.2391,1.3167,0.0582,3.1985,2.6752,86.9583,24.056,39.8348,1,1,0,0
0.2011,7.9289,3.3178,0.0986,21.7676,7.8439,0.3048,11.1902,1.76,44.3183,34.8333,19.0578,1,0,1,1
0.1222,7.6423,3.4448,0.3362,15.1968,0.7333,0.1283,14.3766,7.0641,37.6957,36.9573,27.1986,1,1,0,0
0.0874,4.8188,0.7161,0.044,18.3054,4.8315,0.1368,13.2256,2.3139,54.7414,38.8163,32.0854,1,0,1,0
0.2381,13.039,2.549,0.3265,15.3713,7.7337,0.1532,8.3189,0.7951,30.4193,33.8292,3.1162,0,0,1,1
0.0333,1.1139,7.7139,0.1256,38.3591,8.1495,0.2871,7.5224,3.9262,98.3817,7.0109,23.7663,0,0,0,1
0.2506,8.5261,1.6505,0.044,22.1697,3.8092,0.1831,10.3048,4.6631,45.8496,42.2752,15.6856,1,0,1,1
0.2489,12.3613,0.4256,0.2631,39.731,7.9086,0.1568,8.4436,4.3374,69.3077,37.7168,13.0329,1,0,1,1
0.039,13.4031,4.4637,0.1986,38.9831,1.9787,0.2168,3.2903,7.9572,99.6189,15.4146,22.9746,0,0,0,1
0.0927,13.1076,3.7633,0.1347,24.1855,9.7678,0.1086,13.5048,6.7824,63.7618,44.9056,7.9784,0,0,1,1
0.1534,11.0543,2.9283,0.1382,24.5773,6.8224,0.1629,9.2189,5.9556,95.029,37.0736,24.1565,1,0,1,1
0.2974,1.9611,5.4298,0.3248,32.1334,7.821,0.2795,4.4912,6.7476,108.014,49.438,36.2845,1,0,1,0
0.3165,8.6821,7.1891,0.1765,24.7425,9.2589,0.1322,11.2295,1.6171,107.4872,31.2209,24.234,1,0,1,1
0.2743,9.3491,5.2373,0.1752,6.7748,5.6168,0.2932,14.4209,6.7496,39.1814,21.5726,1.2573,0,0,1,1
0.2115,2.8941,2.3865,0.0586,30.4973,4.4701,0.068,2.5432,1.5464,109.3509,30.3096,36.6508,1,0,1,0
0.2734,12.5365,0.9107,0.2038,23.6892,8.0186,0.0234,13.8785,2.8262,83.6925,49.254,12.9061,1,0,1,1
0.2002,4.499,3.8422,0.0987,34.0689,6.5689,0.1916,2.127,1.3284,67.5917,25.1801,10.8799,0,0,1,1
0.1253,4.9215,4.1102,0.23,10.0402,1.5334,0.2281,6.6201,4.9081,116.6391,37.7206,2.2166,0,0,1,1
0.0204,12.3707,6.6819,0.3303,37.561,7.2706,0.3224,2.7382,2.4762,118.8313,23.7073,14.7629,0,0,1,1
0.343,4.4535,7.2514,0.2382,32.4136,4.6547,0.0284,8.952,7.1813,47.8351,5.5848,35.9893,1,1,0,1
0.1711,14.9929,5.5194,0.2793,38.2013,4.8873,0.0395,7.2684,2.315,79.2746,45.3246,35.0798,0,0,1,1
0.0325,10.9849,1.9476,0.3273,35.9262,5.202,0.2607,4.4564,0.934,37.7091,31.4537,7.7504,0,0,1,1
0.2699,7.8295,6.6096,0.0332,22.787,2.7762,0.3479,11.7207,4.4665,114.3408,44.5518,13.1701,0,0,1,1
0.0449,4.1131,4.8565,0.1707,24.8406,9.5024,0.1512,7.6581,1.4018,119.6088,29.0749,34.0382,0,0,1,0
0.2973,1.0887,6.3492,0.2713,33.1255,1.7463,0.3259,4.3558,7.9522,71.1623,33.06,7.1043,0,0,1,1
0.201,4.4529,0.8633,0.0223,36.439,7.1185,0.0619,12.6381,2.517,77.5272,14.9387,16.5932,1,0,0,1
0.2679,3.1271,3.3207,0.2989,10.6676,3.7065,0.1892,2.9266,6.9888,109.5388,39.6794,35.9759,1,1,1,0
0.2399,6.0516,7.4058,0.2177,6.5418,1.0754,0.1131,12.4383,1.7415,80.019,35.7351,21.0322,0,1,1,0
0.2638,11.5265,1.9875,0.3478,17.1917,0.4485,0.1526,6.4565,3.3039,33.3524,45.6175,14.2233,1,1,1,1
0.0639,12.5385,9.401,0.186,20.1718,5.5041,0.1206,11.3846,2.0447,77.077,18.9313,6.0913,0,0,1,1
0.1156,4.2474,6.6423,0.3087,26.1586,2.921,0.2246,10.4693,0.5874,104.6932,38.4075,5.9424,0,0,1,1
0.2853,5.2975,1.3574,0.33,15.0528,1.0933,0.2812,7.8327,0.7648,111.8193,16.5093,4.4931,1,0,1,1
0.0421,1.4289,7.2145,0.0383,9.2382,5.7356,0.1568,6.3372,7.2724,46.557,30.1171,16.4966,0,0,0,0
0.0262,5.8112,9.3221,0.0959,19.1374,7.2552,0.068,11.3925,2.2669,36.2441,45.6722,35.1577,0,0,1,0
0.1661,11.7426,7.541,0.0288,36.2077,4.8355,0.2943,6.2684,7.3425,91.6886,27.2941,34.0582,0,0,1,1
0.198,14.6216,1.8373,0.1249,32.9237,7.2474,0.0765,10.9304,1.2082,88.3916,29.5026,27.8529,1,0,1,1
0.2272,8.4264,3.7401,0.1223,34.2825,6.0211,0.2884,6.5128,6.0294,30.1083,15.7591,30.2368,1,0,0,1
0.3225,8.4442,8.3943,0.1387,35.5404,7.3957,0.0287,12.4939,6.2535,51.0314,33.326,35.3643,1,1,0,1
0.1558,3.4803,9.477,0.1717,17.349,2.8459,0.3169,6.968,6.5755,58.1182,9.6609,33.8171,0,1,0,0
0.3189,7.2709,5.2318,0.2445,12.4379,3.1415,0.1417,7.6096,2.7947,50.6825,17.6037,41.2723,1,1,0,0
0.2648,1.9235,4.7577,0.2191,7.2221,4.0244,0.2551,8.221,2.9845,32.2248,36.4153,17.4401,1,1,1,0
0.0596,5.4562,6.8225,0.3218,11.4518,7.4323,0.0602,10.0248,7.8486,34.392,11.1212,22.8086,0,1,0,0
0.2756,14.3733,7.2886,0.0667,33.3225,3.5548,0.3242,14.0661,7.3099,76.4074,7.4855,18.581,0,0,0,1
0.1235,10.5588,7.7822,0.1041,10.2907,8.0981,0.3208,13.2348,4.8751,93.0056,26.7139,16.4297,0,0,1,1
0.1452,9.824,1.4592,0.148,17.2359,4.6925,0.3126,14.164,5.8611,92.1903,31.4999,10.6281,1,0,1,1
0.2742,6.4905,4.6346,0.272,10.1768,6.5934,0.1348,7.7393,3.2446,75.3136,45.8855,33.694,1,1,1,0
0.3073,2.1321,9.4093,0.077,11.3559,9.2086,0.037,8.3123,5.8167,33.7933,41.0144,14.5041,0,0,1,0
0.262,8.6857,7.0378,0.1318,7.2308,1.5073,0.141,3.5625,4.7555,73.5377,29.8685,4.2709,0,0,1,1
0.3213,1.6113,1.2688,0.0706,28.2692,0.4237,0.3221,14.2769,5.5482,51.1305,45.2172,16.9887,1,1,1,1
0.0978,13.6039,2.6779,0.1618,7.8309,3.786,0.1305,13.951,6.29,115.1499,3.9353,8.4336,0,0,0,1
0.1551,5.8953,7.4175,0.276,36.3397,3.8303,0.0251,12.0997,3.8468,77.1468,37.0217,29.2941,1,1,0,1
0.1354,4.4219,2.5691,0.2113,17.0871,1.9787,0.0537,10.8198,6.5494,93.4912,35.3898,39.9461,1,1,0,0
0.028,1.4912,6.6996,0.2083,25.6729,5.3766,0.0356,14.9595,2.7491,116.3658,11.4806,22.3889,0,0,1,1
0.2205,12.5779,7.9406,0.1937,14.137,7.7307,0.2805,3.6458,5.1108,43.5867,48.0173,4.7878,0,0,1,1
0.0293,10.5467,3.9,0.1275,29.3508,3.0716,0.2284,13.5329,2.5432,100.4302,9.7847,15.5786,0,0,1,1
0.1861,5.935,6.569,0.2039,19.8816,9.718,0.2321,14.1115,5.6719,56.7058,34.4527,9.0978,0,0,1,1
0.2436,12.2849,1.9679,0.2152,5.0615,7.8979,0.0264,12.2959,1.1858,112.7585,27.0562,21.6383,1,0,1,0
0.0509,10.0933,5.1428,0.2307,27.8357,5.1984,0.2099,8.4209,4.1979,45.1266,12.4018,15.8398,0,0,1,1
0.2042,7.8575,8.228,0.214,36.1114,1.0042,0.0901,6.0082,6.1514,83.2034,29.201,41.572,1,1,0,1
0.0665,4.7188,4.6462,0.1971,17.3944,9.2939,0.336,6.3037,6.1043,74.8712,39.9209,31.1117,0,0,1,0
0.259,8.4501,8.7718,0.2122,11.711,2.9931,0.1865,14.6976,4.9294,30.941,28.9579,11.2324,0,1,1,1
0.2404,11.9071,4.8402,0.2983,38.6154,5.2038,0.2278,2.8188,6.9365,68.1451,6.7944,32.2949,1,0,0,1
0.3306,11.7311,6.3882,0.0393,37.3769,4.1597,0.2016,11.4071,4.7949,57.6593,49.9843,5.5305,0,0,1,1
0.0247,14.8394,7.4047,0.0771,37.6539,9.0079,0.3036,2.6925,4.6015,35.4527,24.1212,4.3638,0,0,1,1
0.1333,3.2099,5.6231,0.2827,27.6178,7.8963,0.1449,2.7133,1.9261,62.2036,24.5294,40.3195,0,0,1,0
0.2453,13.7117,2.9796,0.3325,21.866,1.5783,0.1437,10.3308,0.7219,70.7155,24.5182,12.2152,1,1,1,1
0.0589,4.7586,1.5338,0.1596,29.4085,7.4051,0.1418,9.8795,5.9386,40.7643,11.3527,7.9249,0,0,0,1
0.2686,7.837,9.5148,0.3156,38.6475,0.8767,0.1745,3.8283,1.8219,66.8291,12.1867,43.3642,1,1,1,1
0.0358,13.4657,4.8595,0.0522,14.2466,3.3808,0.041,5.0553,7.8582,95.3398,42.2557,38.0384,0,0,0,0
0.2516,9.0641,5.5613,0.1921,8.1948,1.2561,0.127,13.6183,7.8164,91.1297,6.0327,35.8096,1,1,0,0
0.2542,1.3425,2.7472,0.2252,13.5166,8.2802,0.1394,9.4072,1.2307,40.4573,7.094,1.8641,1,0,1,1
0.1627,11.8324,6.7037,0.3375,26.261,2.8621,0.3331,4.9599,6.2318,62.1962,43.575,37.769,1,1,1,1
0.0464,7.8291,5.2347,0.0758,20.5976,4.6073,0.0376,10.0502,4.0216,102.1647,31.2536,12.2266,0,0,1,1
0.1108,2.006,3.7337,0.1542,27.9503,5.6027,0.3348,6.8474,5.5853,76.5567,9.0475,29.3096,1,0,0,1
0.2166,9.562,7.2079,0.134,21.7053,7.6316,0.1985,11.4916,1.2202,66.49,43.4297,36.7912,1,0,1,0
0.2933,9.6534,4.9801,0.077,35.8645,7.5798,0.3212,6.1629,4.5487,53.2737,27.416,10.7681,0,0,1,1
0.2814,8.6183,9.9543,0.2494,34.9059,1.0525,0.1898,3.3514,5.6747,106.8029,36.5381,22.8019,0,0,1,1
0.3137,2.2391,5.6889,0.061,34.5652,8.7808,0.0826,12.67,6.5286,119.5927,25.2645,30.641,1,0,0,1
0.0423,1.9065,7.0196,0.2885,7.1878,3.6879,0.1567,6.6382,4.0319,109.8837,33.0699,11.9955,0,0,1,0
0.0312,11.409,9.8266,0.0685,26.6196,9.5892,0.3034,9.6205,4.3698,115.4394,32.9946,36.7924,0,0,1,1
0.2597,14.6017,4.8519,0.0892,18.276,4.6496,0.0852,6.7612,4.4728,41.9455,5.7904,12.6996,0,0,0,1
0.1353,13.0485,5.013,0.12,39.9072,7.5617,0.1302,2.4495,2.9237,57.7345,29.4449,15.5558,0,0,1,1
0.2033,9.5937,6.6613,0.2267,19.9215,7.9991,0.0465,3.3686,6.0975,108.8377,9.6769,11.0442,0,0,0,1
0.1218,4.0025,1.0532,0.1103,17.5141,1.9383,0.2618,14.6957,0.7048,101.7936,28.4299,14.1562,1,0,1,1
0.0804,13.9614,9.2599,0.225,30.31,0.8838,0.1706,10.4253,2.0647,108.1113,18.5309,25.4348,0,1,1,1
0.2649,1.4269,8.3491,0.0548,26.9253,6.6792,0.2778,6.0249,1.1031,106.1777,7.2258,12.4781,0,0,1,1
0.2862,3.1817,2.8013,0.2238,22.8298,4.6806,0.3201,14.7893,7.9428,34.6133,13.2544,23.4423,1,1,0,1
0.2294,10.1973,5.8081,0.1835,31.8952,3.9216,0.3238,13.3494,6.9281,53.9617,49.0077,36.4549,1,1,1,1
0.2219,6.8798,0.8538,0.2358,17.3935,8.1991,0.1478,13.3476,2.6418,52.694,6.4491,25.1034,1,0,0,0
0.3395,6.2775,8.952,0.2501,9.4818,2.66,0.0369,10.1608,1.2065,83.708,31.943,17.2865,1,1,0,0
0.1096,9.3114,6.5054,0.0228,19.9546,9.7589,0.2606,4.8075,7.1216,38.2083,36.6786,12.9872,0,0,1,1
0.1426,3.5194,0.503,0.0865,37.1681,7.0453,0.3002,13.456,7.5458,64.7212,8.014,32.4816,1,0,0,1
0.2893,1.7957,1.4432,0.3261,35.1153,6.6135,0.292,10.6843,1.5926,38.218,9.3222,7.798,1,0,1,1
0.2136,12.2476,7.465,0.2224,34.4478,9.1225,0.3309,3.0337,0.8868,52.3867,39.2255,37.6656,0,0,1,1
0.1062,12.1258,8.3077,0.3355,19.9008,6.2092,0.1747,10.8991,4.3324,60.4014,29.6339,20.2527,0,0,1,1
0.1764,8.0061,5.5149,0.2458,33.1098,4.2244,0.3351,10.255,6.5502,67.0396,40.4366,31.9239,1,1,1,1
0.2557,4.6666,2.5491,0.048,32.0843,4.8526,0.2604,9.9603,1.5197,39.2098,28.7891,41.0247,1,0,1,0
0.1422,11.5528,3.823,0.0785,11.4833,2.6585,0.199,8.7373,6.9619,108.7421,48.9651,28.8175,1,0,1,0
0.2329,1.3421,0.4109,0.0799,13.4923,3.3702,0.2685,2.8906,5.02,58.1713,39.5803,1.3788,1,0,1,1
0.2461,12.7921,4.654,0.0729,10.0151,1.83,0.0509,4.4192,1.9931,90.1818,36.5639,26.4008,0,0,1,0
0.1287,6.0875,7.768,0.3361,13.0483,3.6448,0.0613,11.9717,7.3161,32.5089,48.0816,17.3743,1,1,0,1
0.3346,6.7572,5.9636,0.0524,16.1848,2.236,0.032,9.969,1.6851,99.3454,23.7216,15.6002,1,0,1,1
0.1213,13.2664,7.0984,0.2884,35.8418,1.145,0.2757,12.7357,6.7515,45.2498,32.5763,20.548,0,1,1,1
0.2322,6.8152,7.8344,0.1425,30.2667,0.5931,0.3121,6.3377,6.0545,39.8694,3.1979,12.0253,0,0,0,1
0.3298,13.8677,2.1216,0.0665,9.3293,9.2091,0.0803,10.8475,6.9706,43.6615,38.4562,43.3146,1,0,0,0
0.0789,7.4511,4.2786,0.2709,17.5939,1.2665,0.1265,4.8564,5.4117,80.6418,21.8517,15.715,0,1,0,1
0.2219,7.2549,3.3437,0.2061,24.8072,3.6307,0.1498,14.3523,0.7002,37.2862,10.1295,18.3565,1,0,1,1
0.3175,10.8416,2.7484,0.1143,22.7123,3.3817,0.2435,8.6649,6.7581,52.2932,39.6817,12.6879,1,0,1,1
0.2964,5.6963,3.1235,0.1876,11.8675,9.8249,0.1103,10.8994,5.6898,69.4847,13.1763,23.0274,1,0,0,0
0.1749,4.2438,4.4623,0.2762,13.0729,8.501,0.0261,4.5072,2.7854,59.7698,27.2696,1.9506,0,0,1,1
0.1412,7.0093,1.5139,0.0436,17.183,5.4712,0.3321,11.5372,7.5956,77.7558,46.3977,1.0729,1,0,1,1
0.171,6.6067,1.3326,0.1312,5.0027,8.544,0.2214,4.9071,7.5955,48.6027,33.4891,34.3058,1,0,1,0
0.1856,2.5707,7.282,0.2753,5.3425,7.0878,0.1128,3.6506,6.957,92.9286,45.4604,5.9051,0,0,1,1
0.1767,2.0099,6.6361,0.1725,21.3471,3.6186,0.3302,9.4168,7.393,54.8293,37.0136,16.1492,0,0,1,1
0.1248,9.3298,5.1514,0.1825,11.8977,0.7935,0.117,2.3443,5.9159,91.9119,30.7497,11.6725,0,1,1,1
0.3441,6.985,8.4617,0.1659,8.9496,8.1149,0.1589,2.9545,1.3953,118.6591,2.9116,22.4636,0,0,1,0
0.3009,13.9945,8.8625,0.2851,9.6918,9.6495,0.2775,5.8789,1.7006,71.8516,34.5675,26.8461,0,0,1,0
0.1813,14.8964,4.2905,0.3292,38.5021,7.0541,0.2281,6.7499,3.6694,50.5367,15.2934,40.335,1,0,1,1
0.1626,1.9161,2.2289,0.2995,5.8739,6.8374,0.0774,14.0204,2.4096,105.2877,15.6335,39.9879,1,1,0,0
0.0274,3.5272,1.7006,0.1876,22.634,1.1969,0.0634,5.9734,1.4988,92.3682,14.9368,41.2502,0,1,0,0
0.1055,12.0847,1.6453,0.0487,23.3715,7.8617,0.2053,3.1544,4.2825,106.8911,37.5992,2.5846,0,0,1,1
0.1919,4.7481,7.3011,0.0814,21.7794,7.9107,0.1711,3.7006,5.1682,57.1226,6.8884,24.2676,0,0,0,1
0.1732,7.2666,2.0199,0.0252,25.6956,2.545,0.181,14.3218,3.2915,82.6997,38.0131,27.5398,1,0,1,1
0.3401,13.1228,6.5169,0.1725,28.7398,4.9377,0.3314,11.6054,6.6138,33.6645,38.0726,23.089,1,1,1,1
0.1452,8.7302,3.6858,0.3195,20.1595,7.6673,0.2948,4.9485,2.4909,75.7635,33.5675,33.7931,1,0,1,0
0.1774,4.9524,6.1951,0.0448,34.8959,7.9942,0.2352,13.8947,7.6025,65.926,16.1488,9.7193,0,0,0,1
0.2371,13.3387,5.4668,0.0234,16.9844,7.8834,0.1998,2.9975,3.219,35.3104,46.9737,43.4048,1,0,1,0
0.0646,14.9631,7.9258,0.1327,6.7923,4.3244,0.3376,3.292,7.3753,57.2282,31.4096,28.1109,0,0,1,0
0.2541,4.6146,6.7912,0.0799,35.6571,3.8577,0.1326,9.3328,7.2261,75.9397,20.8343,26.0936,1,0,0,1
0.2481,4.6933,1.9405,0.2834,18.5121,5.9125,0.1797,6.9729,7.2712,57.5157,48.9112,13.2561,1,0,1,1
0.1621,7.255,3.4974,0.1537,35.75,2.66,0.0568,13.7739,2.3945,96.932,6.7171,36.6069,1,1,0,1
0.1633,8.2699,2.9453,0.153,15.4344,7.8697,0.0417,11.4488,0.5327,116.9027,34.9705,19.4153,1,0,1,1
0.0511,1.7875,4.6587,0.0452,25.1916,0.4141,0.1161,13.4924,4.1495,53.6751,33.6559,36.1805,0,1,1,0
0.1866,10.5666,1.5557,0.2893,27.0298,8.0092,0.2854,14.4542,6.9455,85.4605,19.0024,10.5422,1,0,1,1
0.1515,7.8027,3.7072,0.1841,11.2703,3.4867,0.2675,5.509,4.5011,98.1094,9.579,37.3964,1,1,0,0
0.0828,7.3955,6.631,0.2451,16.8859,8.8696,0.0818,13.2679,7.9336,76.6519,45.0985,21.153,0,0,1,1
0.1112,10.4833,2.2628,0.0291,39.7954,8.9458,0.1499,10.1751,5.0127,111.0714,2.2514,15.8259,0,0,0,1
0.2025,8.8938,3.059,0.2433,39.6436,5.3603,0.0733,14.976,5.5135,109.1257,33.824,34.4748,1,1,0,1
0.09,7.6846,4.1422,0.3472,38.3085,6.1599,0.0219,11.2606,4.4668,101.6715,37.3188,10.2168,0,0,1,1
0.1599,6.4868,0.4183,0.2695,24.2976,1.5571,0.3268,8.2719,4.4365,45.8472,35.9217,7.8069,1,0,1,1
0.1054,1.4875,1.0438,0.2233,19.7047,9.3132,0.0637,2.5338,4.9187,96.805,29.3158,4.0116,1,0,1,1
0.3205,11.8386,6.0807,0.0217,15.8487,1.1566,0.0534,5.0326,7.1016,70.9894,4.7228,3.4834,0,0,0,1
0.1197,14.807,6.7449,0.1563,31.0637,2.2325,0.1373,13.0993,1.9999,53.6531,38.3228,14.8412,0,0,1,1
0.0449,1.6985,9.6945,0.1009,38.4792,4.9079,0.1505,5.9131,7.0351,102.3485,26.2853,32.7362,0,0,1,1
0.3196,5.7449,9.0375,0.3303,38.2263,2.1388,0.2143,11.9721,3.6105,77.264,35.3679,20.5983,1,1,1,1
0.0861,7.4752,2.3388,0.1234,24.2165,9.4306,0.119,6.1892,3.6562,90.011,47.3254,37.4753,1,0,1,0
0.2016,5.5759,3.6755,0.0511,22.2299,5.2348,0.3192,9.8866,2.9726,38.1994,32.2504,27.678,1,0,1,1
0.1252,3.9588,4.7562,0.3122,9.5792,5.9008,0.0537,9.2835,6.2991,62.8282,32.9302,32.5108,1,1,0,0
0.2508,12.4785,5.6531,0.2141,38.6645,3.2752,0.2643,14.0084,3.6494,105.8106,49.5193,37.9184,1,1,1,1
0.0489,12.0266,2.1386,0.2368,10.5501,4.599,0.276,5.5769,7.7782,79.2827,18.674,29.6493,1,1,0,0
0.1509,11.0518,9.9744,0.0644,36.1999,5.6886,0.0346,14.1038,2.2909,103.783,28.0938,4.8625,0,0,1,1
0.3026,5.903,5.8616,0.3349,21.6031,2.3251,0.3025,5.2334,6.8837,63.6323,22.582,44.94,1,1,0,0
0.0592,8.9933,2.2199,0.2077,18.6258,7.0527,0.2717,11.8361,5.1669,80.7837,8.1454,13.5977,0,0,0,1
0.1055,8.7467,7.3003,0.1972,11.8509,7.5122,0.0887,11.6369,0.841,107.5097,27.3535,18.1134,0,0,1,1
0.1438,1.523,3.0571,0.2075,26.9248,4.4886,0.1933,8.5271,3.1696,66.3327,7.8574,21.6986,1,0,0,1
0.1825,8.4314,1.6728,0.2541,5.2588,1.5929,0.1742,9.3221,4.3402,34.0292,29.6051,23.4302,1,1,1,0
0.2158,9.3292,4.5251,0.0548,5.8911,4.274,0.1603,2.5229,5.689,102.1879,17.9917,41.7087,1,0,0,0
0.0613,5.2737,4.8664,0.041,29.4669,1.5956,0.1318,3.8181,3.3394,37.5392,7.5589,25.1268,0,0,0,1
0.1219,12.0178,5.0794,0.1458,12.312,2.503,0.0242,11.073,3.7984,72.4347,25.6949,37.8895,1,1,0,0
0.343,1.2111,2.4747,0.1311,26.4876,3.0426,0.1323,4.0813,5.8467,67.3258,13.7548,41.3891,1,1,0,0
0.317,5.4858,7.8757,0.3269,11.4785,9.6797,0.043,5.5657,3.5452,82.4825,7.1948,17.1096,0,0,1,0
0.1007,14.5792,5.4684,0.135,33.7124,6.353,0.3002,12.4584,0.9115,80.2205,46.0361,10.9626,0,0,1,1
0.1488,8.7074,2.9168,0.0462,16.3017,4.1671,0.0566,9.869,5.9096,103.5069,21.7095,39.2032,1,0,0,0
0.1915,9.3494,5.6553,0.1718,16.2597,1.9569,0.0235,13.2334,4.5507,52.9313,11.6138,44.0906,1,1,0,0
0.1296,5.3628,2.7261,0.2606,31.5524,9.4676,0.1321,8.7973,2.2989,97.5663,47.3343,13.9906,0,0,1,1
0.1876,10.6202,6.3062,0.1191,16.9256,8.1198,0.3171,13.1368,3.1612,73.5253,15.5832,19.8018,0,0,1,1
0.151,11.2559,7.7179,0.1831,12.7455,4.2014,0.3108,14.5795,2.4302,113.466,12.3178,33.0058,0,1,1,0
0.2465,11.9555,4.0206,0.0466,8.3819,6.9487,0.1392,4.7434,3.1247,89.3066,12.7991,14.1884,0,0,1,1
0.2369,10.9186,3.2675,0.3292,29.9666,6.0178,0.3079,11.3712,3.014,52.9259,7.9091,12.2051,1,0,1,1
0.0742,10.3885,7.0851,0.2225,33.9827,3.6723,0.2382,13.2005,5.1982,62.3125,26.3747,6.6918,0,0,1,1
0.052,5.0799,1.2463,0.1545,7.6517,4.6064,0.3201,10.009,3.4086,53.651,11.1223,42.0827,0,0,1,0
0.2489,10.6141,0.6699,0.2531,20.2239,5.7694,0.3485,6.3141,3.2483,32.1659,4.6129,9.3002,1,0,0,1
0.2673,9.5982,9.8223,0.2387,35.4712,2.7348,0.3066,5.2482,6.0172,66.0948,38.4716,24.2912,0,0,1,1
0.1931,2.9047,8.54,0.1619,15.8648,1.2552,0.1108,7.9533,6.2772,48.724,37.0372,44.0983,0,1,1,0
0.1678,3.4816,7.5513,0.2499,25.8523,6.0981,0.2961,12.1157,4.1248,111.2679,2.7296,11.9071,0,0,0,1
0.1769,5.521,2.2998,0.0421,26.2758,0.7421,0.346,5.5708,5.428,38.5031,8.7921,17.7991,1,0,0,1
0.3497,7.3713,2.1421,0.2437,25.9319,5.4854,0.2113,6.6072,3.5646,58.9633,43.738,34.6313,1,1,1,0
0.346,3.6992,8.1351,0.0452,32.1283,4.8635,0.0935,2.661,3.4028,99.0561,27.8506,43.6067,1,0,1,0
0.0729,14.009,1.8752,0.057,25.9797,3.9266,0.1875,12.1645,2.9577,95.5929,19.467,41.8185,1,0,1,0
0.1187,8.2984,2.3071,0.1676,19.8742,1.196,0.2711,10.0394,2.6286,58.6686,17.4758,32.9063,1,1,1,0
0.2888,13.9151,1.0967,0.1637,39.5836,2.0311,0.1469,11.126,3.0604,92.7278,47.9967,23.515,1,0,1,1
0.1999,9.1279,5.2895,0.3412,30.2339,8.8357,0.1915,8.9479,6.3289,60.3054,27.9987,43.6952,1,1,0,0
0.2837,11.4371,8.3086,0.1153,23.2502,8.546,0.329,6.6619,7.9644,31.2468,19.3672,35.2828,1,0,0,0
0.0398,8.0881,2.0544,0.136,34.0829,5.5306,0.1065,14.0338,5.8259,119.9907,48.8908,17.9192,0,0,1,1
0.3082,3.1766,5.9792,0.2436,5.9225,8.9158,0.08,12.8383,5.1906,64.7371,34.3987,29.9427,1,1,0,0
0.0352,8.3794,5.8233,0.0833,25.0584,5.4089,0.1645,14.7223,7.7952,74.8233,24.3579,25.0179,0,0,0,1
0.2561,5.2814,1.0316,0.0681,22.8151,6.7992,0.2256,9.8753,4.6146,101.2077,16.9497,11.0399,1,0,1,1
0.0722,3.1568,3.509,0.0495,34.0455,5.2604,0.3291,14.6767,5.4803,66.995,19.3826,3.9385,0,0,1,1
0.279,7.624,2.3178,0.2936,17.2983,4.1397,0.2781,3.5919,5.2497,102.937,29.2178,22.6308,1,1,1,1
0.1939,4.6385,7.2528,0.0499,28.5588,2.4295,0.1489,6.0441,0.7988,53.9558,16.1772,32.6677,0,0,1,1
0.1845,8.0876,5.8124,0.2129,25.767,0.8568,0.0859,7.3715,7.3484,75.3152,4.6807,9.7519,0,0,0,1
0.2197,11.8559,2.3372,0.27,9.6737,1.7891,0.1436,6.6389,2.1534,48.9362,31.5924,15.3403,1,1,1,1
0.101,10.3585,1.2987,0.1838,14.7319,4.75,0.3045,14.5684,1.494,37.7946,22.5183,24.9078,1,1,1,1
0.345,4.0051,6.9188,0.178,18.1125,9.0483,0.0916,4.154,6.7441,111.4163,6.3379,28.5619,1,0,0,0
0.1818,8.779,1.7012,0.0636,37.1203,1.0973,0.0681,13.1725,4.4235,40.9271,40.4441,14.6662,1,1,0,1
0.0247,3.8558,1.9971,0.3143,21.9544,5.9607,0.2258,7.1251,2.5402,83.0142,21.6747,4.4555,0,0,1,1
0.0763,11.0231,3.0337,0.3175,7.3227,8.1486,0.2696,6.0548,7.3851,108.8513,35.7242,14.9444,0,0,1,1
0.0283,4.4452,3.5865,0.0209,26.556,6.1316,0.2339,9.7611,7.3764,38.0229,33.3686,40.2653,0,0,1,0
0.0898,13.2985,7.6543,0.1265,35.6173,9.8341,0.0728,3.5133,4.8375,84.1643,41.0338,38.8918,0,0,1,1
0.0327,12.1148,5.8675,0.1323,36.279,3.6648,0.276,7.5231,7.9299,57.6163,13.8978,24.5003,0,0,0,1
0.0851,13.3983,0.7949,0.3407,20.5846,7.2073,0.1071,2.7595,2.3146,99.1031,38.8535,15.3332,0,0,1,1
0.137,8.101,3.3304,0.2582,25.6949,3.5443,0.1595,11.515,2.4319,53.2447,2.9013,32.8407,1,1,0,1
0.2636,9.4634,6.9135,0.0681,31.6241,0.5651,0.1247,9.545,6.3649,94.9241,28.7301,27.381,1,1,0,1
0.251,9.406,7.2885,0.0581,25.7923,7.7292,0.1973,7.3204,2.9657,62.3482,7.8151,13.7724,0,0,1,1
0.2939,10.3682,9.7764,0.2654,19.5482,2.7817,0.0387,4.0675,4.2527,95.657,5.1878,42.0718,1,1,0,0
0.2168,14.6664,8.6871,0.1425,17.0799,1.0302,0.2801,3.2142,5.9848,93.8762,49.2882,32.5729,0,1,1,0
0.0929,9.2685,0.6122,0.1773,39.6722,1.526,0.0575,13.722,4.9655,47.8242,5.7793,23.8022,1,0,0,1
0.2649,8.2078,9.214,0.1127,10.4036,5.3847,0.1436,9.3027,6.1914,95.8859,48.1542,31.4616,0,0,1,0
0.2635,9.1984,2.8761,0.0228,7.7891,8.9694,0.2533,4.2002,3.1205,115.5725,8.6646,3.4164,0,0,1,1
0.2149,2.5982,4.7116,0.2197,25.4842,9.8595,0.2564,8.493,1.6232,68.0999,36.4523,11.9238,0,0,1,1
0.0279,1.761,9.8047,0.246,25.384,0.3476,0.2189,6.1045,6.7133,53.3636,38.3933,15.5252,0,1,1,1
0.0446,12.8518,8.0926,0.2567,5.849,3.7953,0.1555,5.133,3.104,100.0277,15.1598,2.156,0,0,1,1
0.03,7.4108,5.5565,0.2488,20.5188,5.8489,0.0296,5.8273,3.8216,37.888,2.8699,35.5494,0,0,0,0
0.1927,6.0213,3.2153,0.0421,39.0885,4.3575,0.1686,3.3315,7.1189,59.7952,22.1764,36.9729,1,0,0,1
0.2906,5.7897,7.587,0.1367,10.5348,0.7388,0.2601,3.7562,2.2179,96.1974,14.7265,5.7824,0,0,1,1
0.121,5.2055,3.523,0.3034,16.4006,6.4021,0.1496,10.6545,0.9007,81.1957,5.0563,41.5773,1,1,0,0
0.0332,9.4072,1.3281,0.2319,15.7177,7.0476,0.1871,8.2258,3.8572,66.0733,27.1725,22.9029,0,0,1,1
0.071,14.086,0.5428,0.272,34.3784,4.1437,0.2856,5.7311,2.3181,45.9858,40.5355,1.127,0,0,1,1
0.2469,13.3609,5.2348,0.072,30.8,3.0326,0.1752,5.0136,2.7484,108.5106,3.9091,13.8361,0,0,0,1
0.2144,4.8693,9.5752,0.0735,9.6241,4.9318,0.0241,14.523,3.4382,61.9131,5.1191,14.18,0,0,0,1
0.3083,1.0688,1.3975,0.1246,27.5658,2.2377,0.2884,8.6939,2.1783,101.498,47.0962,21.1317,1,0,1,1
0.2745,10.905,8.9105,0.2794,29.2991,1.7424,0.1809,3.8076,3.5558,71.7995,38.1446,29.7588,1,1,1,1
0.0806,8.5404,6.3415,0.0907,8.0125,5.9266,0.3019,2.8231,4.2774,63.1779,23.2481,24.9596,0,0,1,0
0.2821,8.0121,8.9909,0.305,31.2542,0.4522,0.2447,2.4173,3.1293,30.0962,36.436,17.4967,0,0,1,1
0.1627,9.1397,9.5133,0.2163,36.0898,1.9577,0.2405,4.0039,4.1289,88.6657,22.0615,40.8254,0,1,1,1
0.2084,11.988,4.1602,0.1488,36.4308,1.2968,0.0308,2.8328,3.4458,105.6964,40.345,20.4608,0,0,1,1
0.3426,7.2501,1.9649,0.1098,9.3903,8.404,0.2706,7.4382,2.2767,85.7465,26.3258,35.4703,1,0,1,0
0.0365,1.5392,1.3808,0.245,5.0871,8.5737,0.2699,10.6667,2.2449,64.6982,10.6414,20.2235,0,0,1,0
0.0283,12.0527,4.9452,0.348,14.3688,5.8554,0.2984,11.9377,6.0293,56.6694,47.5652,4.4125,0,0,1,1
0.1959,2.3749,7.2302,0.1681,24.1385,5.5108,0.3106,4.8195,6.9409,78.8378,9.1514,32.0957,1,0,0,0
0.0885,12.7087,7.3728,0.1329,6.5409,5.4518,0.2249,12.3035,3.5223,108.9772,24.3395,20.7893,0,0,1,0
0.1809,9.8163,0.969,0.2241,34.0219,2.7658,0.2946,13.3326,7.5211,105.2525,39.1021,28.01,1,1,1,1
0.1023,9.8564,5.8699,0.3206,7.8149,8.5197,0.2058,10.8372,6.0934,73.5175,47.1368,18.6883,0,1,1,0
0.2564,4.2555,4.5469,0.0654,22.0898,6.2589,0.2181,3.5494,6.1249,84.5483,20.0512,30.0222,1,0,0,0
0.3216,8.076,3.3743,0.2452,19.2055,3.6305,0.3496,8.7902,3.7172,81.5339,29.0843,10.7545,1,0,1,1
0.2702,5.6397,4.7351,0.1265,21.5342,1.1944,0.2328,6.5065,3.8714,34.3991,47.9524,17.9513,1,1,1,1
0.3272,7.2996,3.2284,0.0397,37.7905,4.4705,0.1329,14.1366,5.3574,31.5087,11.2139,44.8849,1,0,0,1
0.1058,6.8992,0.5242,0.1827,29.4135,3.342,0.1969,12.2734,7.1904,72.186,29.8136,40.0469,1,1,0,0
0.2595,9.78,4.0848,0.0933,29.133,3.8617,0.1614,9.8926,1.4565,80.3051,33.7392,19.1387,1,0,1,1
0.3045,8.1646,2.1625,0.2998,13.0659,5.8168,0.2265,8.1779,0.6258,98.569,24.8711,43.6759,1,1,1,0
0.277,8.3387,9.182,0.2299,16.7046,1.2893,0.3103,8.7761,5.8371,63.4869,41.5392,17.4456,0,1,1,1
0.2431,9.6531,9.5557,0.1068,27.798,1.5876,0.1893,8.3137,1.3238,113.2192,44.6004,43.3014,1,1,1,0
0.0834,13.7953,0.6185,0.0553,22.6961,6.759,0.2376,12.4484,1.8963,30.4216,6.5074,38.8828,1,0,0,0
0.3286,8.9903,6.1364,0.1804,27.024,5.6649,0.3245,5.1972,7.4616,69.552,46.2812,4.5864,0,0,1,1
0.1981,3.157,5.1095,0.1661,37.5273,2.2312,0.0909,13.3004,6.7511,82.7753,44.6159,38.9558,1,1,0,1
0.1217,9.1524,8.6392,0.2279,16.5058,7.8181,0.1003,10.9141,5.1307,64.7319,13.0269,14.6156,0,0,0,1
0.1054,10.9995,3.8055,0.077,12.7405,4.4205,0.2425,12.322,1.0831,55.4705,11.4124,32.523,0,0,1,0
0.2565,13.5873,5.7792,0.0935,9.5824,7.5416,0.1351,2.8809,5.0954,71.7989,49.8235,16.0647,0,0,1,1
0.22,8.5655,2.023,0.031,14.9634,3.6336,0.298,9.0267,4.0737,59.1646,33.9555,41.8915,1,0,1,0
0.2278,9.6935,8.0141,0.0633,11.2566,6.542,0.3384,3.4791,2.3848,96.3498,21.0038,36.5541,0,0,1,0
0.3082,2.4564,4.221,0.2131,32.6005,9.6833,0.0619,7.3264,5.2764,112.2669,33.326,26.5473,1,0,1,1
0.2872,2.4622,3.8389,0.0465,18.2867,4.0175,0.2187,11.515,3.3803,119.3342,48.3951,41.3889,1,0,1,0
0.2889,14.5,0.3473,0.0421,23.2703,9.3787,0.2318,5.0869,4.6005,35.8244,25.0665,21.3082,1,0,1,1
0.3184,3.4049,2.2511,0.2059,14.5621,9.029,0.3198,13.536,1.0587,74.0465,26.187,16.1314,1,0,1,1
0.3067,9.3123,7.7851,0.2215,21.1982,1.9028,0.0493,5.6044,3.1332,77.8754,12.3897,15.4531,0,0,1,1
0.0241,5.4088,3.1605,0.2044,23.4837,8.2585,0.1964,14.713,7.3225,93.0994,26.6506,20.8123,0,0,1,1
0.2874,11.6288,7.6166,0.1326,29.8015,9.7374,0.1086,7.9465,2.519,67.7199,32.1843,8.7056,0,0,1,1
0.1675,11.8858,8.2553,0.2301,37.8924,5.4398,0.1539,4.7135,6.6837,33.4389,39.9812,19.1573,0,0,1,1
0.2724,4.9607,9.5669,0.0266,13.3913,6.5605,0.3093,11.5617,7.3453,30.7888,29.0729,43.2366,0,0,1,0
0.2629,13.5349,0.55,0.1188,31.4637,0.4152,0.2212,9.1435,2.4707,66.365,13.6298,1.942,0,0,1,1
0.1497,13.936,9.7951,0.1881,18.5653,0.9588,0.1949,9.3327,1.7328,30.2632,14.9871,31.2995,0,1,1,1
0.205,8.6239,5.1752,0.0277,5.0798,2.4534,0.3453,6.4386,6.5653,94.9223,9.3016,40.3303,0,0,0,0
0.3402,13.2873,8.1895,0.1902,11.7253,7.3732,0.1232,12.3904,2.9508,115.8409,14.9743,39.6432,1,1,0,0
0.0911,6.2316,8.1155,0.2834,22.4093,5.8667,0.1644,2.9092,0.6347,83.6944,29.3495,24.1896,0,0,1,1
0.0972,13.6748,2.4066,0.2679,7.9099,5.1569,0.3275,7.0558,6.3982,74.6798,9.5824,20.0741,1,1,0,1
0.149,2.5277,8.9579,0.2106,22.8244,8.252,0.0875,3.5522,4.2201,87.6429,45.0504,8.195,0,0,1,1
0.2452,5.7835,9.4736,0.2789,25.6189,4.1251,0.0649,6.7009,6.3694,30.5103,45.6848,27.0849,1,1,0,1
0.3406,10.3709,8.0806,0.3166,32.0401,9.8757,0.2197,2.085,4.0772,104.8746,43.5845,20.3512,0,0,1,1
0.339,11.8525,7.0372,0.055,39.7342,1.4894,0.058,7.7563,6.7313,119.129,19.6814,22.4129,1,0,0,1
0.0828,9.5426,7.5112,0.241,19.2441,3.6494,0.132,7.839,1.5322,78.8075,37.7311,6.7568,0,0,1,1
0.2709,4.5244,3.2037,0.3318,15.2247,2.7282,0.333,13.4859,3.1537,68.3661,49.0184,35.743,1,1,1,0
0.3188,5.1993,1.1036,0.2481,24.8771,0.5402,0.1581,13.7536,5.1029,117.8089,20.2255,41.4655,1,1,0,0
0.2576,5.1139,7.1244,0.254,15.5825,5.5257,0.3009,6.5024,1.3926,37.7575,37.8117,15.0891,0,0,1,1
0.2078,14.9101,6.4153,0.2915,34.0002,5.8956,0.3232,8.1562,6.569,48.4007,23.5367,36.3004,1,1,1,1
0.3367,11.4288,3.3473,0.3177,12.0086,9.1796,0.0729,9.5451,2.1014,43.8318,46.6376,5.3014,0,0,1,1
0.3267,12.9421,1.0903,0.0301,34.8631,4.0762,0.1607,3.349,1.815,32.7669,39.9635,30.0846,1,0,1,1
0.2086,10.1688,1.1883,0.1314,30.6787,2.1912,0.187,7.797,3.5148,48.9743,38.6763,19.5346,1,0,1,1
0.2044,10.4915,7.3619,0.1225,7.0397,2.3383,0.0903,14.8416,3.4899,106.5082,2.3389,22.1932,0,1,0,0
0.1693,2.3597,6.2134,0.2301,39.5844,6.2829,0.0582,5.4197,2.3988,54.3168,4.9213,34.9175,1,0,0,1
0.2658,9.341,1.403,0.2234,38.1621,1.9033,0.0807,12.6618,5.797,49.6578,21.9468,30.2713,1,1,0,1
0.2787,4.2959,2.4968,0.219,13.4421,9.4585,0.2675,11.6573,6.5553,38.0662,27.2017,35.9414,1,0,1,0
0.316,3.0057,4.8374,0.1142,31.7631,0.5435,0.2198,5.2241,0.8044,72.6131,39.9789,13.8361,1,0,1,1
0.2964,2.7102,3.0873,0.2223,29.8274,5.6844,0.1607,14.7997,5.2645,107.4417,34.2585,22.6449,1,0,1,1
0.2267,12.4529,8.2368,0.1986,9.8056,6.8431,0.1729,11.4062,3.9517,113.6045,6.4744,36.7685,0,0,0,0
0.2877,10.092,7.2528,0.2627,12.916,1.0021,0.3252,13.1151,6.1975,81.4206,29.1716,2.4763,0,1,1,1
0.3466,1.5998,1.0035,0.0837,12.605,3.9917,0.3464,10.7292,6.9442,65.0976,36.7597,32.6934,1,0,1,0
0.1905,11.9443,1.3986,0.3068,31.3397,5.4696,0.0828,6.8322,1.2046,81.9461,3.5267,28.0174,1,0,1,1
0.3179,2.9055,2.9834,0.3343,39.7726,1.4686,0.0705,5.2166,5.8258,59.0422,13.06,13.475,1,0,0,1
0.0976,9.7239,2.2627,0.173,27.8105,1.9152,0.2784,2.876,5.0641,42.021,21.9298,31.7017,1,1,1,1
0.3299,5.0535,7.0621,0.1366,38.9174,7.3987,0.1429,14.1864,4.9432,88.3272,38.3395,10.1478,1,0,1,1
0.0326,1.3605,9.5181,0.2486,17.4363,5.246,0.1056,14.3289,6.278,72.8039,16.8189,25.6883,0,1,0,0
0.2111,3.9921,7.6919,0.1226,11.601,1.9581,0.2621,3.4938,4.6918,77.5873,45.068,14.7562,0,0,1,1
0.2212,10.6582,1.6809,0.0214,34.0986,8.5948,0.2894,13.8049,6.3594,105.8724,33.673,36.7584,1,0,1,1
0.0259,9.889,3.5547,0.1781,10.067,0.7247,0.2931,5.9554,2.2331,31.2173,17.2923,39.5106,0,1,1,0
0.0325,4.3441,0.9652,0.0812,10.8133,0.8251,0.3018,13.3885,4.0054,94.1459,38.1293,19.1833,1,1,1,0
0.088,4.0474,9.2435,0.2403,24.9199,2.8891,0.2805,5.7331,6.5671,40.9858,40.72,20.1896,0,0,1,1
0.1073,9.0514,8.7972,0.1236,37.0112,5.2127,0.2791,2.6921,4.0632,63.8433,20.8885,27.8445,0,0,1,1
0.0833,13.9944,8.5781,0.1326,16.576,4.8092,0.2438,12.3115,4.3827,114.2326,26.284,36.7565,0,0,1,0
0.0991,5.3183,7.4134,0.1995,13.0004,7.073,0.1135,2.9999,7.7772,97.9329,21.6304,41.4447,0,0,1,0
0.0385,5.8732,8.4038,0.2372,29.476,0.3713,0.1548,11.4765,4.0839,40.871,24.799,24.5859,0,1,1,1
0.214,14.338,4.7826,0.2642,20.9296,9.7338,0.092,10.0798,4.956,71.8525,4.6966,43.0336,1,1,0,0
0.3167,3.4058,2.8728,0.1071,25.8827,1.011,0.338,14.8098,7.7909,90.3553,11.9465,1.378,1,0,0,1
0.1161,6.2934,9.4973,0.2014,10.4044,3.4755,0.168,8.7494,2.131,89.8543,32.1774,30.5919,0,0,1,0
0.2459,1.2662,4.4459,0.22,10.0206,1.1476,0.157,9.745,6.9373,82.1532,4.2608,28.7702,1,1,0,0
0.0823,11.2727,7.1612,0.1002,5.8982,6.9619,0.0403,6.7378,0.9112,93.3411,20.7893,42.7623,0,0,1,0
0.0331,8.6586,7.0658,0.2606,20.1493,6.8241,0.3357,10.0788,4.9774,41.8691,27.188,21.7057,0,0,1,1
0.1865,3.3343,1.3872,0.3003,14.1365,4.6706,0.1169,3.7532,6.7127,69.237,49.1446,36.5153,1,1,0,0
0.2376,10.9587,9.7787,0.2301,13.3388,1.7879,0.0312,11.9157,7.4807,114.5942,26.5076,35.7193,1,1,0,0
0.2805,12.202,4.8372,0.2774,18.5332,6.028,0.0595,8.4281,4.4631,35.2039,20.216,17.304,1,1,0,1
0.2732,14.6242,3.7414,0.1557,27.9682,1.5412,0.1441,10.3227,4.0797,80.7903,3.3746,13.207,0,0,0,1
0.2305,7.4546,2.226,0.0782,20.4785,1.4825,0.0629,13.4285,3.0698,36.2476,13.6462,5.4773,1,0,0,1
0.1643,5.5169,9.0723,0.2217,38.1726,3.0471,0.3075,11.7925,3.2605,80.1134,27.9116,29.4752,0,0,1,1
0.0254,13.4571,3.2587,0.0573,12.6845,5.4232,0.3071,6.4445,0.8632,79.3965,16.698,40.7281,0,0,1,0
0.0942,6.5773,2.4876,0.2528,12.2384,6.4522,0.2659,6.1077,7.8148,74.6437,8.3516,23.1213,1,0,0,0
0.0629,6.6373,8.1513,0.2835,36.8635,5.1432,0.2022,9.2727,2.095,100.0969,25.8664,15.4129,0,0,1,1
0.2629,12.9709,8.4058,0.1771,9.5054,9.5661,0.2166,2.1564,3.9173,103.0593,4.7814,43.681,0,0,0,0
0.2042,7.7299,0.506,0.1449,18.4576,2.3501,0.2406,3.3932,5.6367,92.1893,34.7676,33.994,1,1,1,0
0.0355,13.2484,6.1971,0.2844,7.4209,1.7527,0.1706,4.524,5.7992,53.8781,5.0544,16.099,0,1,0,1
0.2817,5.7426,1.8127,0.2289,18.6942,8.3095,0.34,7.7902,1.3267,102.0047,48.8856,39.1997,1,0,1,0
0.2242,12.1886,1.5963,0.09,12.2774,9.0567,0.3229,13.5046,5.5588,32.5668,10.4244,8.0238,1,0,0,1
0.1205,10.4787,7.952,0.2138,26.3763,0.5631,0.032,14.1352,3.8827,117.0879,13.6633,1.4684,0,0,1,1
0.2541,4.0439,5.3107,0.1968,21.7197,0.4227,0.0685,6.711,4.4637,74.2962,7.2585,4.5996,0,0,0,1
0.2115,9.5488,9.518,0.1018,11.768,2.6676,0.1845,11.6711,0.7504,61.5564,11.0659,9.6934,0,0,1,1
0.2342,4.4406,0.5752,0.0614,12.4215,1.5498,0.2291,11.5276,1.9887,114.5254,46.5221,15.2584,1,0,1,1
0.1639,3.1245,7.5217,0.2222,22.6772,7.4754,0.0994,12.5027,2.8309,86.8064,6.9643,20.7812,0,0,1,1
0.1621,7.0819,1.5665,0.2266,21.0247,0.5582,0.1972,6.5736,1.7041,96.5207,38.8281,7.3953,0,0,1,1
0.3481,7.72,4.8272,0.2201,22.3689,4.0337,0.0648,9.6554,5.7631,104.7657,40.7127,38.5792,1,1,0,0
0.1799,11.2962,7.4166,0.3309,25.0286,9.9379,0.2471,13.361,5.4281,49.4468,34.1739,19.605,0,0,1,1
0.061,5.1965,7.0479,0.1925,19.6323,2.1736,0.1628,7.3892,5.2544,98.8384,37.8942,13.2864,0,0,1,1
0.3373,10.3847,9.6031,0.3348,9.6211,5.009,0.3379,5.6966,1.4999,66.3209,37.0925,35.7586,1,1,1,0
0.094,14.8816,3.6795,0.24,31.5491,8.5206,0.322,13.3855,4.713,36.3516,7.3518,31.4824,0,0,0,1
0.1803,4.8252,7.9336,0.2852,35.4311,5.746,0.1339,11.1588,6.7937,52.8765,37.6829,10.1302,0,0,1,1
0.3362,2.5683,8.7151,0.3066,29.7625,4.5134,0.2505,9.2685,6.1543,42.368,42.6719,28.1249,1,1,1,1
0.158,12.7769,9.2335,0.1699,31.0839,3.2595,0.0428,14.8456,1.7584,41.9595,25.7841,13.5545,0,0,1,1
0.2,9.0376,3.05,0.1601,21.7418,1.2039,0.2812,2.2829,1.3788,31.6394,40.9186,2.6499,0,0,1,1
0.0431,4.7677,2.9644,0.2325,28.6217,2.5906,0.1264,7.5267,1.0196,113.709,7.4576,19.8103,0,0,1,1
0.0649,6.8524,7.8766,0.2111,22.265,9.4083,0.0406,9.8351,3.4765,91.8163,17.5982,7.8677,0,0,1,1
0.2751,8.996,0.4732,0.1971,28.8547,6.5253,0.1227,12.0094,0.7987,68.8912,31.9831,13.9184,1,0,1,1
0.0489,1.7638,7.621,0.2057,18.6804,8.2153,0.2382,14.3607,2.0947,75.6004,44.223,29.9411,0,0,1,0
0.2575,3.1444,2.1274,0.269,12.021,5.5027,0.1796,5.3501,4.5203,87.4803,14.4033,14.325,1,1,0,1
0.1388,1.0999,7.6126,0.2309,26.5953,0.9477,0.2407,14.7655,6.6647,93.7509,24.4326,3.2802,0,0,1,1
0.3001,3.5983,8.2478,0.2818,37.9086,8.9909,0.1668,7.199,5.4992,57.0189,38.6179,18.1886,0,0,1,1
0.0857,13.4208,1.946,0.2346,38.0318,2.3139,0.2207,2.4863,5.4793,113.1862,19.6889,37.7893,1,1,0,1
0.197,9.3254,7.9609,0.2945,23.2947,8.1128,0.3425,14.6252,5.7293,94.8726,42.5754,19.7185,0,0,1,1
0.0537,10.6125,8.3,0.2718,36.7505,8.7137,0.2346,3.8617,2.5426,79.0676,25.7189,12.0353,0,0,1,1
0.3161,5.0871,5.9642,0.3367,21.475,8.6452,0.2577,6.8802,5.0573,70.0676,45.2135,7.3603,0,0,1,1
0.1274,2.2406,1.5867,0.1826,25.299,0.4739,0.1514,7.5787,6.9251,119.6512,12.4819,16.8062,1,1,0,1
0.0588,10.06,3.9026,0.3314,17.1536,1.4842,0.236,12.1963,1.035,89.7541,49.5437,1.3598,0,0,1,1
0.2247,10.128,5.91,0.1156,21.046,9.0156,0.2367,8.4453,1.9882,71.1245,3.8925,10.7831,0,0,0,1
0.1972,4.7532,9.4131,0.0776,31.7075,7.2568,0.2863,6.8096,6.84,80.2829,45.3073,20.7116,0,0,1,1
0.2103,2.0401,1.8852,0.3073,21.552,5.6438,0.2997,7.7535,5.2714,114.9094,41.7204,29.4662,1,0,1,0
0.3443,3.9372,1.2886,0.2692,14.3384,8.3221,0.259,7.7263,0.5682,50.1617,4.3281,30.2819,1,0,1,0
0.2116,3.0589,5.0976,0.2101,14.9836,7.9581,0.2528,11.0819,2.8571,40.1501,16.6727,39.0937,1,0,1,0
0.0662,8.517,9.2819,0.0918,30.6732,9.9214,0.2046,3.2764,0.5765,51.1537,34.5755,20.045,0,0,1,1
0.0401,6.4315,2.3638,0.1486,32.685,8.8376,0.1945,5.2539,0.6275,114.1976,6.1099,3.3079,0,0,1,1
0.2459,12.5891,3.8102,0.0338,13.0454,9.9318,0.0512,9.4912,6.7554,80.3762,4.1459,33.6833,1,0,0,0
0.1518,10.4134,9.3006,0.0732,29.426,6.8995,0.1851,8.1566,1.7972,59.4489,19.1747,34.1291,0,0,1,1
0.1016,2.7028,8.2449,0.0855,30.578,0.6006,0.064,6.2632,6.1342,63.5384,4.5544,42.1711,0,1,0,0
0.173,6.652,9.075,0.1533,26.0822,1.3923,0.1583,3.6757,2.6609,54.6869,4.7826,36.8268,0,1,0,0
0.1486,1.3687,6.0527,0.3212,31.2254,4.4162,0.1455,6.4226,0.7966,50.4304,5.288,1.8345,0,0,1,1
0.3051,7.5078,4.2163,0.1506,10.5724,8.4158,0.074,13.4378,2.5088,58.31,20.9536,15.5435,1,0,1,1
0.192,8.3917,1.4127,0.1646,27.0343,9.2761,0.3179,2.1437,1.6008,56.1734,21.0275,34.8623,1,0,1,1
0.2161,8.6683,8.5744,0.3227,22.2688,7.298,0.1167,2.7535,2.0393,57.0777,26.7831,12.9974,0,0,1,1
0.1622,5.2156,2.0072,0.188,25.3558,5.5771,0.2263,3.9771,4.6694,108.9027,7.2734,18.1039,1,0,0,1
0.2213,6.0708,8.7399,0.3008,12.5501,7.0947,0.1227,11.5345,6.2574,47.9734,3.9728,38.2627,1,1,0,0
0.0551,10.7814,9.5595,0.2075,21.81,0.4795,0.3451,7.1798,3.5622,61.1381,20.4511,33.2679,0,1,1,0
0.029,5.2721,7.9522,0.1178,23.9401,6.081,0.1646,11.947,1.9641,54.2918,19.3484,35.8681,0,0,1,0
0.316,10.1999,5.8836,0.1926,16.5435,5.6017,0.0387,12.519,4.7814,80.1231,7.3051,13.0529,1,1,0,1
0.0206,6.7696,8.373,0.2766,28.3591,6.9399,0.3222,8.2532,3.8475,103.603,33.3745,5.1731,0,0,1,1
0.2585,3.0938,2.2456,0.2162,11.7963,4.8475,0.2494,10.6357,2.2004,44.5593,26.4484,27.8128,1,0,1,0
0.3394,2.8067,7.3392,0.182,30.5955,1.6668,0.209,11.4078,7.3701,39.6784,3.2207,36.7124,1,1,0,0
0.1721,11.3323,0.6572,0.2069,7.9413,4.5855,0.0527,10.1031,2.0878,118.4502,8.4517,19.2071,1,1,0,1
0.1021,3.0084,6.4924,0.043,21.7639,0.3614,0.0548,11.2293,3.6052,98.6231,43.1857,34.6344,0,1,1,0
0.2761,6.001,7.7949,0.1196,5.2323,6.4461,0.2192,10.8318,5.9995,103.8405,47.6814,32.2945,0,0,1,0
0.1609,1.8747,6.8401,0.1082,35.1654,5.2008,0.142,10.0827,4.3415,76.7416,28.6468,26.0534,0,0,1,1
0.21,5.1431,6.9165,0.329,12.9358,7.4798,0.1078,12.0235,3.2217,81.6142,21.6544,20.2429,1,1,0,0
0.1771,4.3635,1.5357,0.1461,7.463,8.8992,0.3154,5.4335,4.8617,39.5346,47.2284,14.2703,1,0,1,0
0.1607,12.4834,4.8022,0.1266,32.5526,7.0841,0.2685,13.8837,7.5643,39.1544,14.4745,37.4957,1,0,0,1
0.2628,14.5082,7.5044,0.2602,15.4421,3.2976,0.2732,12.8228,4.4179,103.5771,25.4923,35.5348,1,1,1,0
0.1967,13.0408,2.1425,0.0614,10.9736,5.108,0.1218,10.1203,2.3127,54.2858,15.0578,38.8888,1,0,1,0
0.1757,12.4794,3.7117,0.0451,23.7348,3.5673,0.2419,3.4884,3.4861,114.2095,5.6112,39.5422,1,0,0,0
0.2091,1.9913,3.334,0.3194,6.7671,7.4214,0.2478,2.8771,7.9998,87.0832,42.1706,35.2361,1,0,1,0
0.1968,8.2153,9.4072,0.1815,15.3497,9.2743,0.1818,6.8166,4.1345,50.3897,36.1385,42.8844,0,0,1,0
0.0887,9.6168,6.5659,0.1752,29.4562,0.497,0.2867,12.3611,7.2833,32.3897,19.5541,42.8613,0,1,0,0
0.0747,3.3152,5.1289,0.1716,10.9625,0.3326,0.091,5.8145,6.6164,53.5286,45.4305,4.7036,0,1,1,1
0.0823,14.8709,3.3287,0.0226,20.5183,3.5748,0.2999,8.77,5.5992,94.9393,2.0418,20.7279,0,0,0,1
0.2655,4.6669,5.9954,0.1107,12.222,7.3026,0.0832,12.1231,6.8477,54.499,49.1803,22.1686,1,0,1,0
0.3351,14.9882,7.715,0.2867,10.4692,6.8575,0.31,3.0784,6.396,58.6426,11.558,17.2081,0,0,1,1
0.2324,14.513,8.3611,0.1779,38.6471,8.092,0.1755,3.6195,1.1507,74.9869,47.275,39.5281,0,0,1,1
0.3398,6.5053,6.3516,0.2398,18.7238,9.4642,0.1637,2.5531,3.3799,103.4773,35.3208,1.0571,0,0,1,1
0.0649,5.9893,9.4901,0.2523,31.7683,8.2792,0.2022,14.474,3.0506,112.2208,24.7791,30.5175,0,0,1,1
0.0775,1.2901,1.9433,0.0961,6.6686,1.4046,0.1636,4.6238,6.6179,37.5159,13.1342,7.7866,1,1,0,1
0.2404,13.8884,8.3128,0.2365,14.0073,4.6424,0.3304,13.8027,2.3609,98.3064,40.4059,3.9376,0,0,1,1
0.0487,2.7864,6.6409,0.143,19.0484,6.7464,0.0919,12.156,1.6652,94.7101,17.8955,38.6211,0,0,1,0
0.1194,5.6246,3.9658,0.1675,20.9916,2.8207,0.2164,3.3506,7.6614,97.4795,2.5433,18.362,0,0,0,1
0.1445,7.8044,5.4942,0.2705,19.3052,5.677,0.0749,4.7805,4.321,105.0638,15.7097,18.9901,0,0,1,1
0.1259,14.3473,7.2066,0.2965,18.5148,0.8862,0.1703,14.0901,6.9664,85.8518,11.3295,26.7702,0,1,0,1
0.0565,12.3996,2.6661,0.1305,25.7676,7.2361,0.1685,4.1717,2.1738,65.5341,49.3688,35.5148,0,0,1,1
0.1054,14.1129,7.7361,0.1117,11.0541,3.8583,0.1556,14.8617,5.6943,50.9326,39.7137,20.4182,0,0,1,1
0.0201,11.2817,5.6796,0.0801,36.344,7.2283,0.0462,9.4481,2.6258,65.7774,45.3824,42.2989,0,0,1,1
0.0421,1.184,7.08,0.0861,24.367,6.112,0.1398,3.8316,1.9608,39.3513,4.0924,4.114,0,0,0,1
0.1896,6.3105,5.811,0.341,33.494,8.002,0.2793,14.8668,1.9981,67.2031,16.6563,13.7605,0,0,1,1
0.1484,1.1359,7.8663,0.2832,34.3946,0.4552,0.0836,6.8417,2.1976,39.1766,21.1037,9.2233,0,0,1,1
0.3477,4.3235,0.3231,0.0556,38.35,8.7741,0.3274,5.2506,6.1789,62.9973,27.6371,39.3359,1,0,1,1
0.3133,11.839,1.3433,0.1314,11.2596,9.0445,0.1198,3.8488,2.1009,94.3903,41.4378,15.3759,1,0,1,1
0.145,8.0126,0.5678,0.2896,16.452,9.5819,0.3232,7.1466,0.7311,51.2028,26.0434,16.231,1,0,1,1
0.1525,13.1521,7.3531,0.1884,13.0049,8.7098,0.2576,13.0727,2.7583,96.5288,43.042,3.024,0,0,1,1
0.3489,6.7333,4.2922,0.342,12.7134,4.5752,0.1259,14.8628,7.5314,59.0654,28.5173,1.5038,1,1,0,1
0.3334,3.9062,5.2194,0.1807,32.9738,7.4874,0.2207,9.9663,0.8166,68.2918,4.9883,38.8595,1,0,1,0
0.0707,7.347,7.1572,0.2542,21.1184,6.7076,0.3141,12.5589,0.8447,119.3603,12.6323,43.8512,0,0,1,0
0.151,10.8338,5.8627,0.0649,10.8989,1.9891,0.3178,4.2445,6.6738,67.3885,36.5771,37.7159,0,0,1,0
0.1418,7.5376,3.924,0.111,28.4587,8.9137,0.2617,10.796,2.7728,95.203,17.283,3.6964,0,0,1,1
0.3122,13.8931,1.4693,0.1525,33.3341,1.0444,0.0866,10.789,2.6389,95.1538,12.5173,12.1705,1,1,0,1
0.2347,12.9076,7.7631,0.1329,31.5405,7.8669,0.1532,7.665,2.9611,69.6191,36.1154,30.8451,0,0,1,1
0.1645,2.6397,6.3436,0.0549,34.5633,5.6261,0.2488,12.3512,2.7016,32.9736,34.8358,24.6795,0,0,1,1
0.0538,7.5553,2.8796,0.1703,13.531,0.7546,0.0993,6.1332,4.8329,59.6389,48.3338,44.3533,0,1,1,0
0.333,1.7443,2.4229,0.022,36.9172,4.9922,0.0534,11.5301,1.8747,86.9302,49.3528,43.3919,1,0,1,0
0.22,1.6192,8.1065,0.3212,26.1144,4.6983,0.1746,7.9056,7.1555,104.4496,33.5128,8.8161,0,0,1,1
0.1552,2.8075,9.8411,0.1018,30.5914,3.4719,0.2299,8.8398,6.8341,96.1379,12.0723,21.3876,0,0,0,1
0.3161,4.4073,1.5876,0.1726,12.7535,1.0495,0.0767,14.8791,5.1981,56.4988,17.455,6.7482,1,1,0,1
0.1426,9.404,4.7691,0.1437,19.7034,1.5269,0.1863,12.1286,4.7563,94.3949,14.9028,25.6857,1,1,0,1
0.2975,12.1777,5.8972,0.2486,9.2245,7.8819,0.1717,13.7081,3.3093,65.6136,16.053,9.5996,0,0,1,1
0.3347,9.3433,9.7754,0.3443,30.175,4.4227,0.1733,6.1829,2.2289,41.1527,31.1651,17.538,0,0,1,1
0.2599,6.4921,5.5908,0.2486,7.1887,6.9444,0.2663,2.7922,7.0932,60.8935,14.1132,14.1295,1,1,0,0
0.3325,1.4213,1.8859,0.2569,33.8582,6.5551,0.2051,3.1683,1.4693,96.257,45.3167,9.3676,1,0,1,1
0.2691,14.3203,0.9877,0.2389,34.2742,8.4547,0.3339,5.9409,2.948,118.308,35.8689,25.2408,1,0,1,1
0.2831,3.9706,4.2552,0.2502,10.4608,7.6359,0.1271,11.7423,7.3485,117.3036,9.9411,5.55,1,0,0,1
0.1067,7.0783,9.2467,0.0972,17.2945,8.9477,0.0369,9.9567,7.1153,50.8386,49.1451,20.2633,0,0,1,1
0.3422,6.0005,3.6644,0.1868,19.7619,6.6325,0.0843,12.397,1.9986,111.4116,28.0643,19.8254,1,0,1,1
0.2654,14.5662,1.6334,0.0499,9.2659,6.0978,0.1724,6.323,1.9253,92.0701,15.2335,42.8044,1,0,1,0
0.1445,13.41,6.3005,0.214,27.2906,0.4773,0.075,7.5589,4.8988,59.1502,44.6154,31.8447,1,1,0,1
0.1575,1.3666,9.6276,0.1454,32.4548,5.3173,0.116,11.0515,0.7379,39.0504,47.9425,16.5382,0,0,1,1
0.1202,7.083,3.9347,0.3493,5.223,5.2406,0.1866,3.3654,2.6654,67.5145,20.2404,24.8642,0,0,1,0
0.3149,14.3691,6.2231,0.2925,31.9457,2.4444,0.111,5.0806,3.7369,79.6718,5.1592,14.2153,0,0,0,1
0.0371,2.0178,4.9276,0.1873,18.9864,4.3114,0.1286,11.2082,6.6431,95.0066,18.2214,37.2433,0,1,0,0
0.1531,1.9536,6.8599,0.3363,9.7899,5.1578,0.2544,12.6609,7.9985,60.9823,9.9492,13.4556,1,1,0,0
0.0797,8.7702,5.7677,0.0446,29.6285,5.0244,0.2753,14.8732,0.8687,61.7417,49.3193,7.2933,0,0,1,1
0.0892,1.5017,7.572,0.1494,18.3505,1.5374,0.065,6.1271,6.1294,38.7619,36.3609,30.1546,0,1,0,0
0.0743,9.1944,7.2958,0.2268,14.6367,8.176,0.3048,5.4029,7.812,116.7402,46.1235,1.8256,0,0,1,1
0.2317,10.9863,2.0067,0.0819,11.0127,4.1779,0.3401,6.5739,7.4866,87.0917,44.192,43.6141,1,0,1,0
0.1343,2.1899,8.9434,0.3339,8.921,7.1511,0.0813,10.5503,7.8039,99.9352,28.3978,31.688,0,1,0,0
0.0943,7.6611,9.2402,0.3368,5.357,9.4044,0.0962,7.3222,1.2794,71.7446,42.6038,31.1587,0,0,1,0
0.1028,10.3908,1.7288,0.2888,34.4699,6.3389,0.2138,10.9266,1.196,36.5851,43.6701,24.2523,1,0,1,1
0.1241,3.5668,3.5011,0.1158,38.179,4.215,0.3402,6.9029,2.1162,113.8592,47.4767,7.5021,0,0,1,1
0.0487,11.6435,7.1736,0.1554,25.0289,1.0076,0.1193,8.4555,3.7378,55.2669,39.9883,27.839,0,1,1,1
0.0648,13.296,2.8192,0.1858,26.6847,1.9855,0.1015,8.1542,6.9929,46.4988,13.9704,20.0908,0,1,0,1
0.2859,4.8648,7.0961,0.1709,23.3652,6.7511,0.1874,9.4552,1.7723,70.6471,19.1789,24.8183,1,0,1,1
0.2618,2.0912,1.7318,0.2396,38.336,6.4781,0.2948,14.4633,6.4013,105.7088,43.8956,36.3263,1,0,1,1
0.2509,9.9502,6.9949,0.3479,20.0034,0.7731,0.3339,13.0584,1.879,104.8605,21.488,32.6682,1,1,1,0
0.2546,4.8442,4.4443,0.1029,8.3132,0.5543,0.2217,12.6279,2.3264,41.8084,3.3771,26.656,1,1,0,0
0.2145,8.768,6.8157,0.1886,28.6407,2.1071,0.1168,2.507,7.3228,42.8086,2.3899,21.0067,0,0,0,1
0.1783,3.4615,1.5912,0.0633,18.2476,4.7588,0.2583,5.7908,6.993,95.4387,12.5219,26.1344,1,0,0,0
0.0428,14.9377,7.1757,0.2702,7.6219,0.6495,0.0913,14.6233,3.7253,36.4869,31.8727,4.9199,0,1,1,1
0.0909,11.2765,4.1217,0.0485,22.0977,5.1337,0.2452,2.8401,0.622,30.6777,49.1901,14.5642,0,0,1,1
0.3355,1.2073,2.0461,0.0798,30.9011,3.6551,0.342,9.734,6.7609,80.0375,44.5385,2.9645,1,0,1,1
0.3073,1.633,3.0383,0.2714,7.978,0.4728,0.2185,11.7435,3.3737,111.21,33.6682,14.7134,1,1,1,0
0.0816,2.2408,6.5772,0.0686,6.2446,6.727,0.0407,9.6967,1.1289,57.3241,17.2548,14.7152,0,0,1,0
0.0354,2.9848,6.3238,0.3293,10.6874,5.9589,0.0528,6.8912,7.5211,99.4628,35.3782,4.8573,0,0,1,1
0.2081,2.4696,8.4767,0.1253,5.245,7.875,0.0346,4.0921,2.0843,93.723,46.6576,24.943,0,0,1,0
0.275,5.1625,4.801,0.1113,7.9287,0.5779,0.3437,5.0158,2.2845,61.83,32.2194,10.469,0,1,1,1
0.1319,2.0034,1.3984,0.0575,27.7855,5.868,0.1716,3.3638,1.8377,73.2001,28.299,5.7246,0,0,1,1
0.2093,1.3043,1.5865,0.0621,22.8134,2.4966,0.2315,14.2675,2.8599,113.6159,4.7725,42.4393,1,0,0,0
0.1463,4.5013,2.1938,0.3211,33.4453,3.0538,0.0782,6.3626,6.6602,55.5526,2.6163,21.1032,1,0,0,1
0.1138,1.8285,1.7399,0.2905,32.0282,0.3447,0.2659,3.6813,5.5438,38.5255,45.8684,33.4846,1,1,1,1
0.1446,12.9495,9.4367,0.2848,18.4169,3.7415,0.0384,2.6497,6.2446,54.1144,27.4939,31.2245,0,1,0,1
0.2293,14.8988,7.2308,0.347,8.6794,3.4244,0.1818,5.0567,0.5349,48.8991,24.0821,5.161,0,0,1,1
0.2837,13.553,4.2801,0.1829,20.9993,1.3167,0.1955,7.0406,5.4508,84.25,28.9891,5.9409,0,0,1,1
0.1988,5.8151,6.5229,0.0271,8.899,7.7745,0.1417,8.7545,6.9706,108.3357,40.172,31.5374,0,0,1,0
0.135,5.6711,7.8482,0.1045,11.6192,6.971,0.3061,5.7658,7.9435,58.282,43.9893,15.3818,0,0,1,1
0.2565,7.3873,0.3117,0.1243,5.5692,2.6811,0.117,13.1696,5.8588,105.5665,27.403,19.308,1,1,0,0
0.2466,3.6158,6.8423,0.196,27.2583,5.3648,0.2735,2.1,1.5335,70.2358,18.8841,27.5022,0,0,1,1
0.2858,12.7325,8.3768,0.0285,38.5969,5.6896,0.2493,8.7159,6.1659,36.6825,41.845,35.4477,1,0,1,1
0.2943,6.3683,0.926,0.1544,13.112,8.8006,0.245,11.0404,6.2512,70.62,15.6393,32.8576,1,0,0,0
0.3326,3.5988,8.4547,0.1435,34.3597,7.81,0.0931,6.848,6.4812,67.467,31.7299,24.8699,1,0,1,1
0.1582,14.7067,9.9004,0.1563,8.8917,5.4847,0.3256,10.946,0.9333,116.5699,30.046,11.3673,0,0,1,1
0.0508,11.8106,3.7438,0.2268,27.7937,4.5637,0.3052,12.7806,5.7983,85.521,35.0478,21.1986,0,0,1,1
0.2484,12.7312,3.2728,0.0944,23.025,2.1749,0.2271,4.1453,6.5061,76.6877,49.2667,42.7843,1,1,1,0
0.0926,8.3215,7.5533,0.0215,25.9119,3.7459,0.2073,14.1974,4.3913,97.7229,25.009,24.1536,0,0,1,1
0.2339,14.3286,0.5549,0.2581,37.6166,6.2775,0.3455,3.9781,4.3241,77.8823,24.9317,31.8598,1,0,1,1
0.2569,8.0614,2.3307,0.1281,39.7603,7.9967,0.2627,4.3721,7.7463,98.0812,3.3821,3.127,0,0,0,1
0.2195,10.8091,7.3057,0.1474,24.0061,3.2233,0.1735,6.2168,2.1296,75.0978,32.606,22.183,0,0,1,1
0.3439,7.5203,2.1065,0.1579,28.3266,3.3342,0.1024,4.3761,0.614,70.3261,26.1895,36.4313,1,0,1,0
0.0673,7.9067,8.094,0.1915,25.6377,1.0859,0.1755,9.6884,5.7033,62.1976,22.5703,18.0995,0,1,0,1
0.0264,3.9344,7.4147,0.2375,12.2165,8.1547,0.3425,4.5548,3.158,63.7194,46.8659,25.7253,0,0,1,0
0.1448,4.5927,1.318,0.3045,18.0088,9.2356,0.0271,6.4156,3.1493,40.5045,6.2864,41.4114,1,0,0,0
0.2445,7.0919,2.0261,0.1779,7.6182,3.9398,0.3055,4.9754,6.9162,112.148,42.8685,37.9246,1,1,1,0
0.2146,11.4071,2.8964,0.1061,6.2753,8.7003,0.1842,14.0024,3.0255,39.6617,2.1499,35.4857,1,0,0,0
0.2798,9.9012,1.1716,0.12,22.6145,3.7979,0.29,13.62,6.8105,86.2061,34.3676,23.7732,1,0,1,1
0.1974,6.7961,3.3444,0.2834,39.6798,7.8849,0.0504,14.842,3.8255,58.2307,2.0582,29.4152,1,0,0,1
0.315,11.7657,9.3231,0.2828,23.2772,4.1325,0.253,5.3388,6.6892,46.3709,5.7019,10.1079,0,0,0,1
0.2814,13.3244,4.9263,0.2986,27.4696,6.1557,0.3352,14.4673,2.0644,69.5432,44.2165,18.0005,1,0,1,1
0.1072,14.8346,8.4777,0.0621,5.3648,4.8409,0.1218,5.7852,2.2247,63.3906,45.6466,18.1822,0,0,1,1
0.2496,6.9945,6.4468,0.1847,12.1638,2.2773,0.0211,6.747,6.5019,104.3839,13.5882,20.0207,1,1,0,0
0.1871,12.1971,9.4406,0.2357,15.4295,8.7398,0.2842,6.1278,6.0306,115.1814,40.6207,30.4041,0,0,1,0
0.149,12.8727,2.2859,0.2628,39.3188,8.8789,0.1751,13.6191,3.6039,62.7128,18.8877,9.0685,0,0,1,1
0.2832,6.5717,3.4101,0.0254,19.8365,9.3154,0.0237,8.0026,3.783,103.2348,33.9509,17.8079,1,0,0,1
0.1147,4.7556,6.9321,0.2508,7.071,4.1217,0.1441,8.9868,4.0758,96.477,36.2857,32.6978,0,1,1,0
0.2433,2.5169,1.9552,0.1355,10.6651,6.0018,0.2891,7.6562,5.9703,34.0069,6.1587,28.2957,1,0,0,0
0.0201,1.6276,3.9811,0.1044,24.7429,4.0304,0.0363,3.755,7.0843,99.5114,20.8667,7.5538,0,0,0,1
0.2608,3.916,7.6225,0.3447,7.9607,8.7431,0.0905,3.5085,6.265,95.6607,36.8748,1.0489,0,0,1,1
0.1644,12.1619,9.5757,0.1721,21.2635,8.6391,0.1045,13.9816,0.914,85.9323,6.3103,21.4617,0,0,1,1
0.2393,5.1893,0.97,0.3009,17.0372,4.9299,0.1066,14.8051,6.3997,45.3806,43.3752,18.6001,1,1,0,1
0.0921,3.7969,4.3537,0.0217,14.1081,9.27,0.1173,13.848,0.7618,94.1921,27.8717,16.3091,0,0,1,1
0.2563,12.181,1.2779,0.1067,30.1821,8.7574,0.1115,9.928,2.0032,57.8504,14.4613,16.896,1,0,1,1
0.2612,1.3034,9.1747,0.1454,24.7435,2.7149,0.2846,10.7567,1.2541,74.094,33.3646,8.9623,0,0,1,1
0.1186,3.7509,0.6335,0.2428,21.5639,4.8975,0.3087,9.3597,6.81,40.9962,33.3212,12.9566,1,0,1,1
0.2283,5.4255,2.1726,0.0757,28.2172,6.8996,0.2153,2.7137,0.5819,33.9093,3.9083,29.1293,1,0,1,1
0.2926,9.3795,8.2033,0.2372,37.147,2.3287,0.1067,14.7644,7.6196,83.7984,49.1146,16.1054,1,1,0,1
0.2058,4.1937,1.6751,0.1055,24.905,7.6437,0.3415,8.3491,1.3935,102.9562,49.9879,42.3636,1,0,1,0
0.3227,10.8864,1.3066,0.2519,28.2343,0.8533,0.0351,12.9762,2.1005,104.3986,49.9165,39.134,1,1,0,0
0.2269,3.677,8.2587,0.0537,10.1064,5.5461,0.0499,13.4901,0.534,92.2697,18.1411,3.6411,0,0,1,1
0.2311,2.898,1.3408,0.075,25.1856,2.0645,0.078,6.6676,5.9047,46.7023,8.4698,15.9037,1,0,0,1
0.2408,7.8215,5.7809,0.2618,17.827,4.8688,0.1563,5.9718,6.769,46.5152,19.1547,5.3618,0,0,1,1
0.3029,3.9413,2.5891,0.2061,26.2134,3.2643,0.3436,14.8926,7.0985,54.6355,33.018,19.6461,1,1,1,1
0.2959,14.7724,0.5018,0.2076,13.3124,3.9423,0.3275,2.9152,6.7394,48.1029,14.6118,35.2721,1,1,0,0
0.1562,4.1773,7.8287,0.2349,13.9242,8.3369,0.1999,5.5411,0.5318,34.9747,34.2431,24.8109,0,0,1,0
0.2739,9.1168,5.6659,0.1716,16.3651,9.7924,0.0736,10.5055,7.2122,54.8296,31.3572,22.0325,1,1,0,1
0.3079,3.223,4.9783,0.2901,9.8075,0.522,0.0838,2.9566,7.4477,100.2453,26.346,14.8904,1,1,0,0
0.2828,10.4802,8.8389,0.1121,13.6538,4.4859,0.2629,11.3261,6.2673,37.8795,31.6347,37.5566,1,1,1,0
0.1601,3.0302,2.7306,0.2824,6.2756,9.6081,0.2583,6.8328,3.5808,97.6252,49.4372,35.9274,0,0,1,0
0.1886,12.7816,4.5631,0.0421,24.9512,4.7651,0.1326,3.3937,2.5386,111.1488,38.4619,43.4042,1,0,1,0
0.1268,6.3169,4.5841,0.1084,12.7026,0.5131,0.2821,7.7314,5.0679,82.7251,5.8227,25.8398,0,1,0,0
0.1657,5.5964,7.625,0.0273,23.9051,8.0214,0.3101,7.4434,1.9869,87.6366,42.9602,6.5679,0,0,1,1
0.0339,6.0453,0.8561,0.0411,5.0975,9.5001,0.18,4.3942,2.2604,117.6001,23.3516,5.3623,0,0,1,1
0.0435,1.4397,4.1639,0.1428,14.1025,6.4494,0.1445,7.0733,3.9921,59.1162,4.2725,18.6599,0,0,0,0
0.1405,7.4718,2.4749,0.2554,10.1504,2.1266,0.1142,5.7572,2.3222,33.7038,13.9006,33.8964,1,1,0,0
0.2349,13.0453,2.4158,0.0275,35.3127,0.8303,0.1502,7.5527,3.8892,60.6268,18.5914,35.8158,1,1,0,1
0.1565,12.3418,9.1033,0.2368,14.8368,2.0091,0.2718,14.3077,7.347,41.3406,46.2555,14.9211,0,1,1,1
0.047,7.4529,0.513,0.2089,33.2055,7.9651,0.1111,14.8387,7.9697,43.6963,6.1146,22.076,1,0,0,1
0.1636,4.0257,9.4958,0.1503,22.7564,2.9399,0.2808,13.2141,1.7088,79.6735,34.8227,23.5445,0,0,1,1
0.2249,8.9691,8.8923,0.0522,24.0994,3.0219,0.2676,6.6274,1.3996,110.7425,23.2747,31.8522,0,0,1,1
0.2231,3.3476,6.7358,0.2315,22.4147,9.6684,0.1185,10.7106,0.9373,100.0788,19.4656,8.3314,0,0,1,1
0.0559,6.9336,0.7765,0.2646,15.4032,6.7743,0.1367,6.4954,1.1052,112.8157,14.1161,36.4449,1,0,1,0
0.2688,5.1859,4.6582,0.137,33.0267,8.9824,0.0488,10.7112,1.3673,58.8496,35.9934,15.5575,1,0,1,1
0.076,1.298,6.2569,0.104,24.1182,3.8176,0.3012,5.6742,3.7969,77.1075,45.9359,9.7493,0,0,1,1
0.0453,2.5912,7.0051,0.1179,12.5912,4.1092,0.2745,4.7059,2.4178,93.3787,13.7515,18.3357,0,0,1,0
0.2728,3.5725,0.3672,0.1872,38.8718,2.5273,0.2522,6.7081,1.3954,42.4111,23.754,20.216,1,0,1,1
0.0204,7.7132,2.1609,0.1257,33.6232,3.8905,0.0467,9.3413,1.2067,47.4263,7.3632,30.7893,0,0,1,1
0.2557,7.5108,6.0737,0.1047,5.5375,0.468,0.249,11.3467,4.7144,79.1196,18.6503,3.6679,0,1,1,1
0.2651,11.6789,8.1747,0.1002,20.6026,8.7756,0.2913,14.2001,0.8863,47.815,28.7696,43.5406,1,0,1,0
0.236,7.1218,2.7811,0.3485,25.9251,5.8778,0.3407,8.7936,3.8134,107.7995,35.5338,12.529,1,0,1,1
0.2958,6.1091,2.5467,0.2261,9.3412,2.6071,0.1068,13.5779,2.5716,56.4432,46.9881,37.2017,1,1,1,0
0.0914,9.8663,6.0327,0.31,15.6176,7.5685,0.1519,11.6901,1.3408,97.3985,13.574,13.5925,0,0,1,1
0.1256,7.6463,1.7413,0.2469,7.9687,0.855,0.2388,7.3396,1.175,57.5274,13.7362,40.9399,1,1,1,0
0.2267,1.2295,1.4176,0.0765,12.0147,5.1858,0.3379,9.7004,2.9393,63.0506,20.0272,30.135,1,0,1,0
0.3234,6.2699,5.5831,0.2902,16.3263,2.4732,0.2066,4.997,5.1639,67.1347,21.0061,36.6079,1,1,0,0
0.1005,1.1825,7.5348,0.3196,15.693,6.9933,0.1566,13.3317,5.2517,88.5141,34.153,19.3034,0,0,1,0
0.1573,6.0633,7.53,0.1078,20.8608,5.4456,0.1406,6.2324,6.067,68.2719,3.9696,8.2776,0,0,0,1
0.228,4.501,9.3156,0.2459,33.5591,1.3439,0.2714,4.3992,4.9258,84.5052,11.985,22.0807,0,0,1,1
0.3222,8.2102,9.3067,0.3467,34.6904,4.7677,0.2366,10.354,3.8413,52.488,44.8115,9.9448,0,0,1,1
0.0242,2.1004,6.702,0.3277,29.2017,0.6441,0.2872,9.8416,3.5281,68.4378,30.4939,32.7332,0,1,1,0
0.2078,6.9961,6.4892,0.261,33.3724,7.5182,0.0913,11.6702,4.7989,91.7537,37.0158,22.834,1,0,1,1
0.1658,5.2543,9.625,0.221,12.6051,5.3644,0.2955,6.8305,4.8105,99.5492,23.244,30.6278,0,0,1,0
0.3155,11.877,7.8075,0.1391,24.0414,8.6152,0.2739,10.1564,6.6824,83.7693,9.5719,5.4414,0,0,0,1
0.0567,2.0375,6.3357,0.1317,39.3968,9.0886,0.2858,8.848,7.847,47.5047,21.1837,16.0019,0,0,1,1
0.1236,3.4677,2.9893,0.3205,24.5992,9.6085,0.2165,6.3692,4.3157,82.8696,38.6024,22.6193,1,0,1,1
0.1896,4.2011,3.6022,0.0721,17.3544,7.3176,0.2721,14.7128,5.3857,47.1451,47.1969,31.1339,1,0,1,0
0.0671,4.3667,2.1166,0.0538,33.6709,2.1076,0.2729,11.4888,4.2756,80.3249,7.5941,43.1269,1,0,0,0
0.259,2.2096,0.575,0.087,39.4497,6.1716,0.0317,12.2059,1.7179,68.6145,14.4554,10.3385,1,0,0,1
0.0902,10.2705,4.7299,0.2906,7.0213,2.112,0.1248,14.2395,7.9483,101.7993,32.8392,4.4651,0,1,0,1
0.0721,4.1655,0.9613,0.2275,21.2986,9.9975,0.2108,7.5984,6.9946,30.8732,32.1095,38.674,1,0,1,0
0.287,4.3004,7.7415,0.1809,38.1441,7.7226,0.2208,5.7746,2.8724,63.5153,48.2264,14.7785,0,0,1,1
0.3388,8.0018,0.6235,0.3054,30.0681,7.9376,0.2491,9.4537,7.2631,86.5089,18.0639,19.137,1,0,1,1
0.297,9.8763,5.389,0.2617,15.4769,1.137,0.1643,3.7398,1.7556,119.659,10.6691,5.6269,0,0,1,1
0.2342,5.8672,4.1227,0.0862,12.9158,3.4356,0.2695,8.5744,6.1594,90.3663,16.1457,12.9476,1,0,0,1
0.1942,4.1049,4.4524,0.317,7.0967,9.3525,0.2268,9.1276,5.8854,103.6684,31.2346,16.7232,0,0,1,0
0.1443,11.1296,3.5747,0.138,39.5351,3.7931,0.1045,4.65,7.0445,98.5281,40.0263,29.0012,1,0,1,1
0.2356,9.246,5.1994,0.3441,33.1864,0.689,0.3076,14.8447,6.8093,44.1578,18.5663,18.4791,1,1,0,1
0.0218,4.2868,1.5149,0.1361,7.2708,8.6825,0.1651,6.4892,2.3567,96.9807,33.7957,37.8537,0,0,1,0
0.0264,7.5549,0.3655,0.2704,22.4132,5.4613,0.1505,13.7817,6.9804,109.2127,40.3577,7.3973,1,0,1,1
0.1811,6.4044,6.1728,0.2262,39.1573,7.0797,0.3125,8.6243,7.5847,117.8841,4.4611,17.8939,0,0,0,1
0.0459,8.1423,2.7537,0.2553,14.1849,3.1301,0.2283,14.5914,1.9229,48.6208,41.743,33.1891,0,1,1,0
0.197,4.8311,4.7243,0.1497,27.9904,2.6391,0.0837,5.8014,7.3134,61.4606,14.5458,32.4034,1,1,0,1
0.2391,2.0214,8.4301,0.0855,37.7979,7.2363,0.0263,13.8886,5.9563,64.8466,49.1746,37.5806,1,0,0,1
0.1636,2.2649,0.8345,0.1654,9.1499,0.5564,0.1716,13.8811,6.8706,53.693,18.3731,36.293,1,1,0,0
0.2354,12.9162,9.3194,0.3023,11.8707,9.8295,0.0545,9.3529,1.618,72.1524,35.347,31.5137,0,0,1,0
0.0549,13.2595,1.1235,0.2638,30.7627,9.5177,0.1423,14.3884,3.5596,81.1643,44.161,10.8414,0,0,1,1
0.1564,4.4702,7.6632,0.2416,18.7557,8.0188,0.2283,3.702,7.1748,115.3064,26.2098,26.8989,0,0,1,0
0.0645,5.112,8.1473,0.3083,25.6387,2.6056,0.2987,12.2038,4.2342,104.7198,9.2648,43.2913,0,1,0,0
0.0921,14.8667,2.4045,0.0259,38.2849,6.8408,0.3416,11.3681,3.5649,41.6184,6.7855,2.4294,0,0,0,1
0.0404,5.1979,3.9786,0.3381,16.3144,9.0309,0.2175,9.3828,4.3505,46.8878,20.6659,34.5031,0,0,1,0
0.1409,7.7451,4.4876,0.0624,12.0262,5.5106,0.2001,5.2053,1.7089,47.7636,27.58,27.6609,0,0,1,0
0.11,3.5428,1.4398,0.2479,37.9358,1.2576,0.3414,13.1493,3.2779,97.3751,24.4471,27.0337,1,1,1,1
0.0761,3.4131,3.9254,0.2598,5.0373,1.1804,0.0997,14.6774,3.8706,95.117,28.9161,1.4893,0,1,1,1
0.1606,6.8288,5.0085,0.0449,22.0678,9.7853,0.0597,10.6657,5.6367,61.2583,12.4389,19.9857,1,0,0,1
0.0781,7.0599,3.0072,0.0759,27.7997,6.5611,0.1283,11.3664,7.5109,82.8711,25.3595,10.0278,1,0,0,1
0.3221,6.3468,1.3722,0.2489,26.7866,1.5381,0.2673,5.5214,2.1406,52.5204,29.7832,22.1278,1,1,1,1
0.2214,13.5,9.7266,0.1213,31.6194,4.8591,0.129,10.089,7.4897,33.1234,19.6752,27.4391,0,0,1,1
0.0605,5.0567,8.2558,0.0311,32.4789,9.5384,0.3106,2.3284,5.3182,78.01,28.1026,2.3027,0,0,1,1
0.3342,11.8698,2.7758,0.335,10.1859,3.9008,0.2566,10.8853,7.9535,118.0241,29.2293,13.4772,1,1,0,1
0.1003,8.6707,9.5277,0.2005,9.3742,1.9951,0.1882,4.2517,3.016,62.3068,23.0835,36.466,0,1,1,0
0.0709,14.9752,9.1216,0.2344,6.2026,6.3946,0.2138,9.1473,1.4536,99.8843,41.4508,33.2609,0,0,1,0
0.0334,10.9031,0.3263,0.211,27.8096,3.8176,0.258,3.1738,2.6748,93.388,2.7442,29.6428,1,0,0,1
0.227,4.4966,2.0724,0.1752,31.6425,6.2856,0.2152,6.3423,0.8592,31.2641,18.2624,14.9686,1,0,1,1
0.2683,13.7005,7.2673,0.1385,12.6922,9.2619,0.0807,9.986,7.1743,108.6343,36.5396,3.8038,0,0,1,1
0.1978,9.9483,5.2517,0.06,39.8151,3.8336,0.3218,14.2871,3.7509,52.0717,34.8561,21.4581,1,0,1,1
0.0673,10.1094,7.0935,0.1614,11.1885,8.5445,0.2248,9.5248,0.6199,103.7929,10.8132,40.6063,0,0,1,0
0.1398,13.1186,4.5733,0.189,21.1694,2.0684,0.2598,14.0654,5.9387,105.3638,16.2892,34.3816,1,1,0,0
0.0301,10.0597,3.6755,0.2667,32.6548,9.4178,0.0434,6.9593,4.0841,68.8231,26.7281,19.2461,0,0,1,1
0.3182,4.2414,6.1145,0.1656,17.6326,0.7569,0.2718,2.9629,2.7953,63.7029,44.2767,29.1807,1,1,1,0
0.0768,2.3775,6.8318,0.1924,34.3105,3.8433,0.1465,11.724,2.2989,64.7178,16.1869,12.1836,0,0,1,1
0.2886,2.6024,2.2281,0.1523,37.6853,4.4842,0.3147,13.3913,4.5069,39.0498,22.2148,2.387,1,0,1,1
0.2956,13.1038,3.3327,0.0749,18.3411,1.5949,0.1313,4.5185,6.748,31.8179,26.6665,41.4389,1,1,0,0
0.1636,1.2464,9.8103,0.2056,31.1308,7.2337,0.1488,7.8446,1.3874,78.1643,43.2604,43.45,0,0,1,0
0.1281,4.0221,0.5788,0.2477,12.0776,1.9349,0.2738,9.2921,0.6882,94.1446,29.2339,32.6531,1,1,1,0
0.2201,11.8761,9.2193,0.1815,20.1391,8.9216,0.0895,7.4841,5.5513,81.0005,40.4437,13.2646,0,0,1,1
0.2691,3.9611,4.6853,0.2801,14.3533,0.4935,0.067,5.3881,1.493,109.3433,41.0478,32.2317,1,1,1,0
0.0266,7.0058,8.389,0.0976,38.8615,8.6451,0.3259,8.7593,6.9691,67.1418,26.6639,22.3537,0,0,1,1
0.1778,11.7281,1.9431,0.1211,21.8229,2.877,0.2767,3.4065,1.5855,113.5688,33.3859,26.3857,1,0,1,1
0.2526,3.3575,8.1187,0.2805,9.6409,9.8681,0.1468,6.1906,3.0358,89.2921,4.0521,31.4022,0,0,0,0
0.1843,12.5826,2.5288,0.1824,31.3749,9.4401,0.1166,10.8954,7.887,76.7465,35.6164,18.0465,1,0,1,1
0.0541,14.7433,1.0337,0.1654,23.2094,3.9004,0.163,12.5406,7.8312,63.0114,23.2618,22.3038,1,1,0,1
0.1282,14.3376,8.1538,0.1454,16.8352,9.8349,0.2642,12.703,4.2096,67.1621,17.3869,44.9067,0,0,1,0
0.2318,10.8772,1.1902,0.2289,35.013,0.7821,0.2625,12.1647,5.9363,114.8693,10.2289,22.897,1,1,0,1
0.0706,12.6883,7.75,0.0771,25.5737,5.8662,0.2984,4.7532,6.9558,80.0521,35.1065,24.2337,0,0,1,1
0.0846,1.4165,4.9239,0.1624,22.8711,4.4472,0.1622,11.9064,4.538,30.4919,12.9444,22.439,0,0,1,1
0.3155,7.9401,1.7786,0.2705,33.4952,2.5262,0.3346,3.9035,1.0432,118.0665,28.0026,4.1917,0,0,1,1
0.0986,1.3629,5.9024,0.3073,37.8237,6.46,0.1631,5.5188,1.3595,89.8121,5.4473,2.5937,0,0,1,1
0.2323,13.2004,7.7019,0.1146,15.5416,9.2845,0.1708,13.254,1.8795,93.5727,24.5874,32.6703,0,0,1,0
0.287,11.6409,8.7657,0.11,37.5451,6.397,0.164,8.7765,0.7679,110.0294,10.0256,32.5164,0,0,1,1
0.1259,4.9697,9.2793,0.3027,38.9498,7.757,0.1868,13.3624,4.3311,82.7434,22.105,41.2064,0,0,1,1
0.0668,8.4014,6.069,0.2215,32.6261,2.4569,0.1968,3.5467,6.7071,81.0635,18.6027,24.8734,0,0,1,1
0.1546,4.7437,2.7549,0.0761,21.1168,8.7503,0.3119,9.3823,3.4365,83.7118,30.7172,39.8812,1,0,1,0
0.3298,3.331,0.404,0.1223,15.1245,2.5148,0.3142,12.2585,5.5658,30.79,3.112,32.1258,1,1,0,0
0.1046,5.6939,7.6204,0.0401,6.6344,0.4397,0.1996,8.9546,0.5917,49.7207,15.838,27.0662,0,1,1,0
0.2921,6.6003,3.1842,0.3096,11.3062,6.9133,0.0902,6.7902,3.9397,54.9085,46.7195,35.2991,1,1,1,0
0.0343,11.7526,5.216,0.1979,7.0266,2.8838,0.0521,10.9448,0.6869,38.7636,37.8143,7.0253,0,0,1,1
0.0565,6.5943,1.5406,0.025,14.5522,5.3742,0.0975,8.1064,5.7499,68.7227,48.8463,43.4834,1,0,1,0
0.3208,5.2423,8.5947,0.233,19.2639,9.3309,0.0801,13.4021,3.8979,103.1987,37.4154,9.4647,0,0,1,1
0.0335,10.2875,6.0613,0.0254,31.6399,0.5691,0.2123,11.1196,1.3742,85.2588,26.813,34.6164,0,0,1,1
0.1245,3.9424,2.9588,0.0318,11.5652,5.205,0.0374,11.5542,4.61,63.4392,40.0423,12.1229,1,0,0,1
0.2536,10.0994,5.8166,0.1107,29.7588,8.8796,0.0732,11.1189,4.5162,96.3165,3.3821,27.2171,1,0,0,1
0.1451,3.1503,6.8227,0.2023,35.6654,0.7184,0.3472,13.9331,5.8812,84.3017,36.0998,37.6375,1,1,1,1
0.3304,11.5615,2.6518,0.2704,38.6736,1.7146,0.0861,5.6001,4.4173,108.1769,22.5704,24.4107,1,1,0,1
0.088,11.6337,1.2976,0.1375,12.0217,0.3722,0.1471,5.6702,7.7449,40.8329,10.5916,40.8858,1,1,0,0
0.1534,11.1048,7.5128,0.1339,21.1866,4.1091,0.0226,11.9836,6.7207,103.0843,28.2463,44.275,1,1,0,0
0.2335,6.8893,6.0767,0.2367,25.3775,4.2852,0.1702,11.4643,4.6506,38.7046,36.2578,38.6213,1,1,1,0
0.1223,8.443,0.4237,0.2985,7.5008,2.9779,0.2525,4.4096,6.4271,66.7706,12.3434,44.4227,1,1,0,0
0.0771,14.0406,7.1274,0.23,21.0664,0.5033,0.3493,12.3277,4.8996,110.259,15.8405,6.7706,0,1,1,1
0.2538,6.0826,5.9585,0.2459,11.2385,5.4485,0.2183,3.1448,5.2777,92.8742,12.6049,19.3172,1,1,0,0
0.2732,1.3365,4.6364,0.2357,25.8663,6.0898,0.1571,13.3786,7.188,69.7358,38.815,1.277,1,0,1,1
0.2681,13.4551,7.295,0.1158,13.815,6.0467,0.2265,7.9779,6.8997,119.8633,40.5242,43.8944,1,0,1,0
0.251,9.2583,7.1401,0.1638,17.3101,2.085,0.0799,11.9455,2.7096,51.0356,32.6231,3.3144,0,0,1,1
0.1059,2.9581,9.0019,0.1259,38.129,5.4637,0.0974,2.0299,4.78,57.9238,33.8258,38.6643,0,0,1,1
0.208,14.6214,2.8829,0.2927,35.5858,3.7706,0.2671,2.6589,0.8404,91.1409,31.164,38.379,1,1,1,1
0.1691,3.3469,2.2762,0.05,29.7432,9.6924,0.2223,11.5145,6.6393,38.6486,47.7435,21.221,1,0,1,1
0.3284,8.407,8.9778,0.1225,15.8009,7.1999,0.1366,8.4204,7.5326,48.9119,16.596,24.987,1,0,0,0
0.0484,14.0752,3.7106,0.2163,26.9155,3.1411,0.3465,6.9535,0.5553,114.066,13.8242,35.6047,0,1,1,1
0.0963,12.7818,5.8672,0.2324,37.9163,7.4009,0.2835,5.5345,7.3694,69.0241,19.5748,41.7436,0,0,1,1
0.1071,11.8127,1.2121,0.1206,12.8484,3.8062,0.3173,10.6951,3.6998,49.6789,4.0097,24.0416,1,0,0,1
0.0699,4.3509,7.7478,0.141,14.0138,7.5532,0.0508,12.5223,1.9514,96.4743,39.0568,16.8373,0,0,1,1
0.0975,3.3979,1.9642,0.2318,18.7053,2.9093,0.2159,5.5442,1.3128,91.7234,43.6908,16.05,0,0,1,1
0.0796,7.3458,6.6638,0.3425,18.2447,3.6337,0.3471,6.9697,3.5425,106.186,32.4767,15.2066,0,0,1,1
0.3323,12.2191,2.3044,0.2833,25.3971,3.9621,0.3152,12.8471,7.2689,113.974,41.0606,36.544,1,1,1,1
0.2208,5.5244,7.8769,0.0529,9.4597,8.871,0.0766,13.5538,2.7102,76.4704,39.4974,3.3414,0,0,1,1
0.1531,1.6644,8.9257,0.1118,16.141,4.5271,0.182,3.8163,2.1877,96.3039,42.1892,16.4916,0,0,1,1
0.1903,6.3575,9.4435,0.181,20.9849,2.9656,0.0465,4.007,7.6549,89.9629,12.9237,10.476,0,0,0,1
0.1534,5.164,5.5379,0.1578,30.1674,3.0716,0.0483,13.4319,7.4489,89.1767,39.9696,1.2294,0,0,1,1
0.2163,12.1245,1.7575,0.0268,7.6364,1.2113,0.2414,14.818,1.9062,71.9662,8.3651,21.5452,1,0,1,0
0.2752,6.8181,1.0847,0.1215,38.1869,6.4162,0.2426,14.1175,5.8667,31.9106,22.3324,7.6509,1,0,1,1
0.3264,6.9776,8.055,0.2863,5.3928,4.2546,0.1036,12.3669,5.7731,108.6208,2.068,1.7513,0,0,0,1
0.2305,4.2259,8.9371,0.1959,23.4462,8.3476,0.1319,10.3373,5.1743,101.7678,11.2225,5.4416,0,0,1,1
0.2352,7.2851,2.8587,0.2621,30.4893,2.1918,0.1514,9.0418,3.4528,119.0863,13.76,30.0267,1,1,0,1
0.3192,7.9957,7.7491,0.1541,10.8292,9.0671,0.3494,8.8075,6.4804,107.3706,6.5764,12.3669,0,0,0,1
0.1153,5.9814,9.8969,0.2939,14.2701,4.677,0.2687,10.8087,3.1707,98.717,12.2853,4.6252,0,0,1,1
0.2107,8.7508,9.992,0.2463,12.3516,2.3656,0.1945,2.687,5.4083,106.2912,32.4806,26.0367,0,1,1,0
0.172,8.4139,8.6529,0.1882,37.0989,0.8332,0.1054,6.7554,3.5456,115.3695,26.7054,5.3717,0,0,1,1
0.3022,6.911,5.3663,0.0335,17.5677,7.7828,0.1106,3.1545,3.5455,85.7068,34.4855,18.5795,1,0,1,1
0.1367,6.2576,1.3548,0.3189,19.1141,0.3849,0.1253,9.4209,5.7412,99.0632,39.9353,36.8584,1,1,0,0
0.2225,9.5719,6.3731,0.18,26.8383,1.9483,0.0597,13.2681,7.3042,56.191,3.9139,25.5884,1,1,0,1
0.3421,2.4707,3.2106,0.0302,11.1317,8.2847,0.3012,3.6036,0.5836,43.2956,15.2803,21.2724,1,0,1,0
0.032,12.1888,2.8471,0.335,7.9574,3.2378,0.0872,6.3336,3.995,63.4656,13.6376,25.4941,0,1,0,0
0.2702,3.1264,1.823,0.1412,17.0977,0.9021,0.3366,14.2981,4.1125,59.7805,16.4612,18.1064,1,1,1,1
0.2935,3.9855,2.3976,0.0894,26.7152,3.9311,0.1817,5.1122,1.8738,80.7721,36.347,2.2015,0,0,1,1
0.1415,8.7226,4.3522,0.2802,35.9813,5.7401,0.2263,10.0793,2.3028,32.7985,29.4057,43.4605,1,1,1,1
0.1853,7.4106,8.5308,0.2813,38.2415,5.231,0.282,11.5254,4.2635,30.0238,13.8886,32.5178,1,1,0,1
0.164,10.9585,5.4344,0.3099,24.0995,9.4851,0.1276,3.0025,2.9267,55.2042,37.8437,10.2171,0,0,1,1
0.0572,3.9318,7.0449,0.3117,34.8131,2.196,0.2694,13.5687,6.1803,64.9535,16.2069,15.833,0,0,1,1
0.3207,13.9919,3.9429,0.2054,26.6107,7.8058,0.2194,3.8664,7.9997,68.0538,7.577,31.7068,1,0,0,1
0.1275,13.4007,6.2516,0.1745,36.7219,6.4893,0.0983,13.2475,6.939,84.1374,15.3315,33.7805,0,0,0,1
0.218,13.2304,2.9753,0.2794,23.659,1.0192,0.2154,2.673,5.8556,30.1987,46.7881,25.7141,1,1,1,1
0.2778,12.2504,0.8499,0.0943,7.4848,5.2003,0.1251,3.2828,4.8376,81.5874,32.1337,3.8543,0,0,1,1
0.3312,9.0778,3.8193,0.2688,37.7741,1.8238,0.2456,7.0381,0.8334,35.3393,45.4829,41.6923,1,1,1,1
0.0297,2.0081,3.4384,0.2061,7.5634,5.4287,0.1298,5.5651,1.8295,73.8699,42.9908,25.0414,0,0,1,0
0.1261,1.8903,4.4663,0.0314,15.4294,3.6838,0.1934,3.4444,7.7151,56.8279,12.5229,16.9238,0,0,0,1
0.2961,7.8459,8.719,0.3164,20.2761,3.7709,0.1616,12.2643,2.6391,100.6198,43.4678,34.5768,1,1,1,0
0.3296,6.5449,5.5047,0.1374,25.5184,6.2529,0.279,3.121,4.2759,65.7993,47.9258,13.0823,0,0,1,1
0.2948,13.1145,4.2973,0.3489,11.8804,2.4889,0.1362,6.7705,3.8242,86.0838,22.7929,29.5485,1,1,0,0
0.3408,11.0706,9.837,0.1667,5.7156,4.788,0.3384,8.8154,1.3472,63.5119,12.2466,10.2892,0,0,1,1
0.1847,6.9156,4.1113,0.3248,7.6176,5.6679,0.0544,14.6082,3.2782,64.3135,28.9704,7.186,1,1,0,1
0.3119,7.5547,2.8731,0.1336,39.8114,2.1545,0.3422,10.6852,7.5479,69.9988,23.7653,5.3787,1,0,1,1
0.322,11.9567,3.5654,0.2545,5.2171,6.1078,0.045,14.3389,6.4553,112.0828,21.7626,40.9916,1,1,0,0
0.3073,6.3026,2.6589,0.3125,15.8296,4.2219,0.1756,5.1524,4.2085,52.8293,28.3528,15.3321,1,1,1,1
0.124,5.6071,3.1252,0.1725,35.888,4.3571,0.2767,12.8473,0.5076,99.6966,13.6073,11.1148,0,0,1,1
0.0516,12.3636,5.2374,0.0264,32.6396,6.9957,0.0355,11.1741,2.7339,89.0123,24.3355,21.7675,0,0,0,1
0.1444,11.4956,1.6283,0.0386,5.303,6.0204,0.3147,8.8796,7.5245,32.5003,2.1716,37.5559,1,0,0,0
0.2937,13.6261,2.7679,0.0226,6.8145,1.1134,0.2252,14.153,5.722,50.0123,5.2024,37.7555,1,0,0,0
0.1897,11.9744,5.9852,0.2304,20.4477,7.8775,0.0806,4.4593,4.3491,95.905,34.7031,39.9272,0,0,1,0
0.1441,2.7491,5.6077,0.0908,27.0148,5.6407,0.2828,8.109,1.3744,116.3484,34.8909,34.9026,0,0,1,0
0.2923,3.9921,7.7817,0.3393,5.4836,4.4027,0.1736,7.6168,1.9925,37.5981,27.7953,5.5919,0,0,1,1
0.15,10.504,1.9362,0.151,7.0115,9.953,0.1133,10.8624,3.5358,94.0136,26.3635,1.7876,0,0,1,1
0.2736,3.8081,8.7231,0.0757,34.9475,6.1139,0.2819,8.4669,4.7334,77.862,46.6192,15.8079,0,0,1,1
0.1478,11.8154,4.2672,0.2754,5.182,8.1406,0.102,12.0581,0.9181,63.8925,29.7877,38.0806,0,0,1,0
0.1385,5.3888,2.7651,0.1452,16.1149,5.731,0.3435,6.5138,0.7431,119.6671,47.5861,24.6622,1,0,1,0
0.2908,2.6403,4.7271,0.2058,6.6376,1.821,0.3156,6.9081,3.0425,119.7417,30.0472,22.941,1,1,1,0
0.3474,5.5861,4.3585,0.0656,11.0861,2.7003,0.3303,10.9265,3.8735,86.0373,21.6281,17.604,1,0,1,0
0.1675,5.6146,0.9165,0.2438,11.3287,3.4844,0.3238,4.0629,3.1226,49.5456,17.0406,29.7245,1,1,1,0
0.313,7.6761,1.5944,0.1364,6.3234,9.1219,0.288,6.1102,3.0121,99.029,48.2198,15.4109,1,0,1,0
0.1962,3.5163,4.9368,0.2884,16.9724,3.1726,0.1691,11.4902,3.0378,113.8001,6.2161,44.8517,1,1,0,0
0.0294,8.4498,1.1725,0.113,24.3792,1.5227,0.0328,8.3265,2.234,64.9701,21.7345,1.7007,0,0,1,1
0.3121,2.7546,7.6443,0.1719,5.5594,6.7723,0.1717,7.7017,1.7642,94.9282,31.3286,7.5758,0,0,1,1
0.1192,10.6831,8.8928,0.0469,33.4161,1.7352,0.1518,14.8309,2.9285,98.0271,37.4243,6.4063,0,0,1,1
0.2855,13.0727,1.4947,0.0988,25.4565,4.1982,0.0265,12.3929,3.4929,95.7468,19.2517,37.7362,1,1,0,1
0.0909,11.0487,6.0915,0.1019,10.3851,2.3256,0.3471,12.8453,3.2126,44.8949,9.221,24.3033,0,1,1,0
0.0773,13.2064,3.3604,0.2837,15.8886,5.2222,0.1108,3.1957,3.8023,40.5921,15.538,17.2224,0,0,1,1
0.2365,1.4371,9.9442,0.2157,30.5621,3.0754,0.129,3.4687,7.275,41.6409,41.7252,5.5888,0,0,1,1
0.0972,12.9988,0.976,0.2597,33.3035,8.5969,0.2187,11.846,2.7686,33.1539,27.396,12.5865,1,0,1,1
0.213,12.9929,9.9156,0.1647,29.047,4.0271,0.2521,6.3177,7.4384,116.9044,24.8086,3.1877,0,0,1,1
0.0505,6.9631,3.7144,0.0213,14.0549,6.5775,0.2422,9.9492,6.3837,85.1312,43.3648,31.3449,0,0,1,0
0.0532,3.1727,2.3948,0.2944,26.1228,7.1047,0.1395,12.4403,6.8707,107.5693,15.2406,32.8234,1,1,0,0
0.2553,13.4864,6.6662,0.0715,39.0942,4.196,0.0551,12.0728,2.3997,76.7202,40.0546,16.3166,0,0,1,1
0.2873,5.4258,0.4588,0.1244,33.4387,0.4795,0.0628,2.8899,4.0441,66.0604,39.0954,3.7197,1,0,1,1
0.1687,6.4274,6.4,0.3386,27.7311,4.8305,0.1016,13.6209,7.8169,66.3962,11.4781,6.2069,0,0,0,1
0.2665,10.1468,2.4502,0.2169,23.2855,8.3123,0.1172,14.6135,7.1349,87.4967,12.1948,15.0464,1,0,0,1
0.1887,11.4983,6.429,0.0918,38.1233,6.3203,0.3141,3.7103,2.9709,77.9959,46.327,32.3029,0,0,1,1
0.278,10.4477,8.588,0.1571,39.2823,6.6774,0.0912,7.9552,6.2697,47.8883,6.0092,30.596,1,0,0,1
0.262,13.7707,6.8964,0.1885,22.2701,8.969,0.2091,2.6767,3.3999,115.7792,48.8785,32.6617,0,0,1,1
0.0643,8.0995,5.6393,0.2952,35.1247,2.8632,0.0967,11.8173,2.0744,51.0431,36.8376,30.8248,0,0,1,1
0.2688,8.7492,7.1925,0.1958,28.9813,1.1829,0.1898,7.8986,3.2061,30.8983,18.3758,24.0151,1,1,1,1
0.0345,14.0501,4.6199,0.3366,12.2814,3.0984,0.2279,2.3729,7.6741,59.9114,18.2263,37.1873,0,1,0,0
0.1803,11.5656,3.8602,0.0499,8.6174,3.2142,0.2453,4.9513,4.646,30.3098,11.9033,27.2999,1,0,0,0
0.0253,4.2698,3.8395,0.3451,36.7127,2.851,0.3362,14.32,1.2735,78.4196,19.3591,29.4032,0,1,1,1
0.0733,4.9317,1.5045,0.1424,22.2619,6.6353,0.17,4.3777,4.9453,55.1464,15.6242,1.0707,0,0,1,1
0.2515,11.0435,2.5919,0.1686,38.4573,0.3505,0.0282,5.8195,0.9661,87.6664,26.8699,41.6267,1,1,0,1
0.2536,7.7894,9.933,0.2557,35.0364,3.7092,0.2537,12.2467,2.0395,32.0079,37.9926,8.4041,0,0,1,1
0.1286,5.5943,9.3894,0.1714,23.3931,9.0553,0.1652,6.512,7.8743,59.0362,2.1504,24.9147,0,0,0,1
0.2024,3.1439,3.2373,0.2894,33.5885,2.4145,0.0723,3.6451,4.1969,107.0416,13.8587,38.3074,1,1,0,0
0.0551,10.5422,9.7808,0.2305,38.7863,6.6313,0.0651,12.4047,6.5425,70.7638,37.896,24.8217,0,0,1,1
0.1533,1.5504,9.7261,0.2294,20.5311,5.5899,0.2799,6.9831,5.6643,49.3595,17.194,2.6331,0,0,1,1
0.1208,4.0839,4.483,0.0926,10.5343,4.4756,0.1651,2.0651,7.7461,91.3404,9.9364,8.5769,0,0,0,1
0.1185,14.0424,7.3365,0.3368,34.661,9.3643,0.3033,4.4425,1.9393,117.4482,6.1264,4.5867,0,0,1,1
0.2195,12.073,7.3336,0.1744,13.203,5.8586,0.3431,4.1039,6.0664,100.573,47.316,18.5436,0,0,1,1
0.2776,3.6151,1.9266,0.1605,12.436,2.1486,0.0966,12.7735,2.3678,70.8999,31.0988,19.7708,1,1,1,0
0.2298,8.0725,9.9926,0.2474,31.0841,8.3388,0.2575,12.5385,4.7152,73.3094,16.6898,36.1128,1,1,0,1
0.2776,11.4742,0.3731,0.2937,27.2179,3.4472,0.0965,9.9371,3.5135,90.4743,18.3825,28.1514,1,1,0,1
0.2432,2.5511,0.4408,0.0304,25.795,2.0342,0.0754,8.0343,6.7586,64.3523,3.882,8.1374,1,0,0,1
0.0808,6.1687,9.0658,0.1897,22.0573,5.7997,0.1115,11.189,5.7183,119.4145,39.6629,24.5381,0,0,1,1
0.0817,10.0705,0.9842,0.1139,11.8013,5.0631,0.1143,10.2743,6.1957,40.5053,21.1343,23.1439,1,0,0,0
0.054,10.5203,0.774,0.1536,22.8433,3.9377,0.3407,8.305,4.4486,112.6025,33.5707,16.285,1,0,1,1
0.1179,8.5243,3.1914,0.1229,28.3849,6.5799,0.1978,5.1153,3.0038,107.8766,18.9868,30.8735,1,0,1,1
0.2683,13.7448,4.8257,0.1051,38.822,3.9142,0.1773,14.7265,4.37,53.4406,34.4399,35.3346,1,0,1,1
0.269,8.725,5.4165,0.2998,28.4131,7.0889,0.0264,9.2981,3.9731,110.7632,43.3124,19.5741,1,0,1,1
0.0538,9.424,4.7811,0.3455,15.5162,4.7241,0.1596,7.1021,7.3732,49.6394,2.2689,21.1703,0,1,0,1
0.0267,3.8481,5.8878,0.0214,12.809,7.6222,0.0886,8.6869,3.3948,31.1225,49.7536,41.6791,0,0,1,0
0.3148,3.7232,2.1327,0.163,21.3063,1.0733,0.3235,14.8155,5.5777,51.2531,36.589,37.4696,1,1,1,0
0.3248,9.1438,2.3403,0.032,22.1606,5.0516,0.1843,2.5919,3.5193,81.0881,5.0379,9.9111,1,0,0,1
0.0343,14.7339,0.6621,0.0806,33.9981,9.9522,0.2033,9.7045,2.2961,84.0099,19.3506,7.0353,0,0,1,1
0.2772,13.6095,0.4393,0.1246,28.8979,4.4506,0.2918,12.8904,2.1433,32.9135,32.0051,5.4316,1,0,1,1
0.337,1.2348,2.9565,0.3132,19.9566,3.9543,0.2152,12.6777,4.0249,108.8344,6.4873,37.5538,1,1,0,0
0.2963,11.4143,9.0429,0.2074,15.0131,6.8159,0.0435,2.2558,6.9647,94.6039,27.2006,37.6838,1,1,0,0
0.0625,2.0303,7.0895,0.1427,12.9107,3.0542,0.3252,8.4795,6.7936,61.371,18.7151,36.6796,0,0,1,0
0.165,12.7982,2.4156,0.2435,33.6164,8.1476,0.2622,12.1489,1.1714,67.4749,27.0342,39.7137,1,0,1,1
0.205,1.4671,5.6377,0.1813,25.033,2.9285,0.1174,3.5843,6.4355,81.7019,26.5175,13.2276,0,0,1,1
0.1662,9.671,5.0336,0.1015,25.7879,1.8397,0.1304,14.3244,6.761,41.6789,8.6082,19.3877,1,1,0,1
0.1841,6.9484,5.0023,0.2454,12.7381,9.7721,0.2596,6.3966,5.4699,67.0569,16.3273,28.3565,0,0,1,0
0.085,14.2139,2.8373,0.305,6.0643,4.1995,0.0517,6.7838,4.2764,41.2972,16.276,30.9875,1,1,0,0
0.1378,11.5715,1.6128,0.2433,16.8965,1.2032,0.2476,8.1312,7.4835,109.257,28.8689,3.0218,0,0,1,1
0.2594,12.5549,2.4574,0.0455,24.4163,3.0252,0.1042,10.2294,6.9362,70.1775,44.5728,35.3684,1,1,0,1
0.2551,12.8537,8.0416,0.2082,12.8444,8.2421,0.2058,12.2708,7.9572,53.8057,3.5005,28.0668,0,0,0,0
0.2115,12.2791,0.8989,0.1561,8.953,2.4661,0.32,13.0667,1.7667,35.4574,49.5514,5.0843,1,0,1,1
0.1684,3.0501,5.0239,0.1093,33.7692,3.8387,0.1407,4.0807,6.5005,77.4907,44.0351,9.0167,0,0,1,1
0.0267,10.3203,5.3133,0.0981,36.4668,7.1304,0.3147,7.6501,7.1189,50.3536,36.0553,25.3073,0,0,1,1
0.1688,13.0333,2.1501,0.3029,13.0319,6.761,0.1411,10.7535,6.4166,112.5921,25.0116,1.6001,0,0,1,1
0.0263,12.6072,2.5836,0.3023,9.9616,8.2857,0.2314,8.8272,5.9425,70.2742,18.6295,30.662,0,1,0,0
0.1602,6.3143,8.9446,0.1525,24.4784,9.2151,0.1022,3.7997,0.7702,75.0724,24.1483,25.6047,0,0,1,1
0.0596,9.717,3.8622,0.3172,32.6464,9.8101,0.2851,5.813,5.8912,109.2298,34.3615,28.6937,0,0,1,1
0.2592,3.7556,6.0438,0.3213,32.3725,9.1182,0.1118,11.7876,2.7559,68.4773,48.9971,40.6518,1,0,1,0
0.3407,8.8066,9.6282,0.2932,26.814,6.3231,0.2754,7.2374,5.7417,45.0933,43.2985,30.9386,1,1,1,1
0.2409,3.02,2.1574,0.1214,20.828,7.7498,0.3138,8.2582,2.0041,75.7941,15.7601,5.2884,1,0,1,1
0.2343,14.6965,1.2102,0.1613,38.2926,9.5028,0.1323,2.4058,7.8375,93.9023,15.8463,37.3498,1,0,0,1
0.0735,6.9912,1.9836,0.1398,28.0375,7.8253,0.1347,6.6953,5.2279,72.8153,32.7298,37.9817,1,0,1,0
0.2411,2.9103,1.1386,0.2895,26.7481,1.9773,0.0507,10.4093,0.6574,57.9262,9.9472,40.1537,1,1,0,0
0.3066,4.1961,5.3924,0.0763,17.6315,2.7559,0.2489,4.6594,5.1324,116.0091,45.8469,35.0069,1,0,1,0
0.1217,12.6447,3.4633,0.0536,17.546,4.0345,0.0705,6.5293,6.7005,89.924,28.8349,43.2703,1,0,0,0
0.0762,7.0948,6.2995,0.3182,5.4809,8.4336,0.3214,10.4113,4.0522,99.2206,22.3707,43.8871,0,0,1,0
0.3228,11.3058,9.4317,0.2779,34.3936,6.4853,0.1147,11.4374,3.0794,73.2599,40.834,40.2577,1,1,1,1
0.1203,10.2833,6.4533,0.1177,22.2338,2.3754,0.3269,7.9147,4.3554,43.7494,31.7267,13.6648,0,0,1,1
0.3115,11.1532,1.4936,0.1138,33.8172,2.8866,0.2091,3.5651,6.2536,47.3351,41.0548,23.7023,1,0,1,1
0.2677,8.4482,1.8034,0.1763,36.1034,2.6052,0.3274,7.4615,1.151,104.5823,44.1181,16.1085,1,0,1,1
0.1493,8.9623,1.6076,0.0892,7.8103,8.6484,0.1658,11.4374,2.0244,111.1892,44.3945,42.2639,1,0,1,0
0.2122,1.0716,7.0931,0.1762,29.9347,6.1617,0.0832,4.5133,2.3303,81.8414,28.348,24.8983,0,0,1,1
0.3372,3.331,5.847,0.2618,6.7073,8.7796,0.0782,8.9791,4.0747,81.1765,17.8759,3.3082,0,0,1,1
0.2238,10.5082,1.4904,0.1985,28.2563,4.4559,0.2986,7.4525,4.4097,82.0746,34.1379,18.9487,1,0,1,1
0.1388,2.0832,9.9958,0.344,28.9987,5.9229,0.2644,5.4043,1.3283,79.7362,27.2677,25.0513,0,0,1,1
0.199,10.1956,6.6305,0.2669,26.4296,6.6761,0.141,13.0171,4.0009,36.2806,45.5783,6.3991,0,0,1,1
0.0995,13.3282,4.3208,0.2386,12.9605,3.194,0.1942,5.2643,1.0327,39.7663,29.3656,8.4125,0,0,1,1
0.1187,10.4446,4.6068,0.1852,27.2771,9.572,0.1674,8.3005,5.6112,68.5299,24.7023,24.3685,0,0,1,1
0.3027,8.2069,4.5539,0.1631,6.9482,6.6297,0.1723,10.5587,4.1928,66.8404,34.357,18.9344,1,0,1,0
0.1463,6.3659,1.6589,0.2931,36.9726,3.1989,0.2799,12.119,4.0465,81.9044,37.9403,3.8972,1,0,1,1
0.1548,10.1943,5.5828,0.2665,22.743,3.6407,0.3091,11.6653,3.1583,37.7269,30.0129,20.2898,0,0,1,1
0.3154,9.6942,5.8212,0.3465,17.9291,1.7336,0.3299,12.7565,7.7751,32.1728,9.8137,21.6203,1,1,0,1
0.3291,4.6546,3.0609,0.2996,25.3986,2.8065,0.2208,2.2639,1.3961,99.3101,25.573,19.3834,1,0,1,1
0.0852,14.6353,7.0502,0.1923,5.4631,4.8873,0.2177,10.2091,7.4689,100.5113,21.2962,26.1557,0,1,0,0
0.3485,10.3123,3.3234,0.0963,39.0921,1.2641,0.3423,14.1807,4.0417,89.3403,8.6268,38.8473,1,1,0,1
0.2793,11.6519,4.8391,0.2281,33.0737,3.8206,0.0926,12.7613,5.1154,53.5589,32.0754,31.4026,1,1,0,1
0.34,7.2463,2.0576,0.0455,33.8699,2.1054,0.1359,2.3902,2.5533,37.2301,5.3913,6.0914,1,0,0,1
0.0362,7.716,6.5792,0.3096,23.6071,1.3312,0.1502,8.4214,2.2544,89.8138,27.3941,26.2437,0,1,1,1
0.3159,11.3618,3.2767,0.3351,27.812,9.5046,0.046,7.5575,5.1181,119.4866,10.7264,30.7784,1,1,0,1
0.1317,14.2137,9.2635,0.0562,31.1982,3.4261,0.2787,4.3251,1.1884,84.7732,31.9861,22.6738,0,0,1,1
0.2648,2.094,1.5079,0.2545,30.8163,6.3411,0.1076,7.9157,4.6018,107.3849,9.7881,20.3721,1,0,0,1
0.0273,1.9416,4.1943,0.2092,19.769,3.9809,0.2577,10.5541,2.9667,107.724,12.8687,4.2023,0,0,1,1
0.3481,1.2683,6.9769,0.182,10.734,4.2127,0.2826,9.3398,6.891,90.2926,42.7961,15.518,1,1,1,0
0.1173,11.6087,9.3752,0.0611,24.0708,0.6194,0.0644,7.0716,7.335,35.5018,41.0604,36.1167,0,1,0,0
0.3264,3.3443,0.3665,0.07,6.6983,7.622,0.0863,10.5827,1.2806,85.03,8.315,7.0702,1,0,0,1
0.2762,12.4369,5.6465,0.208,36.8065,9.8552,0.1282,7.5494,5.2223,73.895,26.3543,40.2577,1,0,1,1
0.1589,10.3086,3.6822,0.2997,28.5148,1.068,0.309,5.6005,2.5945,35.943,46.7888,7.3654,0,0,1,1
0.0309,2.3715,1.5804,0.3422,13.0882,4.0768,0.1189,13.9956,3.2207,110.5266,44.5963,1.7137,0,0,1,1
0.3412,6.1448,9.7698,0.0719,21.5821,1.7197,0.0878,9.6688,3.9398,56.34,3.2185,18.3155,0,0,0,1
0.1068,2.353,2.7736,0.1407,17.2143,2.1519,0.1319,10.0005,0.5181,82.2509,20.6995,42.9417,1,1,1,0
0.3383,1.0225,8.7301,0.3232,30.0362,7.4334,0.0735,14.0196,2.317,38.9604,10.0433,33.3591,1,1,0,0
0.0525,3.1303,4.7932,0.2558,16.9649,0.7286,0.0889,5.7883,3.9353,98.1349,6.9373,3.5234,0,0,0,1
0.1923,14.3113,5.97,0.1603,18.4963,4.3226,0.3372,14.7977,0.8008,54.2216,41.9263,28.5752,1,1,1,1
0.149,6.5264,7.7865,0.2371,36.1749,3.6096,0.2572,4.8929,6.8469,70.3563,21.8695,2.5698,0,0,1,1
0.1998,4.7105,3.0091,0.2413,12.4908,1.2381,0.1279,12.0057,5.6855,118.2452,25.9403,32.0716,1,1,0,0
0.1435,7.6695,6.983,0.3463,8.0796,9.9689,0.2809,2.4535,7.7089,71.3793,13.3366,14.6683,0,0,1,1
0.1673,3.2083,5.6648,0.0407,13.3108,3.8201,0.2053,5.3149,7.3612,86.0266,46.04,25.7586,0,0,1,0
0.2304,8.9049,3.7976,0.2848,5.521,4.5443,0.1012,10.4017,6.4709,61.9011,27.4887,44.1618,1,1,0,0
0.0731,9.7587,0.9439,0.2992,12.1729,7.9072,0.2061,4.5604,2.3375,40.6404,21.133,4.0611,0,0,1,1
0.1242,12.9533,3.408,0.1853,35.5689,5.968,0.237,7.9761,1.5759,72.3968,5.8084,4.0851,0,0,1,1
0.0356,9.5474,7.0439,0.2017,22.7813,7.1373,0.0279,5.9969,7.8152,36.8284,35.9484,2.4285,0,0,1,1
0.0375,7.4361,9.4523,0.2415,11.8034,7.4425,0.2065,7.7472,5.5152,58.0049,26.6938,10.0542,0,0,1,1
0.2132,14.0032,4.0695,0.0932,18.9091,1.5311,0.1449,14.8226,6.0826,32.9649,14.2528,23.8255,1,1,0,1
0.23,11.6224,4.5819,0.0665,26.1065,2.9564,0.0475,11.1395,3.4263,45.6633,5.8534,3.8669,0,0,0,1
0.2989,2.0632,4.1237,0.1518,32.2305,0.5273,0.115,6.489,3.1182,100.9945,46.9903,30.7587,1,1,1,1
0.1359,9.2689,6.927,0.312,33.7908,5.5104,0.1492,2.1424,5.463,43.648,2.8704,44.0261,0,0,0,0
0.0797,2.2896,2.14,0.0728,28.8639,3.2953,0.206,2.2403,6.7324,38.3944,38.6023,27.6534,1,0,1,1
0.0556,13.6894,6.3698,0.0604,11.6084,2.1408,0.1056,11.2221,7.3266,71.2141,18.7796,7.5918,0,0,0,1
0.2839,13.0727,6.5884,0.2664,21.0751,3.9105,0.0888,6.8141,0.74,98.0436,38.7408,2.092,0,0,1,1
0.2162,1.8716,1.4335,0.1552,21.5543,6.2648,0.0327,6.9864,5.4371,45.9349,30.651,18.4097,1,0,1,1
0.0568,7.9815,7.3171,0.3048,11.8558,7.4362,0.1356,11.5389,3.4005,36.3036,46.7745,18.7521,0,0,1,1
0.3447,10.6754,9.177,0.0751,15.0641,1.8935,0.271,10.3508,6.4654,65.1919,18.2628,1.698,0,0,1,1
0.0753,9.1694,4.7917,0.0525,24.9965,4.4727,0.3333,4.5466,0.7987,100.6281,42.155,12.3694,0,0,1,1
0.083,8.9394,6.7282,0.1074,15.8639,0.8182,0.1807,7.2973,1.2363,45.9192,26.7418,31.3291,0,1,1,0
0.1129,14.2423,0.9249,0.0368,34.311,6.8792,0.2953,5.1112,0.7902,90.003,42.3563,22.3995,1,0,1,1
0.216,4.7931,2.5374,0.3015,5.69,6.2918,0.118,8.7342,1.5531,49.595,31.6679,28.633,1,0,1,0
0.1977,11.6223,4.4411,0.2851,11.3916,2.3944,0.3184,7.5848,4.4219,82.2923,35.6123,7.8293,0,1,1,1
0.2976,14.6622,8.8458,0.1379,15.0057,4.8698,0.0998,5.8635,7.6593,115.8889,49.4369,11.8386,0,0,1,1
0.1594,8.1991,6.4666,0.0344,12.5002,2.3046,0.0367,3.0663,3.4378,65.3081,22.6673,27.1953,0,0,1,0
0.1983,10.3249,6.5728,0.1298,8.6174,0.699,0.0734,5.2727,1.2056,33.9248,5.4772,32.3161,0,1,1,0
0.2646,12.8986,5.0843,0.1094,30.1715,7.8787,0.0824,10.1164,5.1035,108.7823,17.908,41.2186,1,0,0,1
0.1076,13.5183,6.1496,0.2679,23.5979,1.0996,0.2005,8.121,2.3124,43.876,4.6463,19.6476,0,1,0,1
0.0513,1.2675,8.9269,0.2799,6.9036,5.3564,0.2781,2.336,2.0721,61.4472,19.4124,29.9654,0,0,1,0
0.0338,12.7981,4.0455,0.3326,36.1106,0.8322,0.2403,8.3936,5.0549,95.1598,40.5921,38.642,0,1,1,1
0.2867,13.2191,9.1315,0.3324,13.6915,1.4041,0.061,9.5812,7.4347,48.2567,43.7065,42.0977,1,1,0,0
0.0916,6.9984,4.8541,0.2374,13.3292,4.8552,0.2921,13.2939,4.0014,116.3748,46.7168,15.2088,0,0,1,1
0.222,10.8343,3.7851,0.1526,33.6594,0.5562,0.1106,8.5466,2.4596,65.1864,49.7126,43.1502,1,1,1,1
0.0651,6.2059,2.7388,0.3498,31.2377,9.1098,0.1062,2.1599,6.8632,44.0732,3.1993,33.9773,0,0,0,1
0.0337,5.7653,0.4575,0.147,24.1999,5.163,0.1313,5.7801,7.6866,47.2019,48.4976,23.7648,1,0,1,1
0.0472,1.6673,7.3141,0.0777,26.2737,6.9789,0.2569,2.921,2.5676,52.1999,3.042,42.7744,0,0,0,0
0.1453,9.9021,2.064,0.0558,35.5137,1.6302,0.0231,14.6042,1.5011,80.3994,27.3786,43.5914,1,1,0,1
0.1491,10.8517,8.2713,0.0273,38.4533,2.3251,0.035,12.147,0.6188,98.5668,6.6818,22.8714,0,0,1,1
0.3401,6.7454,9.9012,0.1583,23.0518,5.5567,0.1954,7.5804,7.9732,81.9238,13.4664,34.424,1,1,0,0
0.1419,2.9107,6.7592,0.2912,14.2076,7.2449,0.0581,5.0894,6.0065,68.2808,13.1212,16.1989,0,0,0,1
0.283,12.5974,4.9199,0.0917,26.633,1.4298,0.0543,3.2857,4.9574,63.8037,20.093,20.3034,1,1,0,1
0.065,8.808,7.1512,0.3341,17.7795,2.4409,0.2347,10.6119,6.219,73.8035,37.8257,28.5929,0,1,1,0
0.0387,3.8532,5.1188,0.1458,14.4775,7.4914,0.2996,12.7389,3.4719,77.9128,48.9253,17.9639,0,0,1,1
0.0725,2.0218,1.1317,0.1069,35.2352,1.119,0.178,2.3524,7.6713,82.5858,31.1262,8.6643,1,0,1,1
0.1365,2.9612,4.2636,0.2943,6.6868,7.7314,0.2391,4.0806,5.3149,103.6821,33.3769,13.2688,0,0,1,0
0.2373,14.7575,8.2848,0.0302,17.1314,9.2456,0.1026,8.3684,4.4322,63.249,42.3811,8.3262,0,0,1,1
0.1678,1.0645,1.2322,0.223,9.7208,2.2756,0.1511,10.2942,2.115,111.1817,31.717,18.8834,1,1,1,0
0.0236,9.556,8.6393,0.3457,18.7646,9.3158,0.0296,5.5375,4.3919,79.8869,47.1822,10.3512,0,0,1,1
0.1752,11.3339,9.3272,0.1462,10.11,9.6857,0.0328,3.8075,1.3813,69.3726,42.3077,38.9141,0,0,1,0
0.1144,5.9189,9.0033,0.308,19.7398,4.315,0.2259,8.6035,2.6245,37.3447,18.4583,29.4105,0,1,1,0
0.1937,2.5517,7.4113,0.071,18.1782,4.7714,0.0602,5.7015,6.2348,39.2263,15.6965,30.5417,1,0,0,0
0.2341,11.5695,0.5599,0.3487,25.9746,1.6519,0.3127,10.2429,2.1757,56.2396,21.3406,10.7604,1,0,1,1
0.223,5.2545,5.2397,0.1081,19.8791,0.3756,0.2154,9.3422,3.2077,98.6529,17.2324,30.5075,1,1,1,0
0.0786,4.006,9.7842,0.0467,16.4504,4.2856,0.1154,10.752,7.6252,59.0314,10.0276,6.7611,0,0,0,1
0.2446,2.2732,4.7943,0.1635,27.1262,4.0785,0.094,14.3934,0.9364,73.5659,25.6796,36.6544,1,0,1,0
0.257,11.7448,6.74,0.1763,22.1081,6.3311,0.1,14.7718,5.2511,44.6699,24.5963,31.2913,1,1,0,1
0.0621,4.3573,3.4075,0.3154,30.3128,8.5047,0.0279,6.2991,2.0164,70.6932,8.2741,41.1965,0,0,1,0
0.1404,8.4546,6.3876,0.088,7.9822,9.1017,0.0587,13.6117,4.5283,42.4341,17.8458,8.3708,0,0,1,1
0.1108,7.4999,5.8798,0.2585,35.3098,7.3483,0.1922,3.578,4.5648,90.1176,19.8567,23.2351,0,0,1,1
0.2783,12.7343,0.9917,0.0212,20.4997,1.2512,0.0391,10.0258,1.6544,75.1237,2.4779,7.5514,1,0,0,1
0.1786,3.4012,7.395,0.2345,23.8625,9.3786,0.1621,8.6416,3.4703,33.9417,3.8367,39.8023,0,0,0,0
0.2455,5.905,0.391,0.1959,36.647,6.5016,0.057,6.8185,7.9808,94.4781,42.8593,4.6388,1,0,1,1
0.0336,6.6851,6.776,0.1387,36.4858,5.6027,0.218,14.5731,4.2191,38.1612,2.1042,43.5997,0,0,0,0
0.2493,1.3105,0.557,0.2071,17.4619,5.5366,0.1693,8.3515,2.739,44.3411,49.9112,32.3443,1,0,1,0
0.2273,3.5139,4.2141,0.1868,15.6742,7.2358,0.1261,14.7004,1.3373,92.737,26.8356,25.2883,1,0,1,0
0.0739,11.1338,7.1142,0.1106,36.602,5.1932,0.1015,9.856,3.514,73.8856,9.8596,40.1127,0,0,0,1
0.1347,8.2464,8.7944,0.0436,13.4829,7.6546,0.2973,3.4162,3.8395,63.3647,13.9033,40.0847,0,0,1,0
0.2276,1.1036,7.5594,0.3186,12.7403,1.0709,0.2532,8.8633,2.3608,112.0579,3.9766,44.0992,0,1,0,0
0.1245,12.2862,9.0142,0.1536,32.2148,3.6242,0.2727,12.1876,4.279,42.4484,3.2929,21.0061,0,0,0,1
0.2571,4.8492,4.4843,0.1884,23.1975,9.3234,0.0795,12.817,2.8889,60.692,8.1104,38.1897,1,0,0,0
0.3005,2.2335,9.7149,0.1207,30.2497,7.2259,0.2368,13.4482,2.0429,71.9736,9.3122,7.3458,0,0,1,1
0.2205,5.6328,6.1051,0.182,18.2495,1.3606,0.1027,6.2134,5.9764,104.1501,20.3808,5.0041,0,0,1,1
0.1361,3.8065,4.401,0.2596,14.6182,8.6036,0.281,6.2604,0.8348,118.6605,8.2021,29.5425,0,0,1,0
0.165,10.9023,0.7019,0.2132,20.3614,4.7297,0.2395,13.8756,5.2841,110.3824,13.4578,14.9574,1,1,0,1
0.158,3.8124,2.6248,0.1097,19.4373,1.655,0.0724,13.631,7.8563,95.1862,37.375,5.7672,1,1,0,1
0.2098,12.2987,9.7273,0.0924,22.8241,3.8359,0.3286,9.7352,4.6657,119.5558,7.2007,12.4093,0,0,0,1
0.3112,2.986,5.8875,0.0564,10.3159,9.3643,0.1243,4.4341,5.7685,49.1761,7.5909,10.9457,1,0,0,1
0.0784,5.8695,6.5986,0.2778,37.0022,1.143,0.2769,12.5524,1.4169,87.9132,40.1184,11.4873,0,0,1,1
0.1708,3.7669,4.5418,0.0328,26.284,6.4736,0.2594,8.0971,5.2537,33.4004,8.8036,11.7431,0,0,0,1
0.1137,1.8839,4.69,0.1622,9.6787,5.585,0.1556,9.6717,3.852,61.552,45.7834,31.1552,0,0,1,0
0.0969,11.4443,5.1404,0.1408,11.1145,3.3207,0.2688,8.1388,7.4985,55.9036,5.8818,25.6263,0,1,0,0
0.2079,5.19,2.5511,0.0974,25.5534,3.8947,0.0765,8.9369,6.2998,87.2595,47.4952,18.1748,1,0,1,1
0.0782,13.9435,8.1058,0.2026,33.1172,1.4967,0.2891,11.3501,7.5891,36.1247,11.5479,26.8221,0,1,0,1
0.3266,5.4602,5.3444,0.1269,21.129,0.5498,0.0567,3.855,3.8339,47.8433,2.788,33.3714,1,1,0,0
0.145,5.4019,5.1865,0.2102,15.764,1.8814,0.0599,2.7634,6.857,81.1968,40.6016,44.06,1,1,0,0
0.1365,4.5647,8.8607,0.3232,7.2066,5.8101,0.3433,7.2272,7.4053,64.8947,16.3024,41.7025,0,1,0,0
0.1532,14.748,0.6628,0.3003,37.1803,4.7793,0.2535,8.6219,2.8977,72.112,39.9386,3.5983,0,0,1,1
0.2004,11.3314,7.6156,0.2664,10.0322,8.2776,0.1736,5.3156,2.9574,92.8372,10.3523,36.6899,0,0,1,0
0.0713,11.0566,9.5803,0.1148,21.4751,8.5941,0.0466,2.1756,5.5767,42.5879,23.8633,33.4576,0,0,0,0
0.1468,14.5923,2.281,0.1843,27.7036,5.752,0.2123,4.5113,4.3832,110.6602,45.9439,22.4078,1,0,1,1
0.194,3.7559,2.1545,0.338,24.7793,7.2738,0.3445,3.215,5.3754,97.3563,13.3452,6.41,1,0,1,1
0.1968,3.3654,5.0846,0.3484,5.6801,5.4492,0.1925,3.4287,7.3913,109.7195,27.9853,5.8056,0,0,1,1
0.1142,10.9225,7.3004,0.2243,31.2506,6.1075,0.0608,14.6178,1.7244,51.9531,40.7007,40.8557,0,0,1,1
0.1751,10.0509,7.5691,0.2901,28.7365,0.8331,0.0658,2.2845,5.0579,67.6143,25.6865,43.812,1,1,0,0
0.0759,14.2478,7.254,0.0639,19.1901,4.4538,0.1681,11.7102,1.5416,60.3835,22.4998,1.8878,0,0,1,1
0.0939,7.1623,6.9888,0.3483,32.0776,5.0628,0.114,13.2191,1.5619,53.9408,41.0997,32.7764,0,1,1,1
0.2482,4.4522,2.3176,0.0773,11.4271,2.5165,0.1732,2.0685,0.7769,51.2592,48.8927,27.9728,1,0,1,0
0.1488,12.4449,1.255,0.3058,35.9442,6.0252,0.1015,11.2698,0.6663,39.5924,6.2827,34.3622,1,0,1,1
0.3496,10.5273,8.3641,0.1804,6.491,4.4561,0.3367,11.8698,6.0597,94.8872,44.6208,42.4051,1,1,1,0
0.2594,1.1117,6.7305,0.2813,6.8706,4.2302,0.2507,10.8418,5.4065,50.779,10.6217,2.4802,1,1,0,1
0.0684,9.7604,8.7976,0.1811,9.5928,5.9287,0.3362,9.9876,1.0588,114.019,39.5599,4.726,0,0,1,1
0.3047,6.4905,8.7545,0.1752,36.9735,2.3091,0.1364,13.0932,4.8212,117.232,20.4645,24.2521,1,1,0,1
0.1902,13.3819,3.489,0.0367,33.822,3.838,0.3099,10.6928,2.365,112.4411,36.1661,9.3097,0,0,1,1
0.2544,3.6188,9.7119,0.1642,27.3957,8.1981,0.263,3.422,7.9243,100.3983,44.7409,37.7687,1,0,1,0
0.2497,10.7456,3.4974,0.149,36.5981,1.1552,0.2146,6.7993,3.208,63.8067,22.8319,40.8724,1,1,1,1
0.0328,10.5188,2.848,0.3214,37.6902,4.3785,0.2423,12.7009,4.7359,51.834,30.9567,9.2479,0,0,1,1
0.0568,12.3311,8.4836,0.0301,18.6566,1.2047,0.0222,5.7066,4.0656,86.3688,7.0227,14.3387,0,0,0,1
0.0761,1.934,8.623,0.1536,14.2099,0.9664,0.3494,4.0686,0.6794,76.2013,38.8891,35.8195,0,1,1,0
0.263,7.6082,7.189,0.1781,39.2659,4.381,0.1271,3.0582,3.9454,38.0938,40.1295,28.0223,1,0,1,1
0.2488,10.4713,2.0201,0.1288,35.9602,1.1995,0.2083,8.1874,2.6792,92.9329,12.1981,14.258,1,0,1,1
0.1738,3.9932,8.0328,0.0316,8.6575,2.1693,0.0921,8.1189,4.4783,51.5577,34.6269,16.7686,0,0,1,0
0.1685,5.9903,8.7102,0.2188,29.3565,3.3035,0.1919,14.1719,5.6846,34.2455,10.4663,1.8702,0,0,0,1
0.2007,9.57,4.9338,0.3059,24.2131,5.5851,0.0603,14.5117,1.6422,41.9667,34.233,10.6844,0,0,1,1
0.1285,7.6856,8.1373,0.2309,14.1005,0.7926,0.1733,13.5521,2.3111,89.5813,26.2739,15.0594,0,1,1,1
0.0735,7.0514,8.0193,0.1294,12.9206,1.3936,0.3439,12.3485,7.2615,75.4754,14.3665,6.4872,0,1,0,1
0.1321,11.1918,2.8421,0.2649,37.5401,7.4874,0.217,9.2238,6.6421,113.3734,47.3334,38.4238,1,0,1,1
0.1306,10.8505,2.387,0.046,30.5594,5.6133,0.1077,7.0463,1.7813,79.1834,44.2847,6.3476,0,0,1,1
0.1584,11.8693,0.3535,0.1592,32.0393,7.5983,0.2649,9.4794,1.0448,43.8353,19.5193,35.8785,1,0,1,1
0.0892,8.6665,0.4186,0.334,12.4923,9.7055,0.2782,6.3833,6.084,63.3708,37.1205,4.8756,1,0,1,1
0.3338,14.661,4.791,0.1789,25.7197,6.8295,0.2889,7.9692,3.0886,115.3818,12.4758,42.0369,1,1,1,0
0.2021,7.6622,9.6946,0.0951,9.8051,4.3745,0.0437,7.6934,5.1066,41.952,28.3787,8.2965,0,0,1,1
0.344,4.5163,1.9338,0.0954,22.6959,6.3047,0.032,9.5808,6.6865,65.2271,44.0507,11.9158,1,0,0,1
0.3321,5.9051,4.1263,0.3049,5.526,1.658,0.2904,4.723,7.8942,81.3467,15.6268,5.8468,1,1,0,1
0.1485,3.0057,1.269,0.1907,28.2601,2.0981,0.1938,6.5637,7.7199,119.458,41.8611,38.6385,1,1,1,0
0.1726,2.9991,7.0621,0.1004,27.5935,3.8219,0.2202,4.5563,7.2478,119.4741,37.0966,17.4641,0,0,1,1
0.038,7.0256,3.7122,0.2672,18.7746,2.557,0.0269,6.4464,0.7781,89.6141,35.6067,28.3857,0,1,1,0
0.32,8.0952,3.2863,0.2924,6.4926,1.0756,0.1815,3.0165,3.824,63.2603,12.1034,1.004,0,0,1,1
0.3158,14.7206,2.3602,0.0299,18.5906,6.3191,0.1869,7.8777,6.5523,117.9974,28.8294,12.0891,1,0,0,1
0.1451,9.2212,9.63,0.3252,9.5391,3.4171,0.256,4.8723,6.3574,109.4077,4.9682,9.5409,0,0,0,1
0.0825,12.8689,7.4212,0.2064,32.3938,3.9277,0.2563,4.0747,4.0668,74.7404,17.4393,8.718,0,0,1,1
0.1051,9.616,2.7255,0.181,11.7774,5.5817,0.3254,8.5684,6.031,109.9852,3.779,1.3955,0,0,0,1
0.2474,8.2252,7.398,0.0327,32.7678,5.4367,0.0332,10.1002,0.6744,32.1194,3.2155,2.3795,0,0,1,1
0.1992,14.4258,9.7802,0.2682,32.8081,6.2461,0.2459,3.8081,4.5601,110.7778,27.277,37.2498,0,0,1,1
0.0396,12.7641,6.4194,0.1322,26.5224,7.0661,0.2321,12.7511,1.013,119.6412,15.9357,36.6343,0,0,1,1
0.3324,6.3958,3.2062,0.1148,12.4071,6.4962,0.1067,2.4163,1.7363,61.573,12.1511,42.396,1,0,1,0
0.1987,5.5733,6.7154,0.1785,9.7673,1.346,0.2802,11.1614,4.9159,57.1384,2.8041,10.9656,0,1,0,1
0.2808,6.9209,1.1707,0.2878,37.9992,0.9409,0.0606,7.7748,5.0884,109.04,15.6608,6.7083,1,0,1,1
0.0398,7.4816,5.9746,0.2719,15.0875,8.2584,0.2338,5.7624,2.4409,61.2451,15.8014,13.852,0,0,1,1
0.0513,6.3703,1.7798,0.0415,8.1648,3.4938,0.3294,10.2532,7.4941,76.723,2.8214,19.4903,0,0,0,0
0.2682,11.1974,1.5296,0.0644,39.4498,5.198,0.153,5.1536,5.0901,78.8579,6.2217,13.3826,1,0,0,1
0.285,6.5503,2.077,0.2816,7.2398,9.6377,0.3121,9.8046,5.869,105.5343,33.4984,20.9159,1,0,1,0
0.2501,13.9868,8.1973,0.155,33.6685,8.892,0.125,9.7563,2.8581,37.5143,15.5713,36.2853,1,0,1,1
0.1023,1.7428,3.5706,0.0626,19.7508,1.8296,0.1056,12.7796,0.5129,44.5398,46.1039,16.082,0,0,1,1
0.1323,2.3199,1.7445,0.0465,11.3458,9.9584,0.0841,7.7742,4.233,116.0753,29.7984,28.1934,1,0,0,0
0.3404,9.8615,1.1584,0.1931,16.5198,0.4549,0.0973,10.4649,4.7785,35.5485,3.0152,10.2889,1,1,0,1
0.0927,3.9827,8.0153,0.1316,35.8397,5.6731,0.1741,10.0107,3.6583,88.4053,17.5496,19.3794,0,0,1,1
0.2827,2.7718,5.419,0.0593,23.4114,7.7946,0.176,9.8034,5.6219,77.5123,19.3028,34.8113,1,0,0,0
0.1938,8.3391,5.6618,0.2121,17.2323,6.1154,0.156,3.5254,7.3445,95.0153,20.3557,8.4891,0,0,1,1
0.1327,14.8081,4.3782,0.1921,17.4637,2.2893,0.1901,13.1226,4.1658,63.048,23.8502,17.0913,0,1,1,1
0.1686,2.3307,6.5197,0.2311,25.9975,2.1156,0.2059,12.3095,6.911,52.1701,19.6854,24.6435,1,1,0,1
0.0659,3.1717,5.739,0.1209,38.5186,4.0715,0.2362,14.475,2.5071,45.8194,22.8178,22.4139,0,0,1,1
0.3092,9.0088,6.3625,0.2578,6.914,8.1148,0.0895,14.8221,2.9093,93.403,6.2773,16.1221,1,1,0,0
0.279,10.5574,8.6193,0.2324,24.3835,6.1742,0.2533,11.727,2.4156,69.7672,45.1021,11.6242,0,0,1,1
0.2128,8.2517,4.5821,0.066,29.9475,8.5551,0.1634,3.6304,5.4965,65.0203,18.0562,21.7698,1,0,0,1
0.2734,3.0876,1.2218,0.2869,25.4762,9.3242,0.2203,7.4785,1.1841,40.0729,45.6424,2.5351,1,0,1,1
0.2091,8.8133,3.2282,0.178,16.1293,1.1361,0.19,4.9691,2.1388,73.0129,45.4757,8.2508,0,0,1,1
0.1959,7.6922,5.3418,0.3485,7.9419,2.7097,0.2993,4.6877,4.5599,81.0459,41.4431,34.2545,0,1,1,0
0.1102,4.097,8.3709,0.2683,5.5392,6.3445,0.2993,7.1005,4.545,35.9168,33.1548,18.2838,0,0,1,0
0.0627,3.2814,8.1,0.1522,24.7389,1.3253,0.0592,12.6587,1.4513,115.091,42.3325,12.0165,0,0,1,1
0.1605,10.1491,4.3763,0.2461,14.7836,3.1462,0.1033,4.1929,5.0559,36.9619,41.4461,2.8064,0,0,1,1
0.0802,10.0966,0.5855,0.3332,31.5807,8.0349,0.2548,2.4715,2.9394,75.864,11.3414,2.8002,0,0,1,1
0.0763,1.4629,4.7636,0.0291,27.7469,4.3861,0.1746,10.0881,3.0035,30.8669,37.1926,26.5164,0,0,1,1
0.2205,14.4038,6.5356,0.2158,13.2397,7.6874,0.0797,12.7414,6.6501,54.8102,42.5258,28.9433,1,1,0,0
0.159,4.5197,4.3403,0.2658,26.353,5.8699,0.2838,2.6884,5.4294,119.0311,42.9095,29.5333,1,0,1,1
0.2004,14.797,5.8994,0.2,29.6943,7.7255,0.336,12.9314,1.9674,80.6268,35.0262,24.7064,0,0,1,1
0.1547,5.0776,7.9596,0.0947,18.133,6.1425,0.3439,5.8015,2.0512,35.0498,5.9187,10.1135,0,0,1,1
0.0796,2.1414,2.304,0.043,29.0896,6.3784,0.1224,10.3853,3.3962,32.0383,8.6822,2.6611,0,0,0,1
0.2649,12.9463,5.4788,0.1245,30.3104,9.0783,0.0316,3.8326,1.2054,37.8279,32.0715,9.9007,0,0,1,1
0.2952,13.192,9.2821,0.2693,39.2753,3.5479,0.1788,6.3944,4.9221,87.5933,22.4105,40.3893,1,1,0,1
0.2602,12.1835,8.7822,0.3041,25.2965,5.5253,0.2747,9.4105,3.8442,44.5279,23.2595,11.2693,0,0,1,1
0.185,9.0683,9.2695,0.2707,14.7227,4.3332,0.1812,13.5697,6.8606,89.5117,36.9495,32.5629,0,1,1,0
0.2802,10.7303,8.846,0.3253,37.5238,7.8837,0.2159,13.0234,3.7782,117.3965,9.7452,23.7772,0,0,1,1
0.3249,12.4154,9.9172,0.2388,11.7004,6.3578,0.2885,10.0654,2.5253,69.3854,2.6749,20.5444,0,0,0,1
0.1689,14.7344,2.0432,0.3368,31.0409,2.3071,0.075,12.6631,7.0054,83.1801,38.5793,6.8223,1,1,0,1
0.0924,14.6263,0.8157,0.2297,5.5429,8.1065,0.2347,12.0575,4.9096,33.2783,41.0523,30.0152,1,0,1,0
0.0245,8.4233,3.0395,0.0863,39.3141,3.6326,0.3189,4.7037,6.6073,57.5165,16.3704,21.3903,0,0,0,1
0.2502,9.5697,6.4048,0.1049,37.8435,5.2394,0.1171,8.3476,1.7883,93.4119,29.4837,38.23,1,0,1,1
0.3284,1.9391,7.8781,0.3073,39.0208,5.8093,0.0963,10.6101,6.6498,45.1879,42.6762,17.3901,1,0,1,1
0.0387,6.3283,2.4835,0.0519,35.9035,4.4551,0.0995,9.6265,2.1879,84.1106,27.1883,7.705,0,0,1,1
0.3085,13.7054,8.6959,0.0378,35.6982,9.024,0.0714,7.8645,4.3304,97.4949,37.9544,7.4852,0,0,1,1
0.2889,5.6308,4.9341,0.2719,13.5696,6.4203,0.3002,8.9553,6.2526,112.7636,48.8674,15.0597,1,1,1,1
0.2994,14.3832,1.4001,0.2131,15.4183,7.2433,0.2249,5.2284,6.417,104.674,21.898,27.952,1,1,0,1
0.168,8.6933,9.0107,0.2465,29.4989,4.665,0.0873,6.9463,5.2747,81.6161,48.8979,24.7379,0,0,1,1
0.0745,1.9356,4.1204,0.1213,16.6649,1.2441,0.1566,14.143,5.7532,84.7285,41.5841,9.8407,0,1,1,1
0.1983,7.7898,8.1484,0.0806,28.5018,9.9023,0.0682,5.2875,2.0273,50.2635,32.8147,1.7343,0,0,1,1
0.279,9.1747,3.1152,0.1271,39.2876,9.6329,0.3155,13.1589,5.5323,43.7419,44.2542,23.7822,1,0,1,1
0.0693,2.8461,2.757,0.0334,12.9148,5.333,0.0768,14.9814,3.6191,91.6382,20.4088,31.3312,1,0,0,0
0.1136,14.2395,8.1553,0.2754,14.5036,2.2161,0.1469,9.9767,6.897,38.1868,47.2966,4.7205,0,0,1,1
0.2359,13.1096,9.3819,0.2656,28.4969,4.0453,0.0326,9.0568,3.9649,86.2385,44.8818,10.2143,0,0,1,1
0.1913,5.8477,4.6342,0.297,25.3836,7.0322,0.1043,11.5638,3.0664,98.4623,21.9643,39.8939,1,1,0,0
0.0974,13.7123,2.1756,0.2097,8.4808,6.0519,0.3014,11.2134,4.6533,74.1547,10.7073,3.3118,0,0,1,1
0.0359,11.479,1.3619,0.1601,39.8011,6.0745,0.1765,10.555,4.6806,85.0161,43.751,39.7917,1,0,1,1
0.2534,13.7696,3.78,0.1631,7.8203,5.7638,0.333,6.6159,6.6784,36.4633,37.392,40.322,1,1,1,0
0.2814,8.3096,1.8243,0.0302,37.6534,9.2698,0.2446,3.853,0.6716,70.5723,2.8738,40.8949,1,0,1,1
0.0375,7.8567,2.7278,0.2757,27.8669,3.5273,0.172,10.9996,4.5411,31.7011,40.3374,15.0265,0,0,1,1
0.161,7.8233,8.3591,0.1458,8.5343,6.3362,0.3428,10.1055,4.2106,117.858,7.2591,23.2656,0,0,0,0
0.3261,13.674,6.6997,0.0311,14.9757,8.9841,0.1657,10.216,6.8185,82.524,2.6025,37.6163,1,0,0,0
0.2183,6.3612,3.6144,0.06,30.9315,5.7818,0.2448,8.8638,6.9628,52.9778,14.9959,8.7368,1,0,0,1
0.0973,8.0278,1.9953,0.1423,5.1062,2.8033,0.0636,14.9521,0.9012,109.0833,47.7863,38.5153,1,1,1,0
0.1241,10.1221,1.4353,0.2247,5.3331,5.7245,0.2124,3.0956,7.4758,30.9339,15.5805,43.3335,1,1,0,0
0.3192,6.3907,0.3639,0.0252,13.6037,2.0995,0.0238,2.8052,6.1506,118.4519,28.056,23.1674,1,0,0,0
0.2552,13.8355,9.6719,0.2945,9.4504,9.2017,0.1786,10.1408,1.4635,59.2171,12.5141,19.6715,0,0,1,1
0.1416,7.9641,5.2388,0.3241,34.8359,9.6653,0.3025,12.8965,1.2106,71.6182,18.6473,19.7024,0,0,1,1
0.021,9.2844,5.9255,0.2225,6.4559,2.2521,0.0583,9.5573,5.136,79.6026,38.1787,29.0908,0,1,0,0
0.1141,4.8228,8.2137,0.2396,39.6308,3.6359,0.2363,7.9122,1.1299,99.3201,3.352,26.4732,0,0,1,1
0.2768,8.5135,8.5831,0.2078,7.1971,5.1574,0.1491,11.3167,2.8833,74.7963,27.3621,44.9778,0,0,1,0
0.2539,7.5817,1.5397,0.2491,20.2296,1.0275,0.329,3.3031,1.0511,68.1759,12.8083,9.8232,1,0,1,1
0.0869,10.1124,7.2066,0.2178,39.9799,9.6263,0.2959,7.68,6.997,118.7992,32.2348,18.2542,0,0,1,1
0.099,8.7142,2.779,0.1605,13.3728,5.5848,0.2215,12.0921,4.2341,41.8625,48.166,9.9377,0,0,1,1
0.2306,10.74,6.2989,0.2126,37.7913,9.2149,0.2767,14.8603,1.8424,47.0093,3.8986,42.3607,1,0,0,1
0.0539,2.7265,3.0305,0.265,21.5763,3.1861,0.1478,2.623,1.8551,98.0322,32.6678,4.5922,0,0,1,1
0.2436,12.5767,9.6483,0.1667,22.9884,3.2535,0.2101,10.2981,5.0925,43.7615,25.8982,22.7096,0,0,1,1
0.0418,4.4406,9.8559,0.2092,27.2208,5.8604,0.3324,9.416,4.9501,60.8047,10.3518,41.6698,0,0,1,0
0.0814,12.8987,1.5281,0.0454,39.0581,7.4607,0.1662,14.2333,3.6266,33.5982,46.342,20.8055,1,0,1,1
0.1884,14.1235,8.0728,0.3128,8.1741,6.8269,0.1781,13.2999,2.1234,54.8057,9.5274,1.8644,0,0,1,1
0.0436,8.1972,5.4505,0.2844,22.529,2.7033,0.1197,2.0808,4.4039,109.4583,12.3966,13.6283,0,0,1,1
0.12,9.33,0.3456,0.1058,17.7587,6.736,0.2616,2.0913,3.4155,33.2875,47.1241,11.2446,1,0,1,1
0.1044,12.3946,8.0749,0.1122,6.2563,1.2336,0.3464,2.4904,4.9095,115.8099,44.8838,20.9013,0,1,1,0
0.2363,5.0384,5.0122,0.1782,39.7277,8.4013,0.2301,3.0034,3.1449,33.3643,40.8676,8.296,0,0,1,1
0.2511,5.5282,6.1944,0.0278,10.3169,3.3903,0.2566,8.1476,4.083,100.0914,14.1872,24.7896,0,0,1,0
0.1089,5.4405,6.3931,0.2363,8.0129,4.4927,0.089,5.755,4.9591,102.42,38.9497,43.314,0,0,1,0
0.339,2.1621,7.4999,0.2222,37.03,9.6421,0.1265,12.509,0.8732,31.3436,33.7221,7.1503,0,0,1,1
0.0994,8.1433,6.0986,0.1196,14.1085,4.3558,0.1633,2.6954,2.9833,68.0066,20.0575,2.9431,0,0,1,1
0.0301,9.3868,2.8289,0.2545,24.7088,8.4399,0.081,5.805,2.0844,118.5515,18.5012,17.0358,0,0,1,1
0.3077,4.0681,4.0178,0.1585,15.8603,2.2669,0.3142,9.781,5.1565,32.1477,37.4827,38.9244,1,1,1,0
0.1259,1.2016,8.5468,0.3366,11.7804,3.9374,0.0715,11.91,4.5598,86.4323,24.1383,14.7333,0,1,0,0
0.1626,10.9462,8.85,0.2284,21.9641,3.8545,0.0759,12.4679,7.4808,64.5722,36.322,30.039,1,1,0,1
0.1337,13.1044,3.7993,0.1679,23.8437,7.6251,0.2232,14.4504,4.9538,77.6148,5.1712,1.8656,0,0,0,1
0.3177,9.0409,7.445,0.1241,17.184,9.3573,0.203,2.8388,2.3424,74.053,18.26,7.108,0,0,1,1
0.3334,1.8568,6.957,0.1347,37.3373,4.5346,0.2285,12.3361,2.1834,115.3192,48.3086,6.55,0,0,1,1
0.1006,5.1029,8.9612,0.1535,13.6022,5.8985,0.2844,14.361,5.6037,116.473,24.1861,29.7456,0,0,1,0
0.1891,4.6785,4.3928,0.2803,31.9911,5.9454,0.0843,10.5414,3.6374,68.3861,3.1424,4.2298,0,0,0,1
0.2772,11.5434,3.511,0.12,11.0914,2.5044,0.234,3.2576,1.3173,74.1465,18.6086,32.634,1,1,1,0
0.3286,10.9985,6.5713,0.1178,17.2621,3.7295,0.1695,14.3518,5.032,55.5468,4.2648,5.4455,0,0,0,1
0.0839,3.4516,8.2095,0.1453,10.3025,9.4903,0.2565,9.9272,5.745,91.8748,8.7359,30.0915,0,0,0,0
0.0428,2.4537,0.778,0.2833,36.5096,5.262,0.1855,10.9858,3.5855,69.6567,48.8516,41.4664,1,0,1,0
0.035,6.3425,6.5224,0.1837,28.5733,3.5817,0.0234,11.4733,1.469,80.229,32.4527,1.8036,0,0,1,1
0.0931,8.0334,5.0218,0.2075,5.8423,7.6902,0.0966,11.9559,3.4002,57.9701,15.2443,17.5764,0,0,1,0
0.1876,9.7375,7.6631,0.2911,5.6155,7.5157,0.1703,3.8785,2.5223,87.8057,35.4904,38.4548,0,0,1,0
0.0249,5.0642,6.2449,0.2087,18.71,9.4433,0.0219,3.5716,1.0065,34.7359,27.0248,39.2564,0,0,1,0
0.1301,7.5692,0.6109,0.1888,6.5468,7.7808,0.0487,9.8098,2.7275,63.7182,9.6586,13.02,1,0,0,1
0.0306,12.1388,1.9906,0.1993,38.252,7.7767,0.3321,11.4559,6.3175,56.8823,8.9095,6.442,0,0,0,1
0.0406,3.9069,2.16,0.2514,15.9733,9.9755,0.2189,10.505,5.0418,49.1556,14.4024,25.0219,0,0,1,0
0.2856,9.5086,8.4193,0.1906,24.0257,1.4383,0.3142,3.8961,6.5095,114.3023,28.9937,31.6495,1,1,1,1
0.2292,8.3018,6.4128,0.2027,25.5646,2.9719,0.2558,14.9529,5.1665,112.1199,22.6081,40.8496,1,1,1,0
0.3289,4.0395,0.6206,0.0689,31.1943,4.6062,0.2927,8.4481,4.902,38.9961,22.9732,6.5131,1,0,1,1
0.2657,4.4931,3.287,0.3082,14.1972,9.5895,0.0557,13.0927,5.0285,48.6285,44.5755,19.5807,1,1,0,0
0.1879,4.2259,1.186,0.2779,38.4984,2.2358,0.1724,5.2826,4.8043,88.1561,17.4355,13.194,1,0,1,1
0.0678,9.4072,2.2523,0.3242,39.7308,2.8914,0.0434,10.2649,7.9356,46.8708,15.336,43.1221,1,1,0,1
0.161,12.7615,7.9044,0.1697,34.1293,8.7655,0.0987,13.8512,7.8967,73.2411,38.729,38.2134,1,1,0,1
0.1079,9.926,1.4572,0.1553,8.3905,5.458,0.0399,6.892,5.7092,47.7449,12.8068,10.8672,1,0,0,1
0.1523,14.949,7.4622,0.3265,27.587,7.3664,0.1505,3.127,5.6103,61.2709,14.9931,15.7859,0,0,1,1
0.1122,11.021,8.405,0.1329,14.1414,3.5067,0.2677,14.2686,5.6434,88.7621,3.8535,33.5394,0,1,0,0
0.1747,1.4158,7.7286,0.1028,10.478,6.9237,0.102,9.8046,4.4201,108.2446,30.2657,3.0882,0,0,1,1
0.1485,6.9419,1.5044,0.074,26.4695,2.5924,0.1964,5.5964,7.1447,33.9672,30.8025,33.7963,1,1,0,0
0.1669,11.2649,5.1403,0.204,26.7973,7.3795,0.0525,3.9284,1.9996,78.4936,17.6297,17.5333,0,0,1,1
0.0656,4.8551,3.2596,0.3312,16.4675,2.3351,0.0845,7.9585,2.5823,85.5263,22.2131,36.4395,0,1,1,0
0.1414,3.4628,7.3709,0.153,14.6776,5.6007,0.0863,9.3586,7.7393,93.1204,41.65,28.0448,0,0,1,0
0.1335,7.9308,2.2483,0.1064,30.7189,1.6212,0.1718,11.367,4.0712,75.2426,19.89,20.214,1,0,1,1
0.1752,5.9495,3.6378,0.0831,17.1932,6.3977,0.0536,7.7404,1.7882,49.6153,3.0566,30.7282,1,0,0,0
0.3033,10.8227,5.0678,0.2924,21.3047,6.2101,0.3096,6.5008,5.8458,75.3878,20.0906,25.1439,1,1,1,1
0.3249,6.7598,2.4474,0.0958,6.7174,4.6937,0.1722,7.6388,7.4142,107.174,8.7961,43.583,1,0,0,0
0.3074,6.8089,3.8249,0.1584,24.5778,5.7159,0.1289,13.7621,6.6805,88.6828,31.5325,20.3062,1,1,0,1
0.3154,6.1576,3.0783,0.0949,30.1342,3.521,0.0923,2.6316,5.3751,80.1879,8.5623,35.3499,1,0,0,1
0.1138,9.721,3.8478,0.1724,6.5788,2.8746,0.2652,4.2567,1.6156,112.5707,25.0853,39.1535,0,0,1,0
0.3395,6.8981,9.381,0.1331,16.5765,5.9639,0.2148,5.8893,6.0346,86.1024,17.4139,9.4311,0,0,1,1
0.3288,9.1214,6.4694,0.0949,29.8275,9.0868,0.2432,9.4712,7.4774,58.0709,13.6974,38.1692,1,0,0,1
0.2762,7.949,5.9569,0.2575,38.387,0.6152,0.2824,4.6706,5.2551,33.465,40.5429,22.6715,1,1,1,1
0.2623,7.2767,9.4109,0.1796,38.1153,2.2149,0.1466,9.0409,4.6153,69.8151,38.3065,38.4599,1,1,1,1
0.1277,2.7934,1.8355,0.0511,27.4282,4.4041,0.1363,7.6399,7.5637,40.2359,23.2805,26.7858,1,0,0,1
0.2181,8.4735,2.3008,0.0913,31.3125,4.6885,0.0637,11.005,4.7886,84.7027,5.8653,34.5924,1,0,0,1
0.2139,9.3206,8.0302,0.2763,13.2093,9.193,0.0376,6.472,4.4136,111.2198,16.9545,25.6314,0,0,1,0
0.1483,10.2163,1.0417,0.343,30.4494,3.6278,0.0671,12.5742,5.6737,53.3684,2.5938,6.6603,1,0,0,1
0.0775,5.2069,3.9111,0.1114,15.1184,9.1201,0.202,5.7993,2.5445,30.0012,20.2186,20.7327,0,0,1,0
0.1373,5.5363,3.6769,0.2737,7.7263,2.7258,0.0775,12.0832,1.7744,62.3781,36.2257,15.8611,1,1,1,0
0.3192,7.2908,2.0658,0.173,27.2704,1.614,0.2357,14.3242,3.3012,45.6757,48.0744,18.756,1,1,1,1
0.0498,10.8477,5.4732,0.0335,27.0067,3.6789,0.2504,10.7125,7.14,30.9726,27.0321,35.3443,0,0,1,1
0.1859,9.8869,2.7978,0.192,24.4904,0.719,0.2773,5.7697,3.5549,50.7133,28.8443,44.3506,1,1,1,0
0.1861,8.0,5.5219,0.1235,18.3872,7.8657,0.292,9.4194,2.4346,80.9233,32.1551,20.3396,0,0,1,1
0.0871,2.4464,1.3685,0.129,22.5584,7.7677,0.2492,5.2648,7.1568,56.8688,29.8018,6.4201,1,0,1,1
0.0961,10.9401,9.7767,0.1203,22.628,5.749,0.3141,2.0181,5.8279,89.794,18.6279,41.6882,0,0,1,0
0.2111,14.4942,7.9595,0.2133,33.6149,1.731,0.0491,10.1354,4.9294,114.369,39.485,33.5768,1,1,0,1
0.0775,4.0296,6.85,0.0893,38.5411,8.9936,0.1453,9.7549,0.6735,55.9185,29.7102,4.7383,0,0,1,1
0.1622,3.5592,4.3681,0.3341,17.2814,8.5991,0.0973,12.0786,2.9094,114.0358,27.5079,13.7577,0,0,1,1
0.1037,3.442,2.4895,0.2217,19.2146,5.7252,0.0653,4.0554,1.3403,116.7818,13.7011,12.0841,0,0,1,1
0.0744,7.8373,8.616,0.1087,19.2742,4.3114,0.0301,13.7704,6.4261,32.0503,28.7837,26.2076,0,1,0,1
0.121,13.6498,4.3231,0.1072,38.995,4.86,0.2791,8.0267,4.5889,43.4424,4.5334,8.6978,0,0,0,1
0.1021,8.0025,1.7718,0.0629,32.79,2.6884,0.2975,12.4106,6.0611,69.9556,13.066,30.097,1,0,0,1
0.0792,13.8551,0.3503,0.0341,31.0102,1.3675,0.1794,7.9676,6.3254,88.217,41.3016,24.0538,1,0,1,1
0.1924,11.1241,7.0066,0.1575,37.5305,5.9114,0.2409,5.9112,6.8723,112.3041,44.8984,21.1297,0,0,1,1
0.1028,11.7819,6.1658,0.2305,32.6723,8.6485,0.0842,11.3225,3.2374,119.8621,12.592,18.124,0,0,1,1
0.1918,14.7658,8.1725,0.1846,38.7909,8.66,0.1283,14.6493,0.5357,88.4693,29.1221,4.7005,0,0,1,1
0.1755,13.7827,2.0807,0.2855,19.4466,9.3873,0.1017,5.2077,4.1317,93.7729,25.4045,34.8687,1,0,1,0
0.2763,5.2579,9.4072,0.1292,20.1939,3.8462,0.2198,9.7293,1.821,35.1713,44.4599,2.1356,0,0,1,1
0.2514,10.6456,5.8286,0.2478,23.4587,4.7436,0.2357,3.7329,6.8779,116.3503,48.2989,42.9176,1,1,1,0
0.3482,5.0871,6.1246,0.0254,25.2398,6.4244,0.3369,13.6145,5.4724,45.6316,29.6478,21.5361,1,0,1,1
0.1212,12.6323,8.756,0.0503,26.0756,2.9158,0.1091,7.9478,2.0047,53.179,20.6712,7.5975,0,0,1,1
0.052,13.9174,6.1816,0.1236,22.6391,4.8855,0.3244,8.943,7.6249,32.8059,42.8455,41.483,0,0,1,0
0.2011,4.4638,5.4497,0.2387,27.7506,4.8628,0.077,14.5844,3.0898,87.4103,42.2803,10.352,0,0,1,1
0.2704,5.196,7.3542,0.1842,21.2436,0.5043,0.1731,9.3097,6.9852,45.4177,20.9962,10.3209,1,1,0,1
0.23,12.0032,7.786,0.3424,19.7807,3.2422,0.1937,7.3207,0.7009,74.2015,47.1598,11.9475,0,0,1,1
0.3276,11.0913,6.2231,0.3255,11.1756,8.4632,0.1638,9.1707,5.2512,96.3005,35.6455,13.78,1,1,1,1
0.1391,7.2436,3.3096,0.2836,25.8223,8.8787,0.0937,13.508,2.6497,56.7468,47.4814,32.303,1,0,1,1
0.2938,6.8801,8.3013,0.0623,33.9509,2.0926,0.1442,2.1515,4.3623,105.654,46.5181,14.2595,0,0,1,1
0.1861,8.6335,8.4273,0.2553,7.7748,5.0196,0.1718,11.7218,2.3691,88.9096,38.1149,3.1608,0,0,1,1
0.3061,11.0596,5.4675,0.0518,16.0794,4.564,0.0925,2.3554,7.0193,93.2935,38.2304,15.2434,0,0,1,1
0.0213,5.8459,8.3491,0.2487,37.3954,6.4988,0.2346,8.2643,2.6141,75.8309,13.4559,17.556,0,0,1,1
0.1937,9.4921,4.5633,0.1886,7.344,2.3433,0.3091,13.4389,3.6491,47.3678,31.0211,4.887,0,1,1,1
0.1922,6.8063,4.6795,0.3032,27.059,4.5849,0.0852,4.7175,6.0391,101.2878,4.3308,18.3155,0,0,0,1
0.2644,12.972,2.9875,0.3102,24.9216,9.5243,0.1608,13.3372,1.4875,104.8036,12.9952,20.0431,1,0,1,1
0.255,13.7004,2.0171,0.3295,36.7219,1.8091,0.1113,3.1796,2.9549,103.2456,43.867,18.8349,1,0,1,1
0.09,4.1523,4.2193,0.0671,13.4536,5.6923,0.1235,9.0709,7.6265,91.8609,25.6897,43.3722,1,0,0,0
0.1121,4.4419,1.9062,0.2011,34.4295,9.9807,0.2926,4.2466,5.9448,113.0768,14.1514,29.1446,1,0,1,1
0.0659,12.7643,3.0573,0.2306,27.1386,9.1587,0.218,2.2142,0.7109,113.2135,7.7344,17.406,0,0,1,1
0.3237,7.5713,3.1873,0.1159,35.7564,1.4967,0.3095,4.863,7.8119,106.5537,21.6448,16.6351,1,0,1,1
0.1906,13.3047,2.2638,0.1395,5.575,3.331,0.3351,7.3682,1.2861,97.066,2.1497,43.7903,1,1,0,0
0.1821,7.8829,3.65,0.1358,33.8839,8.9454,0.0873,9.8363,2.1908,83.3632,44.2082,11.5495,0,0,1,1
0.1726,5.7241,7.7961,0.0898,33.5455,9.2293,0.2469,5.6619,3.9073,91.1403,20.5452,16.4024,0,0,1,1
0.0471,4.4304,3.9512,0.3052,24.7726,4.4477,0.0949,11.0376,3.7368,89.0953,22.7762,40.7443,0,1,0,0
0.2621,5.7538,4.9409,0.3088,22.0705,4.6671,0.2595,12.9292,6.2863,46.245,16.2192,14.4543,1,1,0,1
0.3477,6.7083,8.4008,0.3331,35.8598,3.4415,0.1912,9.5175,2.2042,67.6807,44.5251,10.3092,0,0,1,1
0.0606,11.8448,3.9717,0.122,5.4184,3.0499,0.1146,2.3405,4.9105,63.7262,40.1644,40.6803,0,0,1,0
0.3149,13.9753,0.4117,0.1747,14.7982,3.274,0.1365,9.5594,0.6644,105.2105,7.5591,42.5877,1,1,1,0
0.2233,8.2017,9.5023,0.0488,24.8423,5.6801,0.1504,2.5899,7.0979,58.1677,29.0763,6.6548,0,0,1,1
0.0452,4.7674,5.9891,0.2892,17.039,1.5509,0.3219,9.2176,7.2823,74.1713,31.8804,2.672,0,0,1,1
0.1375,6.7972,6.9153,0.2877,6.5903,4.0276,0.1552,5.3554,1.0879,44.1266,28.1888,18.6971,0,0,1,0
0.0396,1.8756,1.2279,0.0502,13.8733,4.6935,0.2748,11.5734,3.4543,84.448,47.7186,13.955,0,0,1,1
0.1267,9.1374,5.099,0.0369,5.2184,9.7807,0.2951,3.2916,4.0625,78.944,18.1029,18.1643,0,0,1,0
0.164,11.519,7.8966,0.3377,5.8089,5.4184,0.0888,5.6102,3.986,35.2081,37.0906,43.1236,0,1,1,0
0.32,7.6507,2.5317,0.223,8.9226,6.4222,0.3486,10.521,5.2159,45.5346,32.0231,6.3916,1,0,1,1
0.2065,7.0339,7.2563,0.1096,11.3877,3.5914,0.0234,14.8916,4.632,54.4187,41.184,2.7174,0,0,1,1
0.3435,9.1085,8.3487,0.0507,14.6517,2.5139,0.1618,2.5982,7.2659,58.2361,24.0946,28.2159,1,1,0,0
0.3348,10.1917,0.3439,0.3111,25.807,0.5004,0.2251,10.5281,5.0994,86.143,26.1261,2.4296,1,0,1,1
0.346,3.3961,4.1998,0.1327,27.235,4.91,0.2098,3.1207,3.6497,40.527,47.6961,22.4837,1,0,1,1
0.2304,14.5014,5.9273,0.2242,34.3643,1.3702,0.0933,3.8154,1.2836,117.434,6.6007,16.2377,0,0,1,1
0.0881,10.3924,4.2191,0.0884,25.5447,8.5959,0.2083,6.8279,2.1203,110.5655,17.3544,26.8789,0,0,1,1
0.2211,6.6403,7.7464,0.3457,29.4733,0.6202,0.0784,4.5423,1.1722,40.9797,44.7868,29.7549,1,1,1,1
0.0593,12.8501,6.5104,0.0222,19.0887,1.8971,0.2687,14.425,7.3187,80.9604,31.9489,41.5817,0,0,1,0
0.0803,9.2193,4.3819,0.1954,8.0176,1.2899,0.1339,3.0875,5.2408,115.8372,47.5666,26.6687,0,1,1,0
0.2848,8.7784,4.1196,0.09,38.81,1.7779,0.1212,2.417,4.1151,60.0284,42.9147,29.1706,1,0,1,1
0.2998,10.8583,6.225,0.1518,19.7855,8.1727,0.2155,10.6989,3.2575,98.0963,8.7898,19.0357,1,0,0,1
0.2285,11.7666,5.1059,0.1342,32.8946,6.9371,0.0968,10.5275,6.2677,63.5342,3.8052,35.2814,1,0,0,1
0.1342,5.235,6.1144,0.225,26.9291,9.6371,0.0494,5.1173,5.5409,91.9082,13.0417,38.5061,0,0,0,0
0.1975,10.3261,1.5133,0.1583,37.5746,1.9433,0.33,5.2406,6.7013,85.1146,35.9614,4.3699,0,0,1,1
0.0693,3.6603,4.8055,0.253,12.4985,3.4514,0.1021,8.8663,4.7525,33.6354,29.5142,41.1713,0,1,1,0
0.1055,3.3503,8.972,0.172,38.2631,5.2343,0.2318,11.3428,4.498,79.8122,14.8073,6.9035,0,0,1,1
0.1699,5.3961,5.8538,0.0597,27.0682,6.1765,0.0214,12.0112,7.931,35.7254,42.4072,22.6886,1,0,0,1
0.066,12.9251,4.4863,0.2443,8.1093,6.7487,0.3174,6.3481,1.4075,68.7079,43.0324,9.8505,0,0,1,1
0.2062,13.2472,8.581,0.2492,21.3113,1.2176,0.2271,12.6671,6.2862,87.4867,38.601,17.0775,0,1,1,1
0.2063,14.1262,8.6778,0.2747,29.2278,8.1611,0.2644,11.8156,2.2844,73.4151,9.3664,35.7773,0,0,1,1
0.0628,7.8504,9.7616,0.0631,33.6208,4.0228,0.065,12.9075,0.7457,42.4437,35.5726,14.5345,0,0,1,1
0.1185,5.3841,1.0653,0.0826,5.8355,2.5081,0.1373,4.5852,7.6782,105.5124,19.9788,31.8135,1,1,0,0
0.2368,14.1891,3.3708,0.2588,13.9048,0.7671,0.0208,12.9628,1.3566,78.1242,26.6837,22.7905,1,1,0,1
0.1455,7.3516,4.5616,0.3123,17.9197,7.9777,0.0588,11.9191,7.5205,105.1365,35.2368,42.4134,1,1,0,0
0.0344,11.466,2.2461,0.3268,19.3006,9.6284,0.1875,9.4749,7.0894,105.0979,42.2654,25.3753,0,0,1,1
0.1234,9.1948,1.6649,0.3165,24.6073,6.3185,0.2083,6.9757,5.265,35.5237,26.5716,29.4591,1,1,1,1
0.1585,1.8424,9.7023,0.2999,37.8088,1.3772,0.194,2.6779,6.8503,94.9278,30.8431,6.5374,0,0,1,1
0.0416,10.322,9.7581,0.1975,36.224,4.1008,0.3382,13.023,6.5122,87.2873,17.5899,13.4113,0,0,1,1
0.2706,5.6482,2.9515,0.319,13.4478,2.6005,0.2824,2.7321,6.5682,30.5033,31.0082,44.4075,1,1,1,0
0.2257,1.0644,5.5,0.103,27.8545,1.1017,0.3195,9.6904,3.961,37.5084,29.9358,26.3383,1,1,1,1
0.2743,9.3387,9.6511,0.1645,17.6723,0.5067,0.1202,9.7668,7.5595,106.76,21.9757,13.3216,1,1,0,1
0.1325,7.0906,6.1219,0.2126,8.2215,4.4496,0.3304,9.1698,6.0934,108.5953,14.2331,44.9255,0,1,0,0
0.2915,14.7139,0.3677,0.1486,31.1016,6.8112,0.0442,4.5575,2.5094,105.9403,49.9046,19.6167,1,0,1,1
0.0513,6.4153,1.7802,0.1004,7.9206,9.1508,0.2527,5.9071,5.3289,76.8681,11.5753,5.0096,0,0,0,1
0.0863,8.9917,5.2307,0.1844,28.194,9.0276,0.2168,6.6881,1.5139,44.8288,25.3003,41.1064,0,0,1,0
0.1839,4.5304,7.5456,0.165,31.9826,3.2096,0.2403,7.5276,6.6981,62.8523,41.6933,37.4676,1,1,1,0
0.0693,2.1295,6.8104,0.0223,39.94,1.9768,0.0444,4.2776,3.8588,58.7737,13.1456,19.5,0,0,0,1
0.045,3.4819,0.6681,0.128,6.7923,1.7674,0.1764,10.4641,6.2253,64.1847,47.646,39.9153,1,1,1,0
0.3218,7.6189,2.5559,0.2366,10.0081,9.959,0.3052,11.9334,6.9119,30.3554,18.5693,5.8305,1,0,1,1
0.141,10.9151,5.3707,0.2507,11.3728,4.4282,0.3447,7.377,1.7444,71.2794,49.2246,26.5347,0,1,1,0
0.0608,10.1842,9.4564,0.2576,38.4356,3.4733,0.3044,6.0492,3.2085,117.5482,3.2717,32.3294,0,0,0,1
0.1716,6.7597,8.5049,0.1068,9.9102,7.9268,0.1327,13.9361,4.2816,70.1486,28.7833,17.2885,0,0,1,0
0.1192,8.4618,3.2448,0.2415,38.2698,8.2998,0.0905,9.7755,6.0233,109.8215,16.8084,43.7823,1,1,0,1
0.1641,6.2129,7.9854,0.2966,9.3848,9.03,0.0856,12.8909,0.8689,61.5372,6.3024,22.0142,0,0,1,0
0.1642,5.5053,2.6303,0.1652,13.7969,7.3434,0.0238,14.0883,5.7437,33.5406,32.3344,6.0964,1,0,1,1
0.2162,5.6851,5.0721,0.1323,18.5091,9.7071,0.0892,3.7792,5.4258,47.9093,12.4888,31.5869,1,0,0,0
0.1002,7.8626,3.0447,0.2901,13.1131,7.1804,0.0534,14.7636,5.7901,72.447,31.0876,6.6351,0,0,1,1
0.1353,8.2778,8.9329,0.2073,28.4005,5.0482,0.3394,11.9132,2.0848,62.9205,20.3575,1.8692,0,0,1,1
0.1958,8.8582,7.4853,0.3462,19.4115,5.6742,0.2343,12.4298,3.5763,109.8965,40.9098,28.0288,1,1,1,1
0.3433,3.3298,2.6866,0.107,13.6489,1.3137,0.1946,13.7581,2.5313,113.9404,23.6684,39.1096,1,1,1,0
0.1556,5.7695,4.5989,0.11,33.6069,6.0307,0.0977,3.6001,0.741,38.6982,10.7521,26.4741,0,0,1,1
0.0352,8.1572,9.1301,0.06,34.946,0.7005,0.0834,4.5677,3.9071,83.2222,18.4181,2.1982,0,0,0,1
0.2953,3.2084,4.2068,0.1273,28.9371,3.4798,0.1436,6.7515,1.8306,70.918,15.1624,21.4985,1,0,1,1
0.1021,9.876,4.9538,0.0234,10.2476,9.7786,0.3294,13.6939,7.2011,35.9885,21.4599,16.0204,0,0,1,1
0.2864,1.3827,7.646,0.1732,26.7532,9.3957,0.1061,12.9224,0.5242,102.1555,23.2089,43.9549,1,0,1,0
0.2766,12.3307,7.1215,0.0626,8.1972,5.6031,0.1919,5.0995,0.9495,67.2948,10.4254,6.7963,0,0,1,1
0.1438,12.4462,1.5588,0.1492,38.8679,2.5744,0.3148,11.1174,0.7633,104.0323,20.2012,16.635,1,0,1,1
0.2507,2.0364,0.5326,0.133,23.4281,6.4152,0.1589,10.8492,6.9465,41.3674,42.3476,33.6596,1,0,1,0
0.1932,3.0241,3.4494,0.3336,30.0369,4.5158,0.1755,11.2086,3.4804,72.7038,46.8725,22.6383,1,0,1,1
0.1644,11.7354,2.9733,0.07,18.1543,4.5214,0.0757,12.3549,6.3941,93.4804,40.5328,29.0383,1,1,0,1
0.0844,13.8639,6.6651,0.0991,39.2574,6.5414,0.1175,3.1455,6.0241,94.5683,41.9768,24.0269,0,0,1,1
0.0277,11.6168,6.8812,0.2823,23.5386,9.9982,0.3349,10.9037,7.0957,83.0528,10.8625,19.1752,0,0,0,1
0.0362,10.543,5.8541,0.2815,27.8706,0.7476,0.1463,10.9419,0.7732,34.679,46.3269,26.3708,0,1,1,1
0.2985,12.8786,4.1548,0.0745,13.0381,8.3367,0.1224,6.2148,3.2355,102.5621,2.7212,24.742,1,0,0,1
0.1705,11.6564,1.8159,0.3139,22.3053,8.3472,0.2119,8.4478,3.3979,83.3679,29.838,3.6711,0,0,1,1
0.1848,6.053,8.9887,0.1371,11.3041,9.2656,0.0695,6.9648,7.4587,63.0043,22.9518,35.8161,0,0,1,0
0.0461,2.1506,2.9627,0.275,26.5515,7.2823,0.2085,12.8383,7.0459,42.5202,16.8824,18.8789,0,0,1,1
0.1812,14.1984,2.3735,0.0314,10.1397,5.4314,0.131,9.5069,1.1566,59.8095,28.2158,27.457,1,0,1,0
0.3178,4.8826,2.3708,0.1036,14.6802,0.9326,0.3448,8.9053,3.7501,48.1419,8.6589,34.1825,1,1,0,0
0.0879,7.6023,7.9341,0.1806,9.5892,3.7445,0.2852,8.5252,3.4285,103.4399,10.4385,28.3969,0,0,1,0
0.064,5.2798,8.7625,0.2006,19.3687,4.1137,0.0682,11.8832,1.6117,92.417,40.4319,31.1432,0,0,1,0
0.1367,8.6008,1.9369,0.1664,15.258,3.7184,0.0472,10.8455,4.8549,99.4342,49.5596,14.4586,1,1,0,1
0.2063,1.5017,7.0538,0.2904,16.5706,8.9156,0.0447,3.8782,3.9182,115.6789,21.1996,38.8534,0,0,1,0
0.3335,12.5344,6.6168,0.2505,22.7213,8.4693,0.2236,5.837,2.7742,41.3664,24.3241,6.2067,0,0,1,1
0.319,1.0115,9.0033,0.0825,13.9989,2.3404,0.1942,8.5827,3.2283,39.5785,11.8143,13.4975,0,0,1,1
0.1391,4.1268,1.7213,0.3252,35.9665,5.0137,0.1257,8.2264,7.4041,34.8911,20.6391,26.1812,1,1,0,1
0.2164,10.0935,5.0579,0.0912,10.9788,6.4041,0.2539,14.3395,5.2961,41.949,27.4749,41.8808,1,0,1,0
0.105,2.8181,5.2857,0.313,8.6229,2.9927,0.2605,5.9556,6.375,85.6374,27.4343,32.5958,0,1,1,0
0.1766,10.5259,0.3542,0.2843,17.1593,1.8769,0.2217,12.3617,3.1707,42.1836,28.3203,15.189,1,1,1,1
0.0927,7.4316,7.6271,0.0215,16.5856,1.0522,0.0613,3.2732,5.3332,103.9343,30.8656,20.4151,0,0,0,1
0.1057,1.2785,6.6567,0.3494,30.6086,8.4508,0.2155,3.1952,5.1201,55.9041,8.4234,4.2029,0,0,0,1
0.3115,11.8104,2.5314,0.2339,30.4076,1.6962,0.1525,8.9793,3.6459,105.7512,9.5081,19.784,1,1,0,1
0.1666,13.4912,2.0793,0.2071,37.2325,3.3089,0.0849,5.6026,7.5564,60.0846,12.8593,36.8224,1,1,0,1
0.169,9.031,1.6206,0.2995,28.3719,8.7315,0.1152,4.2554,0.9601,98.7679,32.6258,29.5402,1,0,1,1
0.0437,1.877,3.6198,0.0628,20.7531,2.3185,0.3376,12.6624,6.4932,96.6075,15.7207,14.9876,0,0,0,1
0.2784,13.4978,6.8972,0.1468,39.3164,7.3303,0.2889,9.5198,2.7995,60.274,26.1143,22.9022,0,0,1,1
0.3159,13.2015,7.5402,0.058,10.0776,3.6287,0.1686,2.9992,2.0067,83.8705,46.8864,28.9324,0,0,1,0
0.0878,11.1337,4.6342,0.1942,14.3508,8.0508,0.1182,14.9195,2.6299,119.2845,35.28,2.1193,0,0,1,1
0.1282,9.7012,9.752,0.2212,5.723,3.6613,0.1631,8.7209,2.3996,59.7818,19.5393,3.0125,0,0,1,1
0.2029,3.2893,9.2086,0.2534,13.3922,8.6043,0.1147,4.194,3.8998,106.0646,3.5401,11.023,0,0,0,1
0.0372,6.5202,1.7652,0.2548,9.8837,0.6323,0.0341,7.1193,2.28,112.3843,44.5128,26.2238,0,1,1,0
0.1598,11.3453,4.396,0.2939,36.4224,6.0945,0.3475,5.4464,4.0736,59.7423,18.8787,1.3976,0,0,1,1
0.0952,10.5471,1.8258,0.26,13.806,4.7341,0.1809,6.0106,4.1318,39.2877,25.4063,9.7948,0,0,1,1
0.146,4.2047,9.4825,0.3359,14.8805,6.855,0.3281,6.859,7.0965,116.778,47.4034,13.4225,0,0,1,1
0.1308,13.095,2.5758,0.1973,33.9004,5.2071,0.1899,8.3734,1.8691,86.2343,33.3024,24.0209,1,0,1,1
0.0449,2.4899,3.3645,0.1066,8.6045,3.7747,0.2243,3.4634,6.9558,70.4638,37.4367,33.9649,0,0,1,0
0.0437,12.5492,0.4742,0.0996,39.2206,6.0614,0.0847,10.1291,7.372,48.1383,16.1683,1.6424,1,0,0,1
0.135,10.3105,1.6812,0.1145,10.5839,5.6713,0.241,6.3946,4.6012,68.664,3.4199,36.1413,1,0,0,0
0.125,8.7843,6.0304,0.2273,34.6835,7.2957,0.2232,9.5065,3.6951,84.7265,40.6484,36.183,0,0,1,1
0.0291,8.8349,0.9801,0.2829,30.4035,8.1568,0.0347,5.2057,4.5643,43.9878,11.069,10.6287,0,0,0,1
0.2239,11.6057,5.1695,0.1522,11.7156,9.1303,0.0337,14.5957,3.784,58.4357,14.347,39.1294,1,0,0,0
0.1584,7.5357,7.7506,0.3186,6.7167,5.5823,0.2231,12.4481,3.3897,51.7147,12.9171,18.1195,0,1,1,0
0.0205,4.5627,6.5852,0.2192,28.2604,1.8948,0.1925,5.325,5.5593,55.5332,6.2033,40.0388,0,1,0,0
0.3156,13.3903,1.1577,0.3198,21.1411,6.4863,0.1454,13.4035,4.9024,40.7918,45.1708,15.0876,1,0,1,1
0.0828,12.4216,8.5209,0.0446,12.5352,1.4827,0.1755,7.4614,1.3828,104.5829,13.0709,23.397,0,0,1,1
0.1955,8.9823,4.4233,0.1524,25.9529,9.4684,0.1382,4.4326,5.7811,61.9261,34.4428,31.7274,1,0,1,1
0.2012,13.4486,3.963,0.1776,22.7044,6.4661,0.1747,3.2553,4.0921,105.0832,20.591,26.8836,1,0,1,1
0.2644,5.3321,6.9163,0.1424,34.9307,3.0451,0.2579,9.2608,3.2729,94.6376,7.9137,5.2996,0,0,1,1
0.2383,14.2626,4.2881,0.2522,10.0523,3.6579,0.0453,13.708,2.0143,68.2427,39.6583,4.9784,0,0,1,1
0.3451,5.4656,9.1453,0.1281,29.1743,7.0811,0.084,7.3369,6.9431,74.0304,11.6296,31.3113,1,0,0,1
0.1839,5.2808,1.0867,0.3085,28.7333,3.4333,0.0952,3.1403,1.5162,91.217,46.2935,2.3208,0,0,1,1
0.2657,9.6936,8.0132,0.3406,36.8215,3.98,0.1456,13.7374,6.0834,36.3419,19.7079,42.9274,1,1,0,1
0.2802,11.2369,5.6664,0.2669,14.5891,2.5934,0.118,8.4142,6.8537,62.9866,22.7216,25.8475,1,1,0,0
0.2752,10.7416,9.3662,0.2384,6.695,7.4496,0.1053,13.9421,3.0919,37.9834,5.1828,34.5069,1,1,0,0
0.097,12.9985,3.7779,0.0339,32.4057,8.152,0.3486,13.445,7.334,117.5586,49.0325,9.8755,0,0,1,1
0.2035,8.8335,0.5002,0.1461,9.9178,4.0468,0.2802,13.6285,3.2503,63.0333,27.7393,35.5035,1,1,1,0
0.233,14.7929,9.1632,0.0764,27.7455,7.6372,0.295,6.6093,1.4557,44.5218,3.3112,29.5643,0,0,1,1
0.2664,13.063,6.8174,0.2779,5.9215,8.2326,0.1765,6.1604,4.8709,65.2234,44.1779,15.8008,0,0,1,1
0.0871,6.8218,3.7532,0.2301,28.8253,3.2835,0.1789,4.8441,3.2959,86.5643,32.1542,19.5248,0,0,1,1
0.2747,10.6766,3.5117,0.1068,31.9659,9.1711,0.1255,10.9971,1.7171,30.2544,14.4775,17.0934,1,0,1,1
0.0783,4.2105,7.873,0.199,37.5996,1.1145,0.0748,14.0134,6.597,57.1963,38.0468,2.7999,0,0,1,1
0.3141,2.4674,5.5531,0.319,34.7718,7.3017,0.0961,11.3343,7.4376,119.7073,28.2268,4.8212,1,0,1,1
0.0476,4.3684,6.1562,0.2969,17.7047,6.9157,0.1263,10.5696,0.9095,56.8178,48.647,38.4465,0,0,1,0
0.1901,12.8152,7.1669,0.3031,18.4444,2.8333,0.3374,12.3956,2.224,30.1969,44.54,26.2377,1,1,1,1
0.0538,13.9757,6.6314,0.1353,17.4712,8.8146,0.2437,9.8493,1.1999,105.468,43.8445,35.9274,0,0,1,0
0.0885,12.9917,9.5995,0.0504,27.7173,1.528,0.1013,2.9214,6.9902,100.9387,19.1573,12.6002,0,0,0,1
0.0263,7.8536,4.2994,0.1646,27.3749,4.2876,0.1134,9.1311,2.7452,116.549,31.3216,7.2724,0,0,1,1
0.2224,2.7411,1.8406,0.3014,16.4963,2.1815,0.2634,3.1657,7.355,75.8724,11.6656,39.9445,1,1,0,0
0.1136,13.3118,0.663,0.1097,30.2171,2.85,0.2589,12.8922,5.6196,87.1632,28.1797,9.5938,1,0,1,1
0.1063,3.6076,1.9682,0.1073,21.1485,0.9715,0.2284,2.347,7.6648,43.182,26.4842,25.0538,1,1,0,0
0.2592,6.1454,8.1634,0.3202,19.8832,2.2427,0.2984,7.5249,4.3483,60.0548,21.0458,43.9652,1,1,1,0
0.1659,1.9199,9.0284,0.2607,30.6093,4.7982,0.2933,9.4596,3.1595,72.7789,17.1269,7.0234,0,0,1,1
0.2898,5.7191,3.3733,0.2191,27.2518,4.7201,0.2066,2.1074,7.4196,40.9625,49.2206,26.7988,1,0,1,1
0.0431,2.8557,5.0337,0.283,30.3814,5.315,0.0226,14.7002,6.907,107.4576,2.74,40.655,0,1,0,0
0.0627,1.347,6.6268,0.0575,14.5159,7.5808,0.0773,8.5055,1.2543,118.5212,33.8565,6.0789,0,0,1,1
0.276,13.5232,9.3822,0.2761,20.8828,6.1647,0.2503,5.1584,4.9096,89.4082,29.4947,11.5041,0,0,1,1
0.3462,8.7742,9.326,0.1966,33.6451,3.2926,0.1921,12.9207,3.0245,75.8369,29.7915,2.3577,0,0,1,1
0.1512,1.1025,2.2034,0.2597,25.1877,6.7757,0.139,5.8301,7.9564,112.4967,7.0443,22.1392,1,0,0,1
0.0582,8.883,8.4861,0.1923,27.3741,2.8725,0.2302,2.348,5.8499,103.5618,22.3469,18.2313,0,0,1,1
0.1438,10.4726,3.7759,0.2648,18.4575,4.6724,0.0341,6.9247,6.3027,90.2627,42.5716,41.4839,1,1,0,0
0.3027,8.2756,3.2453,0.1609,23.7534,1.2722,0.1976,14.1303,3.2602,49.7558,9.7861,3.5874,1,1,0,1
0.1411,3.1449,9.4628,0.0848,30.1668,0.3781,0.1523,6.7991,6.3681,67.2918,8.9208,2.9097,0,0,0,1
0.0553,1.9091,9.5339,0.0785,12.0411,1.5091,0.3053,8.5763,2.9205,40.2403,34.3289,19.1882,0,0,1,0
0.2724,8.3877,2.4243,0.2032,6.7987,5.8264,0.3218,3.0455,6.7642,44.3657,15.0141,13.1982,1,1,0,1
0.2838,6.9224,2.7525,0.294,39.3063,2.9336,0.0425,5.5093,5.301,98.6269,12.474,11.6092,1,0,0,1
0.1307,11.2349,4.1833,0.3113,5.6367,6.2735,0.232,5.7442,6.6033,32.4735,31.8259,4.6608,0,0,1,1
0.1633,3.1509,6.7384,0.2828,16.9213,9.3589,0.0996,12.1325,7.6075,39.7047,16.688,38.73,1,1,0,0
0.0369,13.6322,6.099,0.0386,28.3746,1.8139,0.114,6.5233,3.2009,94.8336,23.9709,13.9413,0,0,1,1
0.109,11.4847,3.9004,0.1363,30.5764,9.1339,0.0338,2.6836,6.3305,80.388,41.1085,16.5294,0,0,1,1
0.1658,10.9727,0.7318,0.2506,25.4961,2.4841,0.2253,12.5599,1.9072,87.7035,8.7958,1.0436,1,0,1,1
0.1236,13.51,1.9191,0.0404,25.8973,5.7925,0.1706,7.2112,2.1609,35.0953,36.0741,4.8458,0,0,1,1
0.026,3.2307,9.7836,0.1247,7.2888,4.9474,0.2997,3.7282,0.622,88.6458,33.2675,33.0071,0,0,1,0
0.3266,1.3213,2.9717,0.2186,20.1496,0.8764,0.031,6.8714,6.0077,31.1144,19.5961,15.0937,1,1,0,1
0.1103,6.8129,1.4371,0.0216,21.9075,4.2041,0.2586,12.2254,6.061,100.3178,11.5076,9.9882,1,0,0,1
0.1048,7.369,8.9208,0.1684,30.0896,0.9018,0.1538,8.8991,1.8125,68.3471,4.2546,6.8229,0,0,0,1
0.2532,12.5041,0.7852,0.0459,36.2752,7.3093,0.0671,7.0094,4.8563,110.1269,30.9604,33.6358,1,0,0,1
0.2006,5.1648,5.1495,0.1623,5.6774,4.4808,0.2271,14.6425,5.2685,67.2813,14.9818,34.5141,1,1,0,0
0.1188,1.903,6.3341,0.1218,29.1535,1.9857,0.0811,13.6754,1.7354,37.5551,25.3843,39.3301,0,1,1,0
0.3293,3.7077,5.2668,0.0471,27.5902,5.6305,0.1832,9.9837,1.543,112.8307,37.2444,8.8538,1,0,1,1
0.15,6.7965,9.3629,0.1278,19.5464,1.0543,0.1455,7.3056,7.4175,86.6867,2.7842,8.6246,0,0,0,1
0.0981,5.638,2.8132,0.1585,23.6475,9.0768,0.1558,9.8815,0.5874,98.3538,8.8373,8.516,0,0,1,1
0.1363,10.6586,1.483,0.1038,34.3231,3.9987,0.3332,6.3074,4.6896,70.6525,5.716,5.3293,0,0,0,1
0.2276,4.5191,1.4813,0.2962,9.691,4.042,0.1178,10.7241,3.7449,103.7714,16.9806,27.6013,1,1,0,0
0.1504,1.7231,5.8062,0.1189,17.6717,2.5256,0.2875,10.6415,3.0008,46.2036,10.6055,41.4938,0,0,1,0
0.2616,3.3439,2.4105,0.1355,29.7523,5.4374,0.2981,6.5895,7.1183,118.6526,27.7663,25.91,1,0,1,1
0.2591,12.8051,2.202,0.1438,35.3346,3.9117,0.1886,10.0913,3.7335,56.2003,14.3558,37.8451,1,1,0,1
0.0471,9.6662,7.5439,0.2009,26.8929,0.4579,0.2554,3.6884,1.5583,45.3045,5.7587,4.5989,0,0,1,1
0.1492,7.9621,3.0311,0.2273,21.8141,2.1167,0.1887,4.1332,7.0618,98.1942,5.572,39.6348,1,1,0,0
0.2337,14.7261,9.7679,0.2594,25.7286,5.5202,0.3421,6.2326,2.4708,38.1447,5.9879,40.0159,1,1,0,1
0.2241,6.6768,7.2058,0.2845,6.7725,9.3782,0.3062,7.655,4.1408,65.1532,15.3042,42.4061,0,0,1,0
0.0204,8.4943,8.4727,0.3328,31.9951,3.9723,0.1977,5.1994,2.1974,64.6419,44.7485,36.751,0,1,1,1
0.2835,10.8238,4.0354,0.1306,32.5425,9.1835,0.1892,7.4926,4.5397,72.5239,49.7438,12.7729,0,0,1,1
0.0227,13.0369,0.378,0.0425,6.3078,1.6106,0.2452,7.9424,1.4602,61.8161,8.1166,21.8958,0,0,1,0
0.219,8.5127,2.3614,0.0539,29.4738,5.1942,0.1652,7.3761,5.1873,41.3317,48.3016,24.6469,1,0,1,1
0.0204,11.4698,6.7421,0.2865,39.6616,7.8652,0.2484,3.1902,3.1157,84.7342,39.9156,32.1437,0,0,1,1
0.2946,1.156,4.0231,0.0832,27.1126,8.9013,0.3006,4.7843,2.057,103.1115,12.7263,2.785,0,0,1,1
0.0318,2.4687,3.9765,0.2871,34.3063,3.0433,0.0892,11.664,1.0218,67.5465,17.4808,3.032,0,0,1,1
0.2339,4.0298,0.8003,0.1464,21.2164,3.627,0.33,7.9724,3.2164,31.9806,29.6414,7.8034,1,0,1,1
0.2479,12.5171,4.7821,0.0726,34.8118,2.2842,0.0218,11.0809,2.9024,108.7376,43.7485,1.2681,0,0,1,1
0.0825,1.4762,9.2848,0.2313,26.9588,2.0885,0.1774,5.0606,2.1832,47.3171,7.9327,10.2096,0,0,1,1
0.3372,10.8832,1.9062,0.0691,39.9421,3.8999,0.2306,3.1116,1.046,62.991,32.4481,37.4962,1,0,1,1
0.3327,12.7459,4.1281,0.2936,17.5531,6.5887,0.2123,13.4884,7.2067,103.9703,15.5076,12.2963,1,1,0,1
0.2145,14.6456,4.0834,0.0223,34.0888,8.1846,0.1138,4.2205,7.3909,91.4205,32.8012,4.7685,0,0,1,1
0.0489,14.3835,0.659,0.255,6.1526,8.5434,0.1044,10.9968,7.0728,62.8153,20.4757,31.401,1,1,0,0
0.0713,9.9822,3.8722,0.3364,6.5481,4.2339,0.2507,3.8849,3.6016,118.4449,7.7001,34.5246,0,1,0,0
0.0618,13.7865,1.7758,0.1784,21.6481,4.7527,0.3008,8.8346,4.8559,89.1926,11.3445,7.8137,0,0,1,1
0.3344,1.8823,2.2674,0.2469,35.0313,6.7451,0.0578,2.5994,6.1877,31.8821,27.1096,38.0604,1,1,0,0
0.0357,5.5514,3.0429,0.2425,27.9516,0.9792,0.239,3.8861,3.3605,111.9179,15.5471,31.0607,0,1,1,1
0.1855,11.9707,5.8972,0.2618,15.5093,2.5947,0.0733,9.4385,5.818,32.8331,43.1222,38.5721,1,1,0,0
0.1919,7.1316,9.4911,0.3431,24.7382,4.3709,0.2322,2.5098,5.3077,43.5486,22.0073,34.8442,1,1,0,0
0.0949,4.1319,1.5734,0.2975,37.3121,3.1657,0.2664,2.691,7.5799,37.1389,10.5633,9.9634,1,0,0,1
0.301,6.6142,3.0644,0.2702,19.313,2.2571,0.0417,2.3062,2.4285,56.7173,26.2216,28.7369,1,1,0,0
0.2233,9.6914,8.0336,0.137,39.1571,0.5404,0.2016,2.8766,5.7379,113.7971,40.2135,4.031,0,0,1,1
0.1847,5.8183,8.8521,0.2138,39.8765,7.7799,0.0208,14.2061,4.0073,76.8193,4.2119,35.0711,0,0,0,1
0.1883,3.7562,2.6177,0.0945,10.7638,2.6373,0.0655,3.1904,2.1869,68.6274,10.4986,10.392,1,0,0,1
0.163,10.3355,9.6138,0.2902,17.7671,7.4149,0.2896,7.785,0.9127,49.8626,3.694,36.8713,0,0,1,0
0.2392,11.6272,2.0876,0.066,12.9331,9.6829,0.1012,2.0236,4.5209,83.9387,33.9079,41.1782,1,0,1,0
0.1428,3.4833,6.6853,0.2074,5.4084,7.5514,0.33,6.0356,2.5557,83.6878,29.7882,7.5082,0,0,1,1
0.1788,11.6991,6.238,0.1418,13.523,9.5519,0.0465,12.0985,4.0067,52.6769,43.6189,8.7202,0,0,1,1
0.2509,2.3471,6.4198,0.0834,26.1396,0.7972,0.0481,6.9111,4.7112,118.5731,45.5364,2.398,0,0,1,1
0.3094,3.8919,0.6276,0.2484,17.6839,5.4771,0.2872,7.6601,2.4133,53.2622,23.137,14.6433,1,0,1,1
0.1452,14.4076,4.0495,0.0554,7.4864,8.3055,0.2828,7.4903,7.1937,64.6962,26.9654,33.5864,0,0,1,0
0.2923,1.8699,5.7394,0.3227,11.2972,9.2676,0.2115,2.2354,4.7716,50.2148,39.83,37.0161,0,0,1,0
0.3492,9.5618,2.4353,0.3011,24.0194,7.7915,0.3292,12.039,2.6243,54.7049,29.7495,18.2082,1,0,1,1
0.2768,5.6684,6.8007,0.2786,5.6689,5.0615,0.213,11.2811,4.1031,106.9622,43.2557,3.9664,0,0,1,1
0.1338,8.2623,4.3046,0.3279,28.227,5.0263,0.3103,12.6819,6.2477,70.8018,22.3451,15.1226,0,0,1,1
0.0467,3.9447,9.7718,0.0769,12.365,9.1335,0.3256,11.7495,5.5329,73.7015,18.2978,36.8999,0,0,1,0
0.3057,11.3879,8.9567,0.3188,30.8488,2.6336,0.1675,8.5919,3.8421,71.3563,40.447,41.4571,1,1,1,1
0.0772,9.0509,5.5255,0.2376,26.2171,5.5527,0.2386,11.9004,3.7117,50.9619,46.6196,27.3532,0,0,1,1
0.3246,1.8879,2.372,0.2447,13.814,1.5319,0.1133,6.142,5.4797,80.537,14.7355,43.7059,1,1,0,0
0.0701,8.4406,2.7038,0.1855,37.0399,3.3582,0.1917,8.1752,1.5508,60.8145,9.811,30.9122,0,0,1,1
0.1016,5.9903,5.8942,0.153,9.2816,6.9287,0.1358,3.7717,4.5005,44.6065,44.5256,40.2268,0,0,1,0
0.2534,7.5709,0.4953,0.0929,15.081,4.941,0.1336,10.3142,6.2303,30.013,20.9,6.1364,1,0,0,1
0.1677,12.5824,3.458,0.1449,37.5611,8.0252,0.1656,13.7959,6.8226,64.4198,11.7924,1.067,0,0,0,1
0.2388,3.9605,5.1587,0.3282,31.6829,2.0319,0.335,14.6334,6.7837,81.9177,25.8856,41.8726,1,1,1,0
0.1868,3.5873,8.2433,0.0763,9.7066,9.7953,0.3353,7.131,4.9376,71.4524,37.6625,6.144,0,0,1,1
0.2263,7.2915,1.9521,0.1777,6.6797,9.1851,0.3087,4.2561,3.1333,81.1528,28.1169,16.172,1,0,1,0
0.174,14.3686,5.5842,0.1224,30.909,5.3127,0.3215,12.6057,4.2647,71.434,49.5532,2.2507,0,0,1,1
0.3221,6.8655,2.199,0.0709,11.4359,6.4551,0.1173,7.7939,0.9656,99.0457,11.075,35.3818,1,0,1,0
0.2288,3.3757,8.1379,0.349,13.9162,4.6033,0.3154,12.9844,4.3318,33.8158,11.5938,34.601,1,1,0,0
0.2187,14.0573,1.5042,0.277,31.7148,8.0487,0.07,9.4753,5.5679,63.0922,44.2166,5.462,0,0,1,1
0.2862,2.1022,4.0136,0.087,32.473,1.3233,0.1695,13.7554,5.2714,38.9815,29.6735,38.4529,1,1,0,0
0.3344,11.3282,7.9606,0.2251,9.3909,1.5868,0.1771,10.6045,7.7246,52.9736,22.5164,32.2355,1,1,0,0
0.0613,14.9944,4.5848,0.18,37.3785,8.0454,0.2448,8.4415,3.5031,98.8219,37.7643,3.622,0,0,1,1
0.2673,2.2464,7.5497,0.2255,13.7128,4.995,0.172,3.192,1.1806,119.3487,34.5941,6.6391,0,0,1,1
0.0997,6.8011,8.0148,0.1597,36.1536,1.607,0.1474,2.0849,5.0982,82.5791,37.4418,42.3,0,1,1,1
0.228,2.5351,7.8818,0.2863,15.3604,6.876,0.1977,12.5283,4.7028,110.8108,48.7131,16.6431,1,1,1,1
0.1895,3.8701,6.5545,0.2669,20.8442,6.3898,0.1446,13.6576,5.5853,68.8123,40.3788,3.6981,0,0,1,1
0.303,7.5494,9.5285,0.0613,18.9558,0.9919,0.0414,6.3262,7.1096,74.8794,13.8496,24.4408,1,1,0,1
0.1084,10.898,2.5664,0.2008,18.9317,7.2584,0.0661,8.2729,0.98,57.355,7.8001,7.3377,0,0,1,1
0.29,5.1917,2.6976,0.299,32.4086,4.6746,0.2548,8.8054,1.9603,39.7207,19.1152,35.7398,1,1,1,1
0.2543,8.8838,6.2149,0.0533,39.9713,1.3127,0.3457,12.5874,7.7728,59.3046,16.5121,30.1993,1,1,0,1
0.0922,3.5118,5.3028,0.2871,36.3136,9.1894,0.0258,9.1878,7.4435,90.0946,10.7702,36.9049,0,0,0,1
0.3165,8.4088,6.2617,0.0377,27.6351,2.5705,0.0417,8.0523,4.1104,82.5671,14.9386,19.212,1,0,0,1
0.2851,1.1216,2.4776,0.0793,11.2108,1.8994,0.2385,6.8674,5.7475,118.4932,36.1181,5.5485,1,0,1,1
0.0363,12.587,2.1709,0.0845,24.3166,3.6119,0.2607,12.9747,3.9061,95.4621,33.3905,36.4351,0,0,1,1
0.1649,7.0197,8.0568,0.2679,5.7318,5.9461,0.2032,14.0038,4.9928,73.0197,7.5305,33.8499,0,1,0,0
0.113,9.5014,2.09,0.1188,5.874,3.2681,0.0292,13.1944,1.5883,30.8374,23.237,4.8122,0,0,1,1
0.0429,4.7555,9.8447,0.1005,13.7575,8.0593,0.1689,2.2357,2.2785,81.491,32.1632,8.5275,0,0,1,1
0.3293,12.3243,2.2693,0.2742,33.517,5.5541,0.0543,14.6329,5.2498,33.0423,41.1172,11.9169,1,0,1,1
0.1188,3.8984,2.6515,0.1119,10.1886,9.818,0.0699,4.2116,7.2988,44.4361,14.4693,43.7154,1,0,0,0
0.2205,5.6544,2.8345,0.2598,12.1988,9.0248,0.266,9.9564,2.2488,30.8475,20.0113,5.4836,0,0,1,1
0.1462,10.2268,8.4801,0.3083,12.0561,5.9341,0.0996,12.892,6.5607,45.7669,2.2778,30.5386,0,1,0,0
0.1229,12.0811,3.7832,0.3006,20.6373,7.0426,0.07,4.7078,5.3371,117.6855,2.8097,37.5673,1,1,0,0
0.1791,10.5169,2.2692,0.1514,27.9625,0.7378,0.0221,10.3765,7.2282,85.4391,32.7698,32.5402,1,1,0,1
0.3075,2.9531,6.988,0.1358,32.3616,4.4049,0.0622,9.1855,7.5551,66.5275,20.7967,30.3469,1,1,0,1
0.2776,7.0822,7.4106,0.0951,16.0779,7.8643,0.1276,8.9051,5.6955,57.6505,45.169,33.1551,1,0,1,0
0.2062,3.4864,3.698,0.1809,11.5419,8.3489,0.0525,5.2599,3.6743,37.5897,16.2441,14.9576,1,0,0,1
0.1176,8.4384,1.5663,0.3071,25.7219,3.2776,0.1191,11.1723,6.7627,62.7486,5.6651,27.0882,1,1,0,1
0.2191,11.4522,5.4545,0.1733,31.7855,5.7951,0.0332,10.9972,7.0375,82.0513,20.8404,44.3568,1,1,0,0
0.2901,13.2206,7.9258,0.2465,22.9465,6.5949,0.1036,7.786,5.4068,94.3237,38.1536,30.9744,1,1,0,1
0.2756,14.8911,0.5131,0.1983,32.6435,8.4411,0.168,3.2174,2.8998,58.819,4.8768,43.6627,1,0,0,1
0.1905,11.0144,9.5561,0.0501,28.5662,1.276,0.1987,4.6341,6.5073,53.8673,32.3938,5.9735,0,0,1,1
0.2182,2.9398,3.862,0.1567,38.0543,5.611,0.1643,3.6771,2.7939,99.2553,46.1188,7.6977,0,0,1,1
0.1191,7.5047,9.9996,0.1763,22.08,6.6615,0.3332,7.4629,5.0656,83.412,48.7919,4.3281,0,0,1,1
0.35,4.7098,4.9131,0.1291,10.3179,9.3443,0.2895,10.582,1.8925,103.4235,38.0692,30.3567,1,0,1,0
0.1079,7.2135,6.0349,0.0914,19.247,8.5685,0.0539,2.6351,3.284,71.7662,17.8009,10.0393,0,0,1,1
0.1171,8.536,3.7901,0.2893,33.9074,1.1087,0.0293,14.2001,2.0402,39.3525,4.3112,2.176,0,0,0,1
0.2631,7.5672,9.4028,0.2938,30.2644,2.1084,0.315,4.9484,5.6698,39.3745,5.5462,10.5318,0,0,0,1
0.1376,13.9525,5.3342,0.1774,6.1434,3.4811,0.3499,13.1913,3.6764,117.1941,41.0672,20.6984,0,1,1,0
0.2321,8.1372,6.6652,0.1028,9.8848,4.8026,0.0958,11.9276,2.1092,115.5009,20.444,7.3393,0,0,1,1
0.1668,2.6665,3.6263,0.1075,15.9154,8.3575,0.2893,6.1981,3.5,34.0362,27.9411,13.85,0,0,1,1
0.2909,4.6058,1.8822,0.0339,11.3461,2.2913,0.332,11.3111,1.1461,83.3148,3.767,9.5653,1,0,1,1
0.0718,7.7175,2.3526,0.2506,13.3325,1.4643,0.1294,11.2913,7.3518,96.9382,37.3117,21.6927,1,1,0,0
0.3366,10.5766,4.7136,0.1487,28.5656,8.6811,0.2475,3.2296,7.7032,101.7798,13.3948,28.3265,1,0,0,1
0.3225,12.5545,6.0933,0.1982,16.4354,8.849,0.244,8.0174,7.3675,98.129,3.1743,43.6349,1,0,0,0
0.0848,8.2354,7.2673,0.3367,23.0085,1.7742,0.1075,2.5323,1.9271,72.567,39.5276,20.3344,0,0,1,1
0.1059,8.6815,3.1754,0.0976,23.9125,8.1086,0.1302,14.8278,5.3957,45.344,26.9829,36.3575,1,0,1,0
0.0742,4.0669,8.6692,0.0514,29.8004,0.6217,0.0453,10.4746,3.5464,63.4746,24.8047,29.8059,0,1,0,1
0.1827,9.9327,6.763,0.1401,5.9807,2.7712,0.0796,5.0954,3.7543,105.1677,28.242,30.0701,0,0,1,0
0.3203,14.3419,8.8083,0.2986,35.6695,1.5514,0.2037,14.9732,6.9805,77.7299,41.6802,21.6358,1,1,1,1
0.1652,6.7177,7.4051,0.0665,7.5543,2.1662,0.256,11.3228,5.2366,39.623,16.5102,39.4207,0,0,1,0
0.1865,14.2819,1.7611,0.044,7.5863,1.4349,0.165,8.6886,5.7379,44.6967,36.435,21.8003,1,1,1,1
0.1484,5.6843,4.9904,0.0768,8.5882,4.9448,0.2568,9.3541,2.0659,78.0757,38.7133,33.1595,0,0,1,0
0.2547,5.9974,7.1725,0.0901,24.5388,7.2387,0.0354,3.7742,4.4222,112.7768,4.6227,25.5861,0,0,0,1
0.3179,14.962,4.792,0.284,11.1331,3.0917,0.3054,13.7876,6.3289,92.5217,45.8665,33.0409,1,1,1,0
0.1679,13.9231,4.6818,0.1275,20.1421,3.8552,0.1035,2.1871,5.7502,34.0211,8.7826,1.7445,0,0,0,1
0.2668,12.0802,8.3632,0.2321,23.3155,3.8905,0.2848,13.328,2.5099,77.3348,44.952,43.5328,1,1,1,0
0.1174,2.3694,9.0231,0.0233,18.4803,7.9168,0.1815,13.8761,0.9986,101.5646,49.7343,10.7958,0,0,1,1
0.0394,3.4463,1.7861,0.0262,24.2066,7.3928,0.2327,11.105,2.3579,39.2343,13.9348,29.6981,0,0,1,0
0.0332,5.5744,4.4712,0.0292,29.2038,0.5913,0.0825,11.3068,3.3969,78.2596,18.5688,42.5167,0,1,0,0
0.2502,2.7064,7.6614,0.0933,16.3192,5.8828,0.136,2.7203,5.1803,110.1844,25.369,11.0063,0,0,1,1
0.3099,2.4278,7.7313,0.1283,25.8242,8.2255,0.1087,3.4056,6.2767,87.0906,6.7259,4.3446,0,0,0,1
0.1849,8.9635,0.5736,0.2785,10.6194,9.3709,0.0887,11.5042,5.3896,33.2071,32.0,6.5214,1,0,1,1
0.0646,4.5865,1.1837,0.0332,38.545,3.1488,0.3259,8.3453,3.878,82.5595,29.6345,21.1285,1,0,1,1
0.1122,9.9834,8.1681,0.1529,19.2814,6.7562,0.272,11.0525,1.9454,110.4156,20.7027,25.3679,0,0,1,1
0.3241,5.573,1.6608,0.2144,7.8232,0.3071,0.1768,6.6316,6.0183,84.2212,24.0824,3.1499,1,1,0,1
0.0403,13.4811,4.9481,0.0992,6.5608,9.7713,0.2903,5.6513,6.2342,81.7989,32.7563,34.5928,0,0,1,0
0.3416,4.3241,5.8392,0.3478,35.6605,9.8615,0.1596,5.8293,6.5392,36.3257,47.0563,7.6562,0,0,1,1
0.2535,8.9335,6.6619,0.3341,31.6235,2.7595,0.3297,11.1849,2.2537,66.7621,21.5071,26.1109,1,1,1,1
0.3119,8.8426,8.6181,0.0519,15.7076,3.2194,0.2535,10.9483,4.5263,51.9725,3.0345,32.104,1,0,0,0
0.2332,6.3242,0.7595,0.0248,19.0468,1.0916,0.2117,6.9314,7.8142,85.0256,32.3136,20.1999,1,0,0,1
0.2406,10.5782,5.1088,0.1073,25.9007,9.5242,0.1548,9.3498,4.0549,94.5978,25.9058,34.267,1,0,1,1
0.2024,3.2419,2.3496,0.2938,13.8987,5.1125,0.254,3.192,5.9825,107.7155,12.6218,40.0204,1,1,0,0
0.1685,2.4223,2.1468,0.1803,38.0851,4.7803,0.029,13.4233,5.43,103.8063,14.1961,44.7496,1,1,0,0
0.1456,14.0786,8.7635,0.2358,6.2828,5.7071,0.2286,9.3324,4.5739,115.3744,41.9127,21.3362,0,1,1,0
0.0234,10.0457,4.6649,0.1769,6.9042,5.8075,0.1375,4.7742,1.5831,105.2533,45.8257,17.1648,0,0,1,0
0.2874,6.6518,2.8394,0.1323,24.2915,5.3807,0.1736,3.6276,0.845,106.9824,35.8047,24.6755,1,0,1,1
0.319,4.9416,3.2858,0.1897,9.5263,6.0248,0.3408,11.4339,1.6665,94.2383,4.6594,25.802,1,0,1,0
0.2108,13.7252,8.0806,0.0986,13.3702,1.6568,0.2529,11.2891,7.7413,109.2132,10.5956,29.9543,1,1,0,0
0.1695,1.1492,1.0557,0.0748,21.4264,6.787,0.258,3.287,2.0772,90.0708,11.9544,12.2368,1,0,1,1
0.2899,3.7189,5.084,0.0648,39.9232,5.1526,0.2166,8.4924,7.1527,80.4332,12.0643,36.8217,1,0,0,1
0.2129,11.1381,5.5473,0.1356,8.932,1.663,0.0449,14.2428,5.5827,116.2645,20.6644,22.3103,1,1,0,0
0.2319,3.4108,5.7534,0.0526,37.1045,2.0128,0.1001,4.0075,3.1456,54.0014,46.3987,36.6051,1,0,1,1
0.1502,9.0487,3.3392,0.1354,33.4256,7.4774,0.1973,13.4576,5.3279,115.7865,24.4215,28.3895,1,0,1,1
0.2064,10.0876,6.6715,0.0946,9.993,5.0511,0.1993,4.9989,1.182,60.6614,41.2204,38.2099,0,0,1,0
0.3066,1.6659,6.7152,0.1677,24.7107,3.7543,0.229,3.2531,6.4713,63.7909,28.3331,29.3009,1,0,1,0
0.2539,10.0283,7.0811,0.2554,38.3848,4.2566,0.2575,12.1988,5.1243,52.6815,6.1218,17.9128,0,0,0,1
0.2924,4.6748,3.9042,0.1874,16.9864,8.1331,0.2999,13.5582,5.4257,61.9704,41.8434,30.2664,1,0,1,0
0.138,6.021,0.6714,0.2463,19.5597,8.0124,0.2744,3.524,5.3944,109.9963,36.1389,10.116,1,0,1,1
0.3114,14.855,2.6666,0.3263,26.85,7.2159,0.1914,13.1573,1.9297,102.4327,15.8342,27.7462,1,1,1,1
0.3472,10.7273,1.9051,0.0584,23.7073,6.4127,0.2901,13.1832,7.1088,109.4111,45.8673,32.0909,1,0,1,1
0.0427,3.0835,5.0865,0.1791,16.2435,4.4971,0.2444,9.4147,2.2043,75.6111,49.6729,40.7001,0,0,1,0
0.1918,9.4251,0.9069,0.1934,15.1594,4.3024,0.2769,9.6677,0.9271,94.9201,23.7981,10.4928,1,0,1,1
0.3309,13.3171,7.2297,0.1903,5.9735,5.0991,0.1003,13.9909,7.9653,86.5313,35.291,10.9378,1,1,0,1
0.2638,6.492,5.1209,0.0297,15.2311,8.8857,0.2169,14.8587,6.3433,50.9817,3.0786,29.5949,1,0,0,0
0.2433,9.0225,3.7837,0.1074,10.3909,1.2576,0.1152,12.4948,3.815,95.0178,8.4109,5.7414,1,1,0,1
0.3017,1.5781,4.1141,0.1116,22.4396,6.069,0.0546,11.3441,0.6591,102.7873,28.5674,26.8751,1,0,1,0
0.0433,10.2262,9.0757,0.2873,27.1094,9.2078,0.0801,11.3092,7.3538,79.1088,15.3928,38.5458,0,1,0,0
0.1945,11.4913,9.9773,0.2613,19.599,2.8506,0.2515,6.0118,5.2535,41.9179,15.4585,13.3502,0,0,1,1
0.1215,14.7392,5.5028,0.3404,18.6024,3.3565,0.2301,2.0234,6.4483,67.2702,45.5157,36.7639,0,1,1,0
0.1128,7.6129,9.374,0.086,23.6111,1.1524,0.0797,12.753,1.3404,118.9238,10.5802,16.2795,0,0,1,1
0.1753,5.166,3.4116,0.0383,14.0005,4.0157,0.0712,13.1088,6.0993,109.1685,27.4123,44.1143,1,0,0,0
0.0249,9.1395,1.8889,0.1108,16.6049,4.9969,0.2308,6.2836,0.9995,44.9006,9.7653,11.7886,0,0,1,1
0.2317,12.3373,0.401,0.1189,20.6418,0.3446,0.2776,3.9563,7.3746,62.4827,45.1172,37.4326,1,1,1,0
0.2473,2.409,6.7754,0.1927,28.2385,6.5932,0.3125,6.9054,7.2613,109.5997,29.1438,44.1249,1,0,1,0
0.2897,10.7444,3.4363,0.1318,35.6092,2.1392,0.1769,9.7497,7.6809,57.6228,40.8763,19.7345,1,0,1,1
0.1564,2.2974,0.8673,0.1613,31.5156,6.2778,0.022,10.5447,7.6578,71.978,39.3762,17.6684,1,0,0,1
0.167,14.4702,1.8817,0.1162,30.0705,1.7373,0.0713,3.291,4.792,85.911,41.337,16.7505,0,0,1,1
0.0586,8.3809,3.6527,0.2052,25.1052,5.7776,0.0544,8.751,5.9911,70.3632,16.6766,11.9518,0,0,0,1
0.2382,14.1741,6.971,0.0799,34.9871,3.0466,0.086,5.3548,5.9701,110.4056,28.4393,5.7123,0,0,1,1
0.0648,6.7561,3.7639,0.2724,8.4753,1.542,0.2988,10.8547,1.4639,40.0616,43.4371,9.3435,0,1,1,1
0.1098,6.5993,2.1275,0.1359,10.5082,3.3528,0.0372,14.5741,4.0125,52.6426,22.1042,8.6216,1,1,0,1
0.1878,6.3371,2.2674,0.0996,27.8364,3.8648,0.2793,9.1972,6.165,58.6754,38.6186,36.7683,1,0,1,0
0.1914,8.7463,9.4227,0.1588,17.8871,1.3325,0.1251,12.2622,7.7603,37.5188,12.527,39.0765,0,1,0,0
0.1094,7.7343,4.9016,0.1173,35.8042,9.81,0.1389,7.9978,7.4486,34.0473,10.9406,43.0528,1,0,0,1
0.0951,14.8437,8.8355,0.1343,34.8708,9.0762,0.044,10.0036,2.6691,45.4051,16.9914,12.3487,0,0,1,1
0.2265,3.7882,7.8074,0.0696,19.4755,3.063,0.2765,9.593,4.3162,31.3763,4.9853,6.7831,0,0,0,1
0.3395,5.2354,0.7545,0.0789,24.6698,8.4985,0.1685,10.9697,7.8901,47.1065,36.7003,30.3676,1,0,1,0
0.0379,4.4851,9.0288,0.3124,39.0848,3.7347,0.0682,3.119,7.6793,56.5792,28.9699,15.3118,0,0,1,1
0.2004,11.9113,4.9343,0.0535,13.0591,4.9875,0.2622,13.1542,1.1553,33.2435,19.6455,9.5764,0,0,1,1
0.2007,4.8577,8.349,0.0692,8.5446,3.034,0.1312,3.6027,5.4121,35.7576,38.2408,23.1338,0,0,1,0
0.049,9.0895,1.9456,0.1795,25.3585,7.1366,0.2279,14.8016,0.7472,51.9248,19.8761,42.6513,1,0,1,0
0.335,6.4329,2.643,0.0339,39.0456,9.6018,0.2825,3.3233,7.4701,44.0695,32.569,14.623,1,0,1,1
0.31,11.9713,4.1622,0.1731,8.8001,1.8977,0.3001,8.7069,6.1532,32.6016,21.2446,40.3171,1,1,1,0
0.1461,12.3065,4.9105,0.0403,35.7248,3.4079,0.2975,12.8083,7.5213,74.8637,25.3293,15.4331,0,0,1,1
0.0835,8.8913,2.5313,0.2866,18.391,2.7858,0.1349,7.8933,7.0,88.2254,7.981,23.4393,1,1,0,1
0.0861,6.9561,9.7882,0.0422,21.0372,2.5829,0.2086,9.9185,6.4301,119.6315,47.284,30.1718,0,0,1,0
0.3439,10.7573,2.7453,0.037,26.27,3.5825,0.2217,2.9199,3.7545,62.8889,44.3004,8.281,0,0,1,1
0.1503,5.0759,4.0256,0.136,24.4611,8.9648,0.0875,10.2947,5.4282,101.8859,16.9934,42.6405,1,0,0,0
0.104,7.5872,6.3161,0.0486,6.9673,4.2455,0.0454,8.8858,7.8312,79.511,12.6031,18.1103,0,0,0,0
0.3496,1.5247,0.5857,0.0838,34.5024,5.7282,0.2038,14.8301,1.4603,60.8789,37.7391,13.9198,1,0,1,1
0.1574,6.4477,5.2424,0.0484,37.5512,4.9243,0.1638,3.6931,2.2082,108.0023,49.2774,16.1492,0,0,1,1
0.0465,7.0691,6.135,0.1012,21.2262,6.7857,0.049,11.2492,5.3621,35.4692,40.6252,43.3273,0,0,1,0
0.3444,8.1226,7.6814,0.332,22.3496,5.787,0.1367,7.8707,7.6563,37.83,41.5659,7.1413,0,0,1,1
0.2948,13.7347,1.7756,0.23,7.509,8.4282,0.2349,6.951,1.4172,117.6274,30.6907,22.8055,1,0,1,0
0.0915,2.9171,8.6152,0.2614,31.7727,0.5844,0.3225,10.5999,4.436,40.2062,14.302,36.1628,0,1,1,0
0.0791,1.8178,4.3631,0.2029,12.4974,0.3956,0.0266,11.2508,4.1583,118.8767,22.9981,35.6628,0,1,0,0
0.236,8.3704,8.9185,0.2511,9.117,0.7654,0.1481,4.7374,4.2795,102.7972,23.6839,21.9185,0,1,1,0
0.1621,12.8804,8.5994,0.2163,10.0678,7.5748,0.2762,3.1413,4.8983,31.8145,11.4081,11.8248,0,0,1,1
0.0944,10.2685,6.8717,0.0793,37.9365,2.1827,0.0565,4.3241,2.7759,94.8849,14.6216,6.3004,0,0,1,1
0.1885,1.7472,9.9583,0.2679,35.5434,0.8875,0.1041,9.4808,7.4197,31.9145,43.8041,13.8951,0,0,1,1
0.2849,3.7559,8.922,0.1036,27.629,7.0369,0.3426,8.6208,3.7108,54.2973,20.669,4.0474,0,0,1,1
0.086,8.6952,8.641,0.2548,13.2759,8.3521,0.2146,10.6002,4.7154,111.2547,49.798,13.0955,0,0,1,1
0.112,12.4923,0.8544,0.0716,27.9834,4.5446,0.0255,3.0066,4.4729,52.8057,41.7751,11.7004,1,0,0,1
0.2764,9.0847,9.6423,0.191,14.8546,1.6628,0.2429,13.6738,2.1762,66.3926,21.1732,20.4078,0,1,1,1
0.1687,12.9737,1.2527,0.1683,38.7213,2.1052,0.2768,8.5754,3.9029,74.9656,33.801,31.0116,1,0,1,1
0.212,9.7263,4.4596,0.0527,7.3549,4.9459,0.3465,2.7459,5.4876,65.924,38.6253,12.1713,0,0,1,1
0.1962,10.817,9.7207,0.1037,16.3449,4.5452,0.2319,3.5669,6.5283,45.5474,6.7044,9.0794,0,0,0,1
0.0353,11.6271,3.1564,0.1969,19.4853,5.3251,0.1154,5.1429,5.2674,93.6295,10.0353,26.1871,0,0,0,1
0.0325,4.7459,7.5264,0.2014,27.742,3.3183,0.0513,3.8051,6.8017,61.8549,26.0489,9.2062,0,0,1,1
0.3045,12.7877,9.8276,0.2444,35.8703,8.9527,0.2497,4.123,5.1175,61.6246,38.4769,14.5366,0,0,1,1
0.2666,13.4532,2.1228,0.308,27.9497,6.4619,0.3278,13.2513,7.2856,71.3161,48.1978,3.0402,1,0,1,1
0.1775,5.0411,8.2618,0.2995,23.16,5.562,0.2056,10.4565,4.4332,115.0309,25.1247,5.0166,0,0,1,1
0.0202,14.9559,2.1261,0.3057,12.7424,1.505,0.312,11.1943,4.7779,77.6942,9.7943,44.8705,0,1,0,0
0.0395,11.8466,5.4508,0.0354,12.3755,4.3952,0.1185,14.6642,2.3832,33.8762,28.6212,29.6942,0,0,1,0
0.1342,1.3892,6.5184,0.2767,15.7328,4.7725,0.1953,9.2297,1.3018,94.7485,2.0915,26.794,0,0,0,0
0.2346,13.7102,0.7045,0.3077,6.7402,8.3419,0.3073,12.8972,5.6438,78.3724,47.7536,33.4502,1,1,1,0
0.1615,9.1735,9.67,0.2714,39.5124,6.6879,0.0527,4.0387,3.5273,65.814,33.4093,18.063,0,0,1,1
0.1007,13.1836,9.3329,0.1462,25.5287,0.749,0.2553,2.379,6.3516,35.515,20.9571,25.0486,0,1,1,1
0.0818,3.7034,3.5685,0.0574,10.5434,1.817,0.1913,8.4242,1.9831,114.5357,48.4272,29.2887,0,0,1,0
0.2634,11.8476,6.6988,0.2702,13.9942,1.4004,0.2712,4.4222,5.4957,30.5698,37.6123,23.7516,1,1,1,1
0.2907,14.887,3.3314,0.3259,25.652,4.0348,0.1695,9.3286,5.469,96.2587,16.1554,29.4437,1,1,0,1
0.0687,6.8155,8.0937,0.0632,20.6199,0.8698,0.3447,11.1121,3.1455,77.6516,9.193,30.2403,0,1,1,0
0.2291,13.9796,3.8095,0.0945,26.4601,7.7803,0.1361,3.9991,0.879,83.3226,23.2665,42.1104,1,0,1,0
0.1809,9.5782,7.6669,0.248,25.3746,2.3508,0.2003,4.3135,6.5108,44.271,29.3329,12.2906,0,0,1,1
0.1181,7.5767,9.4668,0.322,21.8968,9.9996,0.0519,10.3942,5.8248,71.7675,20.213,42.8025,0,0,1,0
0.2331,1.7899,1.4569,0.1734,12.3796,6.213,0.2553,13.2391,1.6571,101.3392,36.6891,41.6672,1,0,1,0
0.1125,3.076,7.5691,0.0278,29.6635,6.217,0.2122,7.3847,4.4059,42.3463,43.8687,6.5963,0,0,1,1
0.2649,4.3132,8.7342,0.299,18.6359,7.2306,0.0277,6.8055,6.954,68.42,13.1295,40.7685,1,1,0,0
0.1463,13.8948,3.3388,0.2967,22.9072,1.1196,0.0621,14.2324,2.4835,117.251,47.0826,27.8746,1,1,1,1
0.2121,7.7849,3.755,0.1845,35.1577,2.5934,0.0642,10.0024,1.4786,67.9797,7.5425,36.5229,1,1,0,1
0.0543,14.6926,2.5536,0.2872,10.9194,5.0766,0.0893,12.6497,5.9343,97.0869,27.9608,16.9854,1,1,0,1
0.3296,14.8534,6.8716,0.2786,27.5043,6.0678,0.0879,9.9656,5.9979,46.6606,27.3055,40.6061,1,1,0,1
0.2455,11.9573,3.1559,0.3328,14.533,1.7433,0.0563,12.4793,5.6708,98.0973,27.0534,4.5706,1,1,0,1
0.257,3.2932,5.9014,0.2633,15.3925,0.8608,0.0207,6.4008,2.8632,46.9016,5.5558,35.1252,1,1,0,0
0.3212,10.4583,8.3311,0.027,12.0895,2.7762,0.3051,7.957,2.8666,112.5051,28.9635,28.363,0,0,1,0
0.2429,1.3656,2.1772,0.0557,24.9326,6.707,0.2607,7.1966,3.2861,91.89,7.651,27.3639,1,0,0,0
0.2437,12.8434,9.4176,0.2164,11.9012,4.5624,0.271,4.3019,2.4631,102.3565,10.5486,33.1247,0,0,1,0
0.152,1.6129,4.8141,0.2299,11.9292,6.6954,0.2223,6.3063,4.4657,56.5029,49.8067,20.9703,0,0,1,0
0.3047,4.4905,6.2913,0.0624,24.6776,5.4586,0.0931,8.1345,6.1136,88.5088,38.2295,23.3067,1,0,0,1
0.2415,5.2813,8.7048,0.3252,17.2709,8.2954,0.2805,13.6337,6.5135,54.1514,29.1828,41.1439,1,1,1,0
0.0705,1.7067,6.8487,0.0956,21.7149,0.4718,0.2465,3.2349,3.9109,110.0657,22.2411,6.4863,0,0,1,1
0.2299,5.247,3.1137,0.2517,38.5811,0.6969,0.0881,9.029,4.9976,114.9994,43.4322,41.7854,1,1,0,1
0.2405,6.1046,1.8254,0.3087,22.6256,1.4901,0.3392,11.2018,7.9061,64.0482,25.0321,4.7255,1,1,1,1
0.3374,11.4888,3.2688,0.0936,25.5733,0.4617,0.1786,3.7182,0.7985,75.5283,37.0019,7.0906,0,0,1,1
0.1023,7.8443,6.9016,0.1873,38.5845,3.8354,0.0709,7.992,1.091,100.1732,19.7815,17.2659,0,0,1,1
0.0458,1.0077,3.1532,0.076,39.3266,4.4172,0.2144,10.9294,0.8089,49.191,26.6372,34.7454,0,0,1,1
0.1213,3.7701,9.1315,0.3218,22.1157,2.6806,0.032,6.1322,5.6171,86.9779,21.4706,22.633,0,1,0,1
0.0236,8.7312,0.4138,0.2495,11.0764,8.0432,0.3435,11.8007,2.6955,31.3778,33.8744,28.7968,1,0,1,0
0.3199,9.7911,6.6222,0.0251,12.8269,8.1966,0.2058,9.7426,1.2685,61.6279,17.0218,24.0969,1,0,1,0
0.106,1.6918,6.5248,0.2798,10.4626,4.8743,0.3442,2.0885,4.174,41.5244,38.1521,13.5992,0,0,1,0
0.0525,9.4106,8.0641,0.0624,26.3043,0.6075,0.1807,13.2842,3.4409,60.7396,6.1841,21.8324,0,1,0,1
0.26,6.1313,2.8941,0.17,13.0932,0.9425,0.1204,11.6912,1.4355,115.9629,10.7961,40.0016,1,1,0,0
0.1395,14.6515,5.4144,0.2654,20.8869,1.2014,0.1133,5.7521,7.7535,42.6826,33.9445,37.2087,1,1,0,0
0.0572,6.0511,0.9941,0.262,8.6081,7.2835,0.0662,8.3464,6.3867,104.8922,34.301,43.4153,1,1,0,0
0.1252,8.3879,4.9298,0.3474,13.4795,0.5173,0.1955,13.1176,6.042,59.1118,14.8197,6.941,0,1,0,1
0.3089,8.0169,8.8764,0.1951,6.0169,2.0374,0.0646,12.6861,0.7647,56.1247,48.9475,1.3404,0,0,1,1
0.283,6.9935,4.4992,0.1947,12.3358,9.9212,0.0611,13.8115,5.3128,58.6618,22.3171,33.0738,1,1,0,0
0.0821,5.6489,5.8245,0.3478,13.9129,8.518,0.0716,11.4926,4.3406,65.5839,4.2515,5.3883,0,0,0,1
0.3435,1.4864,9.8242,0.3441,30.3156,2.3635,0.242,13.893,5.6987,97.9223,46.842,31.4563,1,1,1,1
0.0739,13.522,2.4623,0.2099,32.5474,3.673,0.26,3.751,4.3454,76.1864,49.4263,11.985,0,0,1,1
0.0913,7.2457,9.3985,0.0672,22.9915,3.5017,0.0331,4.7869,3.1933,57.1,14.6509,33.6965,0,0,0,0
0.1386,14.7754,6.5743,0.2077,21.7896,5.311,0.2624,12.4217,0.5579,92.4115,8.5402,10.4793,0,0,1,1
0.2235,14.6188,7.835,0.3165,33.8771,9.9804,0.1784,5.5219,4.4259,113.3643,14.591,2.2754,0,0,1,1
0.1453,1.73,1.7265,0.0201,33.4528,9.1499,0.2484,4.2619,7.8759,41.2819,43.4965,16.6404,1,0,1,1
0.2807,8.016,1.2349,0.1835,37.913,1.0561,0.2776,9.3258,2.6245,118.3303,3.0173,12.8793,1,0,0,1
0.1216,2.0268,1.1506,0.3445,9.6461,4.2068,0.1752,3.119,2.124,73.2429,8.9723,24.6038,1,0,1,0
0.2196,12.1914,1.2506,0.2976,9.0655,4.4701,0.3182,14.6971,5.0845,83.2812,24.9919,17.2884,1,1,1,1
0.3364,1.4109,8.258,0.2328,39.5903,6.8835,0.1207,9.187,3.1541,110.1373,39.2161,2.387,0,0,1,1
0.3288,1.1408,9.8459,0.1206,10.352,4.1393,0.2826,3.3335,2.2661,65.6327,35.4983,25.9788,0,0,1,0
0.2342,4.6549,3.9674,0.1916,14.8486,7.387,0.2598,3.048,3.3805,60.1077,26.4458,37.9136,1,0,1,0
0.3259,10.73,9.2854,0.1965,7.9858,9.9111,0.0581,6.0602,0.7341,96.2091,48.0924,28.5379,0,0,1,0
0.2716,13.3476,8.899,0.1942,10.1448,2.7404,0.1327,9.3448,4.0763,101.4718,37.9397,30.9823,0,1,1,0
0.3271,10.5508,8.6844,0.3113,6.7867,0.5242,0.2121,14.7402,4.8678,71.9519,4.0026,33.7097,1,1,0,0
0.2246,6.0929,6.4231,0.1546,32.9514,6.4493,0.2577,14.2523,1.2172,109.0675,25.8142,39.0891,1,0,1,0
0.0989,13.1505,1.244,0.0534,11.9963,7.076,0.2264,10.3495,4.156,94.135,48.0417,29.6364,1,0,1,0
0.2975,10.2146,8.3235,0.1285,16.71,9.3601,0.2638,10.0788,5.4489,89.4018,8.9175,42.3347,1,0,0,0
0.0785,14.1437,4.9059,0.0779,25.2225,4.9576,0.3293,8.71,3.8685,118.6508,35.6744,37.3841,0,0,1,1
0.3416,12.2894,6.2615,0.2629,38.8847,8.223,0.2434,10.4908,6.5327,71.7976,45.7242,37.1506,1,0,1,1
0.1215,10.239,1.863,0.3258,24.3053,7.5209,0.2876,2.2561,2.1615,62.8587,30.9841,43.9372,1,0,1,0
0.0775,1.3068,5.009,0.2104,5.3928,8.411,0.1653,4.979,7.5452,89.496,47.5349,3.1505,0,0,1,1
0.2165,7.8339,1.629,0.0831,23.2817,9.6552,0.2308,10.8664,6.1379,92.8643,17.8214,33.0048,1,0,0,0
0.0267,13.1438,5.887,0.164,19.9686,9.5375,0.313,3.0379,5.5192,81.6296,37.3239,16.5995,0,0,1,1
0.1183,13.3988,6.5428,0.3191,15.0351,2.117,0.1606,10.3709,6.496,79.9384,24.826,5.8039,0,1,0,1
0.1442,3.2226,1.0373,0.1947,13.0118,2.4944,0.0384,3.7714,5.9829,94.8589,36.8145,15.0707,1,1,0,1
0.177,2.4332,8.8196,0.262,24.6381,2.6652,0.2106,8.807,1.0605,65.4506,37.2391,9.4667,0,0,1,1
0.1892,13.0581,2.4853,0.3158,21.5451,0.4717,0.1575,10.4918,4.0956,83.1656,29.7357,36.5202,1,1,1,0
0.3413,9.9894,8.2883,0.2208,10.0936,8.4065,0.2714,9.2067,0.8933,35.6358,9.6226,21.0939,0,0,1,0
0.0305,7.4383,3.9736,0.0822,38.9701,5.3019,0.1423,8.927,3.224,99.7931,4.2834,15.4863,0,0,0,1
0.1912,13.8255,6.2109,0.0805,22.4858,3.2882,0.2238,11.3652,6.5066,71.4892,45.5731,37.4768,1,1,1,0
0.0501,2.1055,9.4463,0.288,24.3677,9.1205,0.2177,9.0499,5.0844,33.5981,39.9559,9.3018,0,0,1,1
0.1048,6.2994,9.2864,0.1583,33.6793,0.3264,0.262,9.8955,6.7605,97.1531,14.9037,26.5998,0,1,0,1
0.1615,4.2917,7.1278,0.1249,7.1058,1.1391,0.0344,10.8514,4.5881,38.0906,23.2161,12.3791,0,1,0,0
0.0639,6.2103,8.0878,0.3333,17.0571,3.079,0.1981,12.7036,1.2643,71.6366,19.794,34.4565,0,1,1,0
0.1967,2.1927,6.0832,0.2227,33.155,7.8844,0.3389,4.9226,4.9235,53.3014,37.9786,14.462,0,0,1,1
0.2296,9.0033,9.3351,0.1203,38.034,5.7849,0.2449,14.9641,2.1586,117.1577,22.7744,37.9151,1,0,1,1
0.253,8.6961,0.9047,0.3469,11.0703,8.4281,0.2373,12.3386,5.5492,113.0714,7.7035,24.0649,1,1,0,0
0.1597,14.9147,1.6307,0.2764,35.8755,9.1384,0.2558,13.4936,2.5759,66.9328,25.1775,13.5848,1,0,1,1
0.1621,5.0757,9.4364,0.325,39.3265,1.1429,0.2287,2.3474,5.4916,107.0032,34.3088,1.7157,0,0,1,1
0.2847,2.121,1.4267,0.1833,24.5735,2.2253,0.1206,2.5127,7.0546,77.4038,44.187,44.7227,1,1,0,0
0.2866,6.7695,3.3387,0.0305,27.7843,8.1404,0.1054,9.6991,3.3568,56.382,21.0651,1.3697,0,0,1,1
0.3279,2.5736,9.6223,0.077,23.3565,5.9841,0.1633,13.7116,6.4578,34.5239,41.547,18.4392,1,0,1,1
0.347,14.512,4.0429,0.1442,39.4938,0.6391,0.3448,11.1107,1.3911,54.7273,9.9253,34.1196,1,1,1,1
0.0253,10.3135,5.0633,0.0484,34.9235,6.9054,0.022,12.9524,6.7018,101.6788,36.3537,21.9654,0,0,0,1
0.2898,5.5366,3.7734,0.1406,25.1806,7.574,0.1431,6.5098,5.9305,57.6568,15.8226,2.1985,1,0,0,1
0.319,2.0299,1.5695,0.0597,15.4784,3.1526,0.1179,4.2939,6.9199,62.4486,6.3265,2.836,1,0,0,1
0.1603,7.1532,3.3635,0.2384,11.7257,2.9624,0.2754,14.2006,1.3682,79.3195,7.2266,34.6634,1,1,1,0
0.1668,13.2907,6.7497,0.2107,20.4334,4.1861,0.0499,10.0651,2.7355,115.3841,6.3428,5.0674,0,0,0,1
0.0241,3.4071,5.3038,0.0702,25.6687,7.9539,0.1318,4.7783,4.1908,54.0927,5.3762,26.8872,0,0,0,1
0.0919,12.085,8.879,0.3423,39.8715,9.5784,0.2409,11.6224,2.3306,68.334,30.6647,13.3385,0,0,1,1
0.1164,11.7183,4.4832,0.263,24.6504,1.9983,0.0673,7.2175,1.863,88.7616,47.0752,42.725,1,1,1,0
0.2929,5.3836,2.2801,0.2756,15.5958,9.0784,0.2437,3.9837,1.5361,54.4267,41.8028,34.9828,1,0,1,0
0.0263,1.1934,3.2315,0.3436,24.6602,8.9848,0.2728,8.0504,2.5782,87.5662,48.9301,16.6015,0,0,1,1
0.1154,10.2306,3.9719,0.1317,38.743,4.1611,0.2609,8.5692,0.6667,69.8125,47.1927,44.595,1,0,1,1
0.2595,3.5025,8.4503,0.3386,24.7382,8.542,0.1001,9.5462,2.665,32.5596,11.7407,26.0179,1,1,0,1
0.2319,6.7012,8.9602,0.2525,39.5857,9.839,0.1752,2.2103,3.0758,96.3524,21.4073,23.8714,0,0,1,1
0.2677,14.7754,2.4315,0.2544,5.0977,1.992,0.1245,14.9784,3.5999,52.4832,31.059,15.3921,1,1,1,1
0.2256,13.374,8.1487,0.257,32.8694,4.0883,0.089,2.9152,3.3135,94.8721,21.5596,33.9599,0,0,1,1
0.1386,11.6228,2.7481,0.0425,9.9285,9.5974,0.1097,6.5508,6.1239,74.6489,11.0541,2.2827,0,0,0,1
0.171,2.9311,0.33,0.1806,5.0676,2.5839,0.2102,2.4454,3.1628,67.0999,14.8066,37.7574,1,0,1,0
0.0315,6.2502,1.7095,0.145,28.5376,2.3187,0.0204,13.7791,2.1873,36.5158,23.5621,29.8589,1,1,0,1
0.1287,3.8499,4.0317,0.0744,22.6557,5.7472,0.2839,11.9088,2.8436,99.487,15.2004,29.3652,1,0,1,0
0.2308,8.2559,9.0133,0.2802,39.2569,9.1531,0.1724,12.1464,1.8475,75.1823,34.7244,19.7677,0,0,1,1
0.2108,11.2193,1.0875,0.144,36.3686,9.4242,0.1353,12.3422,7.2812,71.3406,31.2289,15.4979,1,0,1,1
0.1524,9.7844,6.1226,0.1532,10.3139,9.9386,0.2278,13.6919,4.5819,70.3498,23.0021,27.9088,0,0,1,0
0.0812,1.4688,9.7072,0.1964,21.9018,0.6312,0.1065,5.553,3.4894,37.2679,36.5264,36.002,0,1,1,0
0.3452,6.4497,9.1037,0.0548,33.9035,7.258,0.3122,14.3289,0.8544,91.6089,47.2714,23.7159,1,0,1,1
0.1407,8.8031,8.7343,0.1872,33.3607,3.2961,0.1453,9.3514,2.9314,84.0824,33.4055,31.5517,0,0,1,1
0.0341,10.9479,7.7583,0.2184,30.3548,2.4421,0.2718,2.7864,2.4698,43.9355,24.8435,34.6023,0,0,1,1
0.1961,5.8583,5.3272,0.2775,19.8951,4.8304,0.2639,8.6108,1.2613,36.4414,16.8807,5.9322,0,0,1,1
0.0511,13.4313,0.529,0.1593,38.3159,0.6384,0.2822,10.0957,5.8462,102.845,43.31,9.9909,1,0,1,1
0.296,2.1976,7.9003,0.0754,17.8555,6.1372,0.3045,10.8167,6.8056,70.3614,43.934,43.0149,1,0,1,0
0.2439,2.204,8.5214,0.3262,26.7022,9.65,0.038,3.7038,4.5199,70.0127,49.6683,35.9038,0,0,1,0
0.3476,12.9309,6.1839,0.208,11.4651,4.9807,0.3018,13.7782,6.3898,36.9377,28.7669,30.4938,1,1,1,0
0.253,4.0807,9.5432,0.2346,33.6148,6.969,0.0752,13.5107,7.0142,66.2482,38.1805,25.2955,1,1,0,1
0.0209,5.4965,4.3047,0.0772,5.0073,8.1238,0.1889,4.344,2.961,30.3043,46.3318,29.5397,0,0,1,0
0.179,5.7647,9.1688,0.2885,21.6027,0.841,0.0538,3.2914,1.0305,118.6855,24.4222,37.1301,0,1,1,0
0.0286,14.5741,5.77,0.2313,8.0657,6.2381,0.1306,12.131,4.6149,94.96,31.8754,13.2218,0,0,1,1
0.0219,3.0208,9.7182,0.2826,37.726,2.7517,0.2312,5.7799,0.5071,92.8235,24.078,38.7528,0,0,1,1
0.1869,5.6571,9.1465,0.1208,10.39,1.2081,0.2289,2.8456,1.924,71.2306,48.5099,2.0697,0,0,1,1
0.2578,5.7372,3.3264,0.3497,39.8184,0.3819,0.0551,12.4777,0.8148,36.106,26.9889,5.4336,1,0,1,1
0.2374,13.8629,3.7559,0.0574,24.7758,3.2798,0.1887,12.2481,1.3024,80.2798,25.7959,37.3175,1,0,1,1
0.3291,7.376,4.7116,0.2,25.3674,0.4506,0.0381,12.2801,2.4939,39.2481,29.7723,18.2318,1,1,0,1
0.2954,10.2166,5.6018,0.1799,17.9193,0.4585,0.0432,3.5663,2.629,103.267,40.3714,25.3638,1,1,0,1
0.2801,2.957,9.5949,0.3183,34.3617,8.6678,0.1549,13.6243,7.0279,45.8594,3.571,25.4342,1,0,0,1
0.0952,2.8763,7.892,0.0546,23.7267,5.3224,0.0523,4.008,3.8196,73.1356,16.6352,6.7183,0,0,0,1
0.0569,11.3848,8.8991,0.1938,21.3199,3.4635,0.1163,12.549,4.0179,68.8462,31.3895,1.1432,0,0,1,1
0.265,8.2247,4.4458,0.0984,20.4335,0.5092,0.1729,12.0545,2.4953,39.5262,12.3207,39.3453,1,1,0,0
0.2721,10.0757,2.624,0.1573,34.8664,8.7703,0.2031,14.94,4.8967,61.195,31.6113,13.0593,1,0,1,1
0.0866,1.0708,6.4953,0.1569,26.3484,7.4069,0.188,5.3241,3.3697,74.3939,32.7862,27.2377,0,0,1,1
0.3126,4.8913,6.9648,0.1381,8.4075,9.4551,0.1324,8.073,5.2646,40.8129,2.3336,17.084,0,0,0,0
0.2918,5.7203,4.139,0.0259,29.1018,2.9422,0.2236,7.8975,4.5567,76.1516,37.7867,11.5246,1,0,1,1
0.2634,14.8132,6.708,0.0692,39.7713,0.5227,0.3317,8.8598,3.5513,49.9497,17.4964,17.9888,0,0,1,1
0.0679,1.1869,2.6596,0.2505,36.4529,6.1826,0.308,2.7655,1.0836,36.5965,44.8754,14.6361,0,0,1,1
0.1467,8.7,8.4588,0.2639,18.9421,2.4471,0.0757,7.8367,1.8481,70.679,17.1403,13.2381,0,0,1,1
0.2525,6.4303,4.2183,0.0222,12.1806,9.2784,0.0742,8.1089,5.1818,43.0338,36.8345,26.2325,1,0,0,0
0.0539,1.1029,4.471,0.3025,20.4559,4.5956,0.0952,12.2046,7.7056,38.5892,49.908,19.6216,1,1,0,1
0.2664,4.8324,7.5076,0.1832,28.6543,8.9033,0.2504,2.0249,5.2738,112.4061,23.0955,20.1114,0,0,1,1
0.237,11.8784,1.8212,0.0905,26.2476,1.8615,0.2144,9.3858,6.252,97.2658,16.709,35.2302,1,1,0,1
0.3336,10.6822,3.5367,0.3455,38.6075,9.2121,0.1586,11.7696,1.7027,69.8302,44.3346,30.6784,1,0,1,1
0.3494,7.0346,0.3429,0.1127,16.8542,2.7161,0.2899,13.7676,0.6742,43.058,39.9735,17.0302,1,0,1,1
0.0411,6.8545,7.3623,0.0461,6.5945,2.3535,0.059,5.3802,2.4292,35.6953,37.2397,33.2953,0,0,1,0
0.1255,12.6905,8.2316,0.3241,21.3028,6.2262,0.1878,12.3591,4.701,71.5824,7.6734,9.4032,0,0,0,1
0.2182,6.2533,6.497,0.1383,13.7886,8.9311,0.2662,12.2625,6.1233,112.2963,38.9858,6.5371,0,0,1,1
0.1414,13.9805,0.9456,0.0433,19.3021,7.9064,0.2813,8.979,2.7165,37.2881,23.0255,11.927,1,0,1,1
0.1812,3.6647,9.3351,0.2983,27.111,3.9994,0.0589,6.5749,1.3671,69.6623,7.7267,24.6331,0,0,1,1
0.3013,11.4019,4.0318,0.1474,32.7404,3.9738,0.0509,2.844,7.0352,108.3918,26.7644,38.9535,1,1,0,1
0.3192,8.931,2.3127,0.2211,15.0874,7.5192,0.1121,6.0895,4.8711,40.3071,45.9136,35.8889,1,0,1,0
0.0755,4.669,4.0468,0.3116,33.2544,6.8115,0.0324,5.1694,2.2776,69.4538,25.1909,37.7023,0,0,1,1
0.3476,8.8255,5.7649,0.3306,39.7191,6.7957,0.0335,10.5289,6.6552,83.4311,10.7281,10.9797,1,0,0,1
0.0442,6.845,5.6845,0.1517,34.7919,0.8768,0.1536,6.9391,4.6869,81.2688,3.9318,31.7736,0,1,0,1
0.2696,5.1608,8.9838,0.1883,37.0338,9.7174,0.2738,8.7122,3.8583,51.8934,13.4386,3.535,0,0,1,1
0.0493,2.4331,6.1138,0.2803,16.4453,2.0892,0.2354,13.447,0.7306,49.9861,15.371,5.9142,0,0,1,1
0.1621,14.8089,8.2828,0.0645,21.6989,3.4982,0.1998,13.7659,2.9302,86.1369,40.3234,25.5286,0,0,1,1
0.0511,3.3422,4.301,0.2498,18.8323,0.3555,0.1885,11.3512,2.9899,43.1596,49.3278,6.4944,0,1,1,1
0.2651,14.3591,1.0712,0.3268,36.0643,5.8488,0.2491,9.1339,6.9607,89.0556,41.8186,8.4588,1,0,1,1
0.1457,6.483,4.404,0.3294,34.7671,0.9587,0.2323,12.8392,6.7106,35.5214,47.1415,34.8039,1,1,1,1
0.134,1.5974,6.233,0.2815,6.5744,9.0103,0.0527,14.4967,7.7955,51.5374,49.2491,38.3509,1,1,0,0
0.3152,8.5684,4.8007,0.3042,17.3482,6.5183,0.1134,5.3479,2.6947,52.94,43.9415,3.5034,0,0,1,1
0.2965,11.3734,5.4928,0.2363,19.1892,8.9327,0.2132,2.4194,3.0362,94.8041,25.6268,24.7547,1,0,1,1
0.0583,11.1761,3.6619,0.0796,28.6078,4.2419,0.2908,11.8291,5.4048,109.5052,41.4039,26.5212,0,0,1,1
0.0289,13.4558,5.318,0.312,25.0873,6.8446,0.2099,5.8559,2.5098,30.5606,43.1889,18.6156,0,0,1,1
0.2418,2.027,7.7804,0.0308,37.9781,3.9224,0.1277,10.9264,1.4285,97.4241,47.1489,20.8709,0,0,1,1
0.0933,9.0457,6.7409,0.1031,35.6783,9.7805,0.1659,14.6185,7.9108,79.3317,37.632,27.41,0,0,1,1
0.2839,3.2531,0.6513,0.0766,37.1382,3.5008,0.099,10.0173,2.4015,34.875,48.9271,29.0262,1,0,1,1
0.0756,9.5449,4.2875,0.0381,8.5769,8.8059,0.2167,6.4559,7.2829,42.5639,21.431,5.4411,0,0,0,1
0.0896,13.9383,8.743,0.0577,39.804,5.069,0.242,6.7739,4.681,84.0055,14.1825,3.6642,0,0,1,1
0.1987,8.6512,9.6423,0.3454,26.6796,3.299,0.2928,9.4574,4.6751,35.5194,26.935,6.4252,0,0,1,1
0.1835,7.3336,4.1132,0.1346,13.5248,4.9629,0.1211,6.4288,5.4793,68.5454,36.1334,38.1647,1,0,1,0
0.0907,2.027,3.9242,0.3033,10.5458,3.9202,0.1307,2.3442,2.4377,94.9678,20.5086,24.272,0,0,1,0
0.0734,7.6965,5.7714,0.3035,12.7325,0.7699,0.0894,10.4315,3.5231,99.2859,10.8357,4.3879,0,1,0,1
0.1041,6.2197,1.4272,0.287,39.4963,3.7379,0.2755,7.5938,0.6646,89.3302,13.1362,24.5967,1,0,1,1
0.0367,11.5947,8.3843,0.2258,10.3621,5.0537,0.326,9.8299,7.0381,84.9319,24.4088,15.2224,0,0,1,1
0.0756,9.8705,5.8267,0.2104,7.8865,5.9907,0.2259,12.5387,6.4792,97.4863,48.9307,3.9777,0,0,1,1
0.2456,3.268,3.4494,0.1644,32.2669,9.8324,0.058,13.6995,4.4696,118.336,23.8125,37.3513,1,0,1,0
0.0678,14.7319,3.2297,0.1357,9.3154,8.9838,0.1033,2.5209,3.4463,88.4946,26.2339,13.4075,0,0,1,1
0.1478,9.8564,3.4159,0.2481,19.0349,8.8058,0.0759,8.5095,3.2332,75.0073,46.9313,41.8961,1,0,1,0
0.0459,9.3707,9.7128,0.2909,16.0816,6.7872,0.1324,8.6983,6.8914,84.2183,8.1402,42.7835,0,1,0,0
0.2522,7.9748,5.9762,0.3235,24.5415,6.6008,0.2997,7.4035,6.4541,32.1525,11.493,10.036,0,0,1,1
0.2943,8.3949,7.165,0.1879,14.754,9.0933,0.2754,5.237,7.974,35.9777,8.693,15.806,0,0,0,1
0.1032,12.2002,6.9,0.3432,39.0482,2.9479,0.1374,14.5931,7.3154,111.0124,9.3574,31.7255,1,1,0,1
0.3107,12.133,5.1545,0.2901,36.4453,2.3712,0.1525,12.1458,4.0745,45.6802,32.6952,32.5062,1,1,1,1
0.2483,2.1273,4.7749,0.0966,31.679,6.8,0.1073,3.986,4.4403,51.6827,35.1388,23.0599,1,0,1,1
0.3324,14.1661,1.3145,0.2335,16.0306,8.8579,0.1775,7.1509,3.4883,57.9515,13.6996,22.9269,1,0,1,1
0.2791,10.2001,2.4958,0.066,33.8686,4.1877,0.0278,14.6338,2.5001,69.9911,16.6806,42.5636,1,0,0,1
0.0899,11.5192,2.2906,0.2472,27.8348,4.7809,0.3204,12.5787,6.5255,110.8171,34.6647,39.4012,1,1,1,0
0.1138,12.8985,7.7167,0.1469,32.6592,3.2376,0.2539,11.8107,4.7369,96.3933,7.0339,6.7799,0,0,0,1
0.1022,14.527,1.3397,0.1386,5.2421,9.2904,0.343,13.6224,6.756,84.4626,43.8086,2.4781,0,0,1,1
0.1366,10.2779,4.729,0.1736,10.8104,7.242,0.2219,2.4834,4.2067,54.961,19.5242,38.0799,0,0,1,0
0.3477,11.8931,1.0217,0.3263,17.9168,2.1955,0.0712,4.5979,7.864,39.6942,30.9185,37.7731,1,1,0,0
0.1777,2.3455,1.6019,0.2433,8.5335,1.7565,0.2205,7.0064,3.1804,97.1608,19.5096,32.1458,1,1,1,0
0.0236,3.0525,7.484,0.2232,39.1235,8.088,0.3035,7.5624,4.696,71.0104,19.4622,30.1701,0,0,1,1
0.3188,4.4223,7.4309,0.2919,27.2591,1.2654,0.2986,2.4453,1.1075,75.1718,3.0323,35.2188,1,1,0,0
0.1216,1.5772,4.7157,0.3259,31.9117,6.2641,0.2219,5.4919,7.4505,39.4314,7.735,44.5567,1,1,0,0
0.0885,5.7715,5.6942,0.1318,5.2582,1.9659,0.0276,6.1441,3.4719,103.4373,23.0344,39.3717,0,1,0,0
0.0701,12.4364,9.5417,0.1381,16.5976,5.9095,0.3157,9.1937,2.5181,99.8788,30.6352,5.449,0,0,1,1
0.1746,14.7984,5.9037,0.208,14.6964,7.7242,0.1548,6.1758,4.9268,84.9375,16.7539,17.9931,0,0,1,1
0.2297,4.6904,8.5602,0.132,18.0881,1.0075,0.2872,3.1753,7.6119,67.3425,47.4196,38.6829,0,1,1,0
0.2715,7.4224,0.5808,0.0876,14.5177,4.6598,0.0709,6.2543,7.0679,32.5223,33.1385,30.4548,1,0,0,0
0.1879,5.0503,1.5656,0.2116,33.4245,6.6054,0.0455,6.8648,3.0178,64.6557,9.1727,23.0503,1,0,0,1
0.2478,11.6209,6.0787,0.3161,21.6885,2.6223,0.1853,9.199,6.1497,110.1701,30.578,38.9168,1,1,0,0
0.222,5.6167,7.442,0.2644,30.8312,2.8727,0.0905,6.5312,5.9883,43.1198,6.6145,31.8747,1,1,0,1
0.2845,5.757,6.5506,0.1523,7.2226,2.2937,0.2091,4.5993,3.6248,51.9846,17.9727,18.305,0,0,1,0
0.2677,8.4373,9.3286,0.2319,38.9507,7.3671,0.1788,13.5563,4.4556,74.5998,41.4712,21.2602,0,0,1,1
0.1276,9.2404,2.4561,0.1373,34.5271,1.5784,0.0829,10.1493,2.525,83.6794,35.6076,2.8904,0,0,1,1
0.2536,8.0597,2.4011,0.2695,35.9623,3.8431,0.1528,2.8635,5.2791,49.9107,4.4644,17.0956,1,0,0,1
0.2666,8.4468,1.9654,0.3331,28.0501,0.8198,0.1966,13.7345,0.5166,78.8084,5.4269,40.574,1,1,1,0
0.3011,2.1938,5.9023,0.2564,36.8122,7.4379,0.2979,5.4434,1.264,49.6787,28.5958,21.7368,1,0,1,1
0.2123,6.3216,3.0622,0.2346,5.5323,9.3114,0.2814,8.744,6.0829,99.5721,18.9485,4.1586,0,0,1,1
0.1774,6.7908,6.7599,0.1573,23.9831,7.9078,0.0284,5.3064,1.9662,95.4754,23.794,22.4745,0,0,1,1
0.1787,6.7215,0.941,0.0516,29.3317,5.2319,0.3073,10.0564,4.0621,86.3284,31.9095,14.6598,1,0,1,1
0.1875,12.2556,3.5221,0.2092,24.4344,3.1349,0.1634,2.5111,3.6965,60.8118,7.8979,10.9203,0,0,0,1
0.172,10.6434,0.517,0.261,7.5544,2.6628,0.0315,5.606,4.919,52.9479,10.0411,13.443,1,1,0,1
0.1698,4.471,8.3359,0.2723,12.7852,6.7359,0.0588,11.4166,2.4006,87.4098,15.1158,15.0394,0,0,1,1
0.0613,4.4706,2.3694,0.2296,38.3444,2.533,0.0311,5.8068,7.755,30.1244,30.6935,20.6802,1,1,0,1
0.2286,5.7913,7.4552,0.1342,34.2495,9.1142,0.2328,2.8418,1.7799,107.6403,4.2235,14.4305,0,0,1,1
0.3209,1.2409,7.0994,0.1975,22.4272,4.5647,0.0204,14.9622,2.6775,45.6001,38.4896,31.0354,1,1,0,0
0.1795,9.1108,6.0172,0.1419,17.7706,8.8406,0.2323,10.3274,3.331,61.4287,42.1462,40.5464,0,0,1,0
0.2994,14.5738,7.7796,0.2036,9.6058,9.3723,0.2325,13.945,2.7885,91.8994,46.6009,34.1315,1,1,1,0
0.2735,4.2926,9.2772,0.0824,24.8646,7.3231,0.2809,11.3103,4.3386,79.6121,18.498,16.515,0,0,1,1
0.0861,3.9779,8.6304,0.0868,36.3127,2.2361,0.042,3.8514,5.9853,102.7403,10.8567,26.1505,0,0,0,1
0.2426,14.9078,3.6795,0.1445,15.7407,7.0113,0.3064,6.4749,2.4833,111.1752,15.3633,41.7589,1,0,1,0
0.2957,3.4218,4.3785,0.3112,14.9172,0.3621,0.2704,7.4822,7.4663,99.2164,43.0114,16.579,1,1,1,1
0.2044,5.0463,7.7074,0.3416,34.1135,0.3289,0.1161,2.6026,2.787,106.0028,29.5766,1.7262,0,0,1,1
0.2601,11.5749,9.951,0.2857,26.8294,0.7001,0.1488,6.9473,6.5165,71.2354,12.6411,26.9738,1,1,0,1
0.3307,12.6254,3.0206,0.2503,24.6205,5.8581,0.3456,5.7185,5.4786,86.1017,33.0747,35.4681,1,1,1,1
0.2341,9.2594,0.7263,0.2259,27.6154,3.7974,0.0643,5.703,2.0388,48.9914,29.7417,20.9565,1,0,1,1
0.0927,5.6386,5.2902,0.2403,12.4188,6.7845,0.2013,4.9245,5.7409,72.3876,3.0208,7.5855,0,0,0,1
0.0622,3.8521,6.4549,0.2588,33.6157,9.3091,0.0944,14.7031,6.4698,51.1554,26.4875,7.5287,0,0,1,1
0.2712,7.9203,2.9135,0.165,23.589,9.291,0.0281,14.2108,7.7512,45.0251,49.3469,44.4928,1,1,0,0
0.0742,11.6926,3.6837,0.216,38.6316,8.1764,0.1976,12.565,1.376,109.4885,8.4742,31.1088,0,0,1,1
0.299,7.8949,1.5552,0.1258,12.5853,7.6629,0.1086,6.452,6.3038,83.9949,48.702,17.7043,1,0,1,1
0.1051,11.2933,7.9262,0.0788,10.6518,4.7795,0.2293,4.1131,4.7834,32.3404,6.4611,10.9939,0,0,0,1
0.1723,5.511,2.2274,0.1289,18.2809,4.5314,0.1216,14.8011,4.3573,91.3437,17.0531,42.049,1,1,0,0
0.1433,7.7331,4.8432,0.1761,14.8097,6.2559,0.2307,11.8182,5.7061,119.6879,23.1287,4.5447,0,0,1,1
0.3389,7.7845,5.5583,0.2271,37.8614,9.1217,0.1349,10.1305,1.0311,68.9253,48.6121,15.9094,1,0,1,1
0.3421,11.671,1.6992,0.192,37.1253,2.5473,0.1761,12.7782,5.2795,40.6469,23.2398,21.4527,1,1,0,1
0.2401,9.1312,8.0862,0.3205,39.7614,2.3879,0.1387,14.1249,5.4682,88.9961,35.7457,33.8577,1,1,0,1
0.151,3.6557,5.0502,0.0807,15.292,6.8501,0.0824,8.2792,1.2177,80.631,33.6205,19.9186,0,0,1,0
0.2269,6.886,5.3974,0.0215,34.0143,7.1852,0.076,12.556,7.1997,44.3308,41.9981,32.4274,1,0,0,1
0.2705,5.4321,6.8063,0.0261,29.3909,0.9095,0.0525,8.6277,7.7028,109.4759,11.7628,42.3924,1,1,0,0
0.1293,12.5892,3.654,0.0476,27.8536,7.1959,0.3097,11.0498,7.3769,44.1345,23.9713,16.4158,0,0,1,1
0.3146,3.834,4.0776,0.1318,28.3345,6.4828,0.0356,6.0616,4.1403,96.8585,37.2424,41.6352,1,0,1,0
0.1443,1.3453,7.1243,0.0487,9.2908,2.3206,0.0455,7.8298,1.8672,60.6677,38.7743,22.5117,0,0,1,0
0.1257,8.1659,8.2592,0.277,30.9614,7.7869,0.0837,6.9026,2.6025,107.0575,32.5793,7.326,0,0,1,1
0.2822,4.6804,0.4205,0.2687,37.1825,8.6945,0.166,11.6319,1.0091,79.026,14.296,27.6454,1,0,1,1
0.3389,12.5684,2.3161,0.0781,39.4716,7.189,0.2614,14.907,4.8253,99.1622,45.5846,10.1722,1,0,1,1
0.1877,7.5114,6.6787,0.1045,23.3012,4.344,0.2217,12.3708,0.6023,44.9868,12.4044,16.2063,0,0,1,1
0.3076,12.0399,3.7344,0.2469,28.0857,7.2079,0.2657,12.7427,5.0904,46.7959,3.0748,19.8154,1,0,0,1
0.0633,10.8402,2.3548,0.196,21.7596,8.0621,0.3318,14.2658,2.8967,64.0678,18.8664,34.711,1,0,1,0
0.347,7.7219,2.5576,0.1525,14.2363,3.2185,0.3494,5.8257,3.1212,84.3843,30.3571,9.4109,1,0,1,1
0.2396,4.279,5.4447,0.2382,18.7387,7.9543,0.197,9.1255,1.8061,83.8684,34.263,12.0306,0,0,1,1
0.3173,9.5838,3.2553,0.2651,30.7161,8.5221,0.1619,11.0146,5.756,118.236,12.1663,32.1261,1,1,0,1
0.1249,13.4279,9.4638,0.3115,11.8624,7.2771,0.1552,13.8602,0.6257,102.2862,26.5556,43.2281,0,1,1,0
0.1441,8.4698,5.3268,0.3414,10.8656,8.3684,0.2221,8.3724,4.57,30.6395,6.0123,8.5832,0,0,0,1
0.273,12.0396,1.2196,0.3142,6.6736,4.1358,0.0924,6.5617,2.0291,74.8391,21.8975,32.7957,1,1,0,0
0.2298,2.548,4.7167,0.1506,20.2546,5.618,0.3389,3.9689,4.9729,61.5282,25.5675,16.3748,1,0,1,1
0.2683,1.9145,4.6025,0.2107,10.0933,3.9749,0.2652,9.9808,2.1978,87.0597,21.3567,24.9041,1,1,1,0
0.0572,4.3318,7.5142,0.0298,39.9571,6.7485,0.2437,8.8943,2.304,49.4853,44.8194,33.8306,0,0,1,1
0.1062,8.4718,3.2044,0.2717,15.6607,0.9439,0.1172,8.0249,4.896,114.6929,21.8274,32.9942,1,1,0,0
0.2281,4.8741,2.5706,0.2728,33.5854,6.6488,0.269,3.8457,5.7036,67.4621,32.7916,8.1297,1,0,1,1
0.1852,9.3462,8.1059,0.1071,37.0023,2.7271,0.0507,4.3405,6.2915,47.2173,48.9099,29.8579,0,0,1,1
0.1045,5.4046,1.0212,0.0318,6.0544,4.9818,0.0361,14.5253,1.6579,58.9598,27.9256,38.4552,1,0,1,0
0.0659,8.678,1.5547,0.2735,7.4707,7.6533,0.3338,13.9201,7.2695,112.9432,2.1894,5.3633,0,0,0,1
0.1774,7.1621,6.9196,0.0399,25.1855,5.2235,0.0815,7.206,3.9454,110.3591,6.1767,16.2583,0,0,0,1
0.1972,11.3791,2.4539,0.1268,38.9372,3.9087,0.276,13.852,5.5558,33.2574,3.828,28.8471,1,0,0,1
0.2081,10.959,6.2043,0.1162,8.4877,8.3937,0.0599,9.4193,4.9522,91.7694,47.2487,14.3062,0,0,1,1
0.0441,10.6903,6.5345,0.2911,27.3286,4.4866,0.0757,5.4953,3.6406,62.2966,9.809,41.7349,0,1,0,0
0.305,5.546,4.4843,0.0934,26.4161,6.393,0.0239,14.7789,4.2353,51.6789,40.3718,31.3557,1,0,1,1
0.186,8.0911,9.5016,0.3079,30.5705,8.7605,0.0638,4.7654,6.7586,107.5356,36.363,18.0437,0,0,1,1
0.0244,4.9537,5.4557,0.2312,29.6659,3.2334,0.0745,10.382,6.2642,94.601,26.2044,41.845,0,1,0,0
0.2866,3.0052,9.4317,0.1927,39.5387,7.346,0.0229,9.1886,7.1163,37.805,27.2887,26.4667,1,0,0,1
0.1066,2.5695,2.7979,0.0473,36.8528,8.3193,0.3172,13.0025,4.4907,47.6022,20.8714,7.3282,0,0,1,1
0.1236,3.8432,4.6043,0.0624,11.0279,6.866,0.2228,11.5783,4.2049,47.6502,44.1211,35.8825,0,0,1,0
0.3134,8.9605,2.5525,0.0752,21.3798,4.5176,0.2534,9.3394,4.9167,91.9802,4.5146,31.2025,1,0,0,0
0.0782,10.6373,7.3724,0.3259,13.2246,4.9975,0.1068,3.168,1.5662,100.5712,10.4755,23.1777,0,0,1,1
0.2723,3.7708,7.6615,0.1046,36.1578,7.3512,0.3282,9.794,3.5777,38.1236,27.036,31.2006,1,0,1,1
0.1438,14.7974,6.6954,0.0697,7.9499,3.6723,0.1718,3.9144,4.1304,34.6417,26.849,24.2638,0,0,1,0
0.2299,1.8771,5.9812,0.1803,10.6594,7.9695,0.162,7.5489,2.8844,42.5769,49.826,32.1407,0,0,1,0
0.225,4.9137,7.4482,0.2331,12.4302,1.3972,0.2088,13.5833,3.0905,80.9178,34.2625,42.4215,1,1,1,0
0.2947,2.9102,9.022,0.1442,16.7662,7.5955,0.1294,2.1162,1.7264,107.8903,32.0252,15.8008,0,0,1,1
0.2271,2.2119,8.3431,0.1611,28.8942,2.2419,0.0836,9.793,0.7094,97.9165,23.848,34.4533,1,1,1,0
0.1899,8.7942,8.4425,0.2567,30.8129,4.5195,0.0695,8.5883,5.3043,50.7674,25.1263,4.2669,0,0,1,1
0.3226,6.1047,3.4095,0.189,30.4566,9.0911,0.1565,2.7543,3.0263,33.1274,37.0353,37.2439,1,0,1,0
0.3272,4.447,5.4913,0.1334,38.2273,1.8932,0.0941,6.4553,5.8379,75.6885,27.303,43.8727,1,1,0,0
0.0991,9.6136,3.7999,0.2993,10.5557,1.3307,0.1413,3.6464,3.5994,61.5442,45.4629,34.1391,0,1,1,0
0.0257,9.6568,8.6087,0.2713,30.539,3.644,0.1725,4.2135,6.1704,80.6866,45.9122,12.2188,0,0,1,1
0.3125,13.6269,4.4965,0.1431,20.5687,4.8603,0.0683,7.3349,2.0997,40.5342,20.7321,44.09,1,1,0,0
0.2365,14.5184,3.9422,0.2777,36.984,0.6282,0.1885,2.9375,6.1369,73.8165,43.0439,12.5698,0,0,1,1
0.1954,1.8585,6.7401,0.3156,20.4463,5.4277,0.0327,7.224,1.6913,71.7906,13.4555,1.615,0,0,1,1
0.1397,5.4099,8.6403,0.2034,38.4064,9.6723,0.3068,14.1806,6.3958,76.1001,45.718,40.334,0,0,1,1
0.1019,14.946,4.8997,0.1066,12.8311,1.5873,0.1127,4.9958,4.7299,38.1732,46.993,37.3094,0,1,1,0
0.1298,9.0877,1.4391,0.2318,6.2476,0.4565,0.2292,11.5036,1.2327,44.4677,8.1333,33.6227,1,1,1,0
0.1611,14.7629,9.0253,0.0328,26.169,2.446,0.1421,4.3819,3.797,54.4316,33.9575,15.0943,0,0,1,1
0.308,14.656,2.2462,0.2534,9.5275,4.4056,0.0545,9.4431,4.0275,77.2341,34.8216,35.8728,1,1,0,0
0.242,12.6271,7.0131,0.0232,36.4465,9.4537,0.1393,11.1707,7.8617,49.4903,13.6235,17.4097,1,0,0,1
0.1262,4.5896,4.5022,0.3259,23.328,5.075,0.2491,4.4539,2.1213,49.3081,22.5371,34.4006,0,0,1,0
0.1265,4.0038,6.0638,0.0416,26.9532,2.0239,0.2901,4.1069,5.9878,63.465,19.2804,42.9377,0,0,1,0
0.172,11.3592,7.0263,0.2255,22.8984,0.9551,0.1952,11.799,3.2176,90.2838,38.628,23.1633,0,1,1,1
0.0805,1.3021,7.0811,0.2433,12.7125,2.5972,0.2753,9.3645,7.9811,119.2762,18.964,44.7191,0,1,0,0
0.1503,8.9507,4.6948,0.2144,26.3588,5.8456,0.3283,13.7147,4.1188,91.5096,15.9186,8.1583,0,0,1,1
0.2532,5.7882,2.9321,0.19,17.0054,3.2749,0.2008,3.9263,5.0612,87.4446,41.3487,18.1206,1,0,1,1
0.2792,11.9203,0.4107,0.2368,7.2499,8.47,0.0913,10.2508,5.1293,63.062,47.9792,24.3167,1,0,1,0
0.0494,1.8827,1.0743,0.1194,24.0846,9.7252,0.2557,9.5909,5.9285,77.3694,26.016,28.4091,1,0,1,0
0.0922,3.9989,4.8202,0.1886,17.9262,3.5728,0.0463,9.2779,1.3641,46.9025,36.1665,14.3699,0,0,1,1
0.0814,4.4572,3.281,0.2161,10.1733,2.2489,0.3439,5.5504,3.7701,58.5409,35.1991,21.8455,0,1,1,0
0.1065,14.9499,1.5487,0.1917,27.4546,6.3956,0.2774,12.3789,4.9611,83.1691,15.4543,32.8649,1,0,1,1
0.0892,5.9299,9.6846,0.2515,18.7992,9.8841,0.3218,4.9524,3.8517,72.0516,12.3946,25.2295,0,0,1,0
0.0563,14.4973,1.3077,0.2698,27.681,5.234,0.0917,5.3217,1.4182,116.7073,37.8078,44.7174,1,1,1,0
0.043,14.7713,5.6278,0.3121,21.9668,5.4439,0.2409,8.5884,3.0314,115.9394,5.1334,10.1908,0,0,0,1
0.1372,7.0073,9.6031,0.1565,33.0051,5.2737,0.1084,3.4557,2.1285,109.9133,16.9978,44.6967,0,0,1,0
0.2471,3.1992,0.9304,0.1913,39.4297,7.7729,0.0962,4.5369,6.0986,62.1853,13.1676,20.6301,1,0,0,1
0.1091,2.0665,0.6447,0.2962,18.6911,2.6112,0.1787,4.3899,0.6729,59.1846,20.9736,21.1528,1,0,1,0
0.1881,3.118,4.699,0.1527,19.8885,8.6174,0.2608,2.8975,6.7263,31.9065,15.5569,35.0494,1,0,0,0
0.1489,8.7734,0.8326,0.0251,32.9482,6.8749,0.1437,7.7822,5.0331,83.7173,9.66,5.7229,1,0,0,1
0.1874,12.4064,4.6926,0.3455,15.8035,9.6093,0.2888,5.6525,4.2009,37.4742,47.889,38.6473,1,1,1,0
0.136,14.305,6.894,0.1275,25.9647,1.1555,0.1436,8.0883,3.6186,54.4105,11.3572,3.8731,0,0,1,1
0.1147,6.3954,1.5031,0.19,31.87,2.0093,0.0656,12.1392,6.036,64.5765,32.7219,23.0194,1,1,0,1
0.1355,11.8252,2.8467,0.0353,32.1332,1.1804,0.0542,11.1522,5.9914,55.3438,4.1609,39.7682,1,0,0,1
0.0522,3.1743,7.5834,0.2103,19.2439,8.2735,0.3066,8.5673,1.6164,61.2531,25.1205,3.2683,0,0,1,1
0.2645,5.8157,4.9431,0.0408,14.7493,8.7568,0.0499,6.7859,3.0478,38.8798,14.6088,14.982,1,0,0,1
0.2455,12.8988,0.6307,0.3067,25.5703,6.6203,0.2653,3.3083,4.8246,113.6704,39.8584,8.8847,1,0,1,1
0.1186,6.884,4.1952,0.2855,18.1575,8.6489,0.3144,7.6962,2.3656,35.1648,8.6272,14.8727,0,0,1,1
0.2295,5.9046,8.0266,0.2379,22.0382,7.0699,0.3339,7.1908,4.5448,90.1154,24.833,33.2522,0,0,1,0
0.3133,6.0208,1.9779,0.1287,16.8349,7.5244,0.1979,2.0793,3.536,84.72,46.0184,27.8417,1,0,1,0
0.1878,7.2321,7.3392,0.1184,16.7122,8.3572,0.1572,3.6773,7.0647,59.0921,21.3943,33.7295,0,0,1,0
0.0753,10.0903,7.6492,0.2224,18.0357,7.4208,0.1329,10.1657,3.3399,84.5102,22.6184,31.8347,0,0,1,0
0.0847,8.5017,4.1005,0.2154,6.3091,8.9586,0.2321,9.6811,5.2335,76.9166,9.2637,18.5244,0,0,0,0
0.1613,6.4756,2.6397,0.0384,37.1241,4.6459,0.1077,14.2032,1.6704,97.7299,22.5629,41.2202,1,0,1,1
0.3469,13.9278,0.9511,0.3043,30.0182,2.2369,0.0638,2.6919,4.5945,67.7308,30.6602,2.157,0,0,1,1
0.2919,11.477,8.9995,0.0287,22.8486,9.6779,0.1286,11.4193,0.8205,69.7143,31.2227,38.5448,1,0,1,0
0.1207,9.9705,8.5661,0.1404,10.3109,9.3407,0.1423,3.1424,2.66,51.5902,3.2832,22.9825,0,0,0,0
0.3253,5.3604,8.5379,0.266,5.5481,4.5575,0.1647,7.3135,1.3189,77.7711,48.0244,24.7454,0,0,1,0
0.2513,6.3883,1.5856,0.2891,6.6432,8.6806,0.1363,11.9832,3.2566,96.008,13.2935,16.9688,1,0,1,0
0.1732,3.4802,8.8603,0.0371,32.3572,6.3381,0.0292,10.9445,2.0954,101.381,41.2263,34.991,0,0,1,1
0.3454,2.9297,2.5531,0.1119,37.4325,8.7583,0.2947,9.4528,1.4666,56.0187,11.4317,27.193,1,0,1,1
0.3479,14.7581,7.3017,0.1247,37.4242,9.5789,0.2931,2.9911,4.0223,48.9454,17.7681,29.292,1,0,1,1
0.1681,7.4631,7.9445,0.1393,36.6065,9.4555,0.3213,13.9867,1.6762,36.7188,36.6559,2.9058,0,0,1,1
0.2692,12.1126,6.6176,0.2889,33.4371,7.9527,0.1246,5.2817,5.6317,31.3196,10.9847,25.2728,1,0,0,1
0.1471,5.9143,3.1606,0.2275,15.8293,7.5518,0.0267,13.7812,5.2252,116.3803,38.6417,35.7679,1,1,0,0
0.2698,5.3508,0.6886,0.237,35.554,1.6159,0.1217,12.9116,0.6752,84.8848,2.875,9.0434,1,0,1,1
0.1454,14.4431,1.3439,0.3096,21.7469,6.1517,0.272,3.6554,3.5449,99.354,19.8927,18.9926,1,0,1,1
0.2123,8.4009,5.5746,0.1513,23.484,6.217,0.0476,8.2875,7.4053,59.8456,5.519,31.8361,1,0,0,1
0.1646,13.4678,2.8103,0.0376,33.2494,9.6522,0.1714,6.086,6.384,109.2303,4.666,44.5017,1,0,0,1
0.2208,4.6517,1.3282,0.0667,24.7838,1.9644,0.1716,6.6254,2.7411,110.0641,34.7177,25.3071,1,0,1,1
0.1035,3.3962,1.3299,0.1208,39.904,2.2391,0.044,4.6316,4.5247,58.6071,38.5851,15.6704,1,0,1,1
0.1772,13.0514,1.9737,0.2411,32.5342,3.9014,0.1849,5.138,5.5356,112.708,11.2519,6.2112,0,0,0,1
0.3127,7.5261,8.6375,0.297,39.5753,0.5227,0.3347,11.5799,2.3464,72.2672,12.049,6.9253,0,0,1,1
0.1894,10.8528,5.1885,0.3116,34.2014,9.9964,0.278,2.9055,2.1821,82.6299,34.9781,7.2834,0,0,1,1
0.2743,5.3077,5.666,0.02,13.5227,8.4968,0.0991,10.9644,5.9594,73.6384,35.7587,24.6418,1,0,0,0
0.2126,4.5405,1.5698,0.0266,32.7415,1.072,0.1894,3.5426,2.6065,85.8544,45.2361,8.9474,1,0,1,1
0.2496,8.5799,6.7286,0.1985,11.5905,2.114,0.2208,8.4954,7.135,83.4693,9.6776,41.7488,1,1,0,0
0.1631,9.0772,2.1641,0.2385,28.3659,6.4233,0.2291,5.801,6.4894,77.5635,8.551,39.5212,1,1,0,0
0.0873,4.2788,9.4235,0.0218,5.8293,4.9329,0.0672,11.0814,7.0993,111.4263,22.0838,2.4639,0,0,0,1
0.1019,13.6861,4.2767,0.2199,27.7734,0.4159,0.3053,2.6405,7.3957,56.53,26.4309,16.3215,0,0,1,1
0.2021,11.3368,0.3072,0.0794,27.6456,3.9465,0.286,6.1287,7.3487,77.1817,20.1862,18.6057,1,0,0,1
0.0505,3.023,8.0431,0.3152,20.0238,3.4283,0.0371,10.6058,5.7049,113.7219,18.7527,19.2651,0,1,0,1
0.0488,9.6889,0.6549,0.126,24.0306,3.504,0.2828,3.1211,3.3312,107.9633,22.8259,35.1294,1,0,1,0
0.3021,5.0258,5.9943,0.232,27.0635,0.4986,0.279,11.2223,3.4079,71.7498,27.8517,4.8942,0,0,1,1
0.1304,11.8729,2.2527,0.2167,18.0544,4.1261,0.0314,4.2001,3.8621,118.3605,23.4271,12.8397,0,0,1,1
0.3396,1.0911,8.2973,0.21,12.8034,1.6085,0.1225,14.8963,7.3313,40.2088,14.3239,18.6644,1,1,0,0
0.2991,4.1331,2.3419,0.0675,20.229,2.0645,0.2761,6.3262,0.7348,74.3613,41.4022,16.2325,1,0,1,1
0.0737,13.2714,4.1217,0.3214,15.3805,3.0259,0.1781,6.3373,7.8427,69.2533,23.2404,2.2285,0,0,1,1
0.1744,5.6059,4.4074,0.3199,36.2105,6.4671,0.1685,3.1039,2.2987,104.9856,13.5978,21.0221,0,0,1,1
0.2683,13.251,5.3227,0.1791,15.1509,9.0673,0.2594,7.5491,2.6758,103.9744,6.1224,23.796,1,0,0,1
0.3246,5.0805,2.2253,0.348,19.7511,9.7776,0.0832,13.3684,7.0961,58.2465,41.0031,37.2983,1,1,0,0
0.0852,5.8698,3.4791,0.197,32.8152,9.491,0.3075,5.198,7.226,58.8671,42.9645,27.8448,0,0,1,1
0.2208,6.1548,9.6656,0.1745,22.2365,9.4455,0.156,9.7095,5.3553,71.391,10.4731,25.0634,0,0,0,1
0.186,9.2905,7.4642,0.2405,35.8678,8.9904,0.2597,6.8116,5.5571,116.6322,21.701,37.06,1,0,1,1
0.1031,10.0535,4.1086,0.3361,5.4704,5.0527,0.1856,14.6861,2.1977,89.428,27.2863,8.2329,0,1,1,1
0.0812,9.4542,5.6142,0.1551,19.0549,0.3147,0.2805,11.0684,5.8613,65.4243,8.3224,34.0471,0,1,0,0
0.2864,7.0437,2.5182,0.1435,20.4052,2.2258,0.2787,7.1378,5.4206,104.7599,12.0719,8.0872,1,0,0,1
0.0224,12.6089,7.0352,0.2758,21.8353,3.9512,0.2888,2.113,7.0149,89.6529,38.7658,17.6046,0,0,1,1
0.0957,5.3523,3.2867,0.2726,29.2624,8.5815,0.1324,11.9255,0.64,42.117,21.9275,23.3853,0,0,1,1
0.1859,6.3443,0.5852,0.1159,24.8204,6.4986,0.107,10.2267,7.2956,48.2474,32.9844,19.094,1,0,0,1
0.2456,2.3578,4.1263,0.3437,5.8475,7.4815,0.0535,14.4114,1.0552,54.0531,21.2651,33.9231,1,1,1,0
0.0538,13.361,7.856,0.1072,13.1839,1.296,0.191,7.7425,4.3663,41.2556,5.3183,24.5628,0,1,0,1
0.2452,6.4842,7.4019,0.1028,10.9163,5.8344,0.2283,9.9193,5.1614,65.8527,44.7775,16.687,0,0,1,1
0.2964,5.4454,6.6226,0.1627,9.0572,1.7343,0.3038,5.932,4.5638,80.6155,28.9385,10.9621,0,1,1,1
0.2898,5.6926,9.0731,0.3285,18.893,5.5293,0.2755,13.9909,0.9916,119.1372,22.5267,36.1207,1,1,1,0
0.2537,1.8905,6.9205,0.0307,23.0452,4.0021,0.0368,7.9771,7.1569,110.8437,44.2679,35.9742,1,0,0,0
0.0358,11.8007,0.3855,0.138,7.1281,4.8153,0.0688,11.3719,2.581,97.2884,28.6076,23.5705,1,0,1,0
0.2806,13.6909,4.0142,0.1226,23.4067,8.1252,0.1303,9.6468,2.3039,87.697,13.0565,29.6463,1,0,1,1
0.1439,7.0146,0.928,0.3366,21.2478,0.8745,0.2723,10.325,1.6822,71.6892,49.1503,22.534,1,1,1,1
0.308,10.1831,7.1977,0.1673,29.7089,5.4058,0.2377,12.9919,3.5248,56.9301,34.8008,1.9035,0,0,1,1
0.0553,2.8263,8.5249,0.0242,27.6386,5.7199,0.0837,2.1052,5.8714,67.2298,36.4936,26.9351,0,0,0,1
0.0569,6.053,8.0965,0.3019,13.8915,4.8126,0.1734,8.2779,2.2347,48.5629,35.639,7.0254,0,0,1,1
0.2906,12.2016,1.5958,0.2661,18.1415,5.7095,0.2376,11.2986,7.8201,52.9359,20.5803,34.8951,1,1,0,0
0.2237,1.2819,6.5231,0.2932,23.9065,1.3899,0.0248,12.923,2.3641,79.708,18.3313,11.2267,1,1,0,1
0.3013,14.3921,4.5964,0.0274,7.2249,9.368,0.0485,3.5714,3.0304,77.5486,32.7274,40.2181,0,0,1,0
0.1312,11.6327,5.2502,0.3294,32.2521,5.3791,0.1161,14.6593,6.2804,91.9782,12.6821,2.8084,0,0,0,1
0.0986,3.1537,9.1695,0.0518,33.9943,4.1305,0.147,6.1159,7.116,73.8742,11.234,18.1654,0,0,0,1
0.137,3.3622,9.9277,0.2623,5.3607,3.093,0.3348,12.8988,5.603,90.6778,21.2515,13.7153,0,1,1,0
0.2324,3.0561,5.6688,0.2334,34.1676,5.0438,0.2141,11.8229,5.8715,97.7111,21.6671,28.0448,1,1,0,1
0.1993,11.9123,0.8096,0.2123,14.1935,1.7324,0.105,5.6321,1.9626,73.5272,43.2126,6.6585,0,0,1,1
0.1261,5.5669,5.1226,0.0806,19.0873,3.6877,0.179,2.2853,5.103,45.3821,43.8495,18.5728,0,0,1,1
0.3249,9.9302,5.1951,0.1591,16.6662,7.4601,0.343,14.8521,1.1672,89.0623,8.8628,9.6953,0,0,1,1
0.029,5.2721,4.8821,0.2562,31.6262,6.4904,0.143,5.8498,7.258,95.2757,27.1538,14.6706,0,0,1,1
0.1948,8.624,1.2882,0.3266,13.3821,6.5644,0.2379,3.216,4.3708,47.3909,14.035,24.9389,1,1,0,0
0.34,4.728,1.7658,0.2668,32.3838,8.9784,0.0801,13.6243,5.6176,73.7294,3.8222,35.2931,1,0,0,1
0.3318,11.3535,5.2357,0.082,16.4954,7.7555,0.0823,4.1258,1.1962,73.8537,20.3636,18.7791,0,0,1,1
0.2699,1.3822,1.2359,0.2955,13.2353,2.6035,0.1877,8.1641,5.3989,97.0893,31.6897,6.6416,1,1,1,1
0.2796,12.7175,4.9181,0.0674,12.8492,1.3759,0.3077,11.4111,2.8056,115.8092,23.1203,28.491,1,1,1,0
0.2347,10.1029,1.648,0.0711,20.6623,2.9876,0.0616,11.38,5.8669,33.6566,18.4718,2.6254,1,0,0,1
0.0594,8.6461,8.343,0.1902,13.6762,7.1253,0.0336,10.1951,5.2454,115.2683,29.8832,31.4796,0,0,1,0
0.0341,3.4579,8.2569,0.1364,10.3647,0.9951,0.073,9.254,2.0858,46.1053,37.8186,19.4702,0,1,1,0
0.2863,3.3169,9.6037,0.1872,9.511,2.3997,0.107,14.4198,6.1269,75.8358,31.406,23.284,1,1,0,0
0.1562,9.6916,2.0845,0.1196,39.034,2.5533,0.2164,3.9191,4.4174,59.1148,37.9456,19.1738,1,0,1,1
0.2735,6.6109,5.1337,0.3391,7.0419,4.6526,0.2126,13.246,3.0959,58.471,29.7512,26.9685,1,1,1,0
0.1748,3.8564,9.527,0.2598,20.1851,4.6211,0.0358,14.6778,3.2205,110.5144,27.6149,24.12,1,1,0,0
0.1065,6.097,1.1421,0.3327,9.0062,3.6083,0.1476,7.108,1.7223,84.5547,46.5266,44.258,1,1,1,0
0.067,4.2802,2.4997,0.3259,31.0618,4.4408,0.3461,3.5103,7.0912,86.7654,29.5284,4.2911,0,0,1,1
0.1764,8.798,6.9365,0.0834,34.5044,5.648,0.1825,6.2281,3.623,30.8193,34.6023,39.343,1,0,1,1
0.1108,8.969,6.7858,0.275,8.1874,6.7539,0.1425,13.3608,4.4246,77.5947,35.8891,39.1404,0,1,1,0
0.024,14.9616,6.9675,0.1004,16.5587,4.508,0.1797,5.7535,6.6052,109.5193,12.1362,7.0613,0,0,0,1
0.0232,2.3192,8.0945,0.1966,13.4655,7.9432,0.3048,2.3385,4.6938,79.9229,32.7526,11.2669,0,0,1,1
0.1319,9.674,0.532,0.2544,34.1304,9.5423,0.157,6.2522,3.4828,65.7778,26.433,7.3094,1,0,1,1
0.2896,6.4649,8.5771,0.2579,20.2633,5.6473,0.1336,14.5529,6.4111,57.6865,24.7921,17.8058,1,1,0,1
0.3063,13.0022,9.3107,0.1808,18.5535,9.3766,0.1906,6.6426,5.9751,77.2932,34.5869,42.9959,1,0,1,0
0.2093,1.6011,8.3124,0.1684,21.1301,0.6362,0.3343,13.5877,4.3981,32.0106,7.7479,2.2777,0,0,0,1
0.117,10.975,7.5422,0.2149,36.5368,1.9838,0.1921,5.3829,7.1566,90.3996,29.9537,29.0713,0,0,1,1
0.068,1.2032,5.4337,0.1787,13.4524,3.1617,0.3064,2.362,5.7236,35.8421,6.5031,3.5194,0,0,0,1
0.172,9.8774,7.7514,0.0304,12.1914,0.3119,0.1687,8.9222,6.9449,67.7832,9.0658,28.9401,0,1,0,0
0.1233,10.6239,6.2523,0.1656,29.8006,8.8813,0.0421,10.1469,4.0493,79.8017,18.976,35.9503,0,0,1,1
0.0658,12.6297,6.2108,0.3124,28.634,9.339,0.2093,6.1635,5.6488,100.5495,49.1418,19.0543,0,0,1,1
0.1225,4.0901,4.0259,0.0757,18.0527,9.896,0.2473,10.9198,0.5131,100.3085,20.1481,20.1161,0,0,1,1
0.0445,8.5673,3.9402,0.3291,32.2047,6.9416,0.0807,2.1416,7.9635,82.8836,32.3226,17.9302,0,0,1,1
0.1955,8.68,1.6715,0.1174,17.5074,0.6121,0.2001,11.355,1.547,119.1648,28.123,10.0082,1,1,1,1
0.2685,1.8296,5.514,0.2604,10.1299,3.0328,0.1134,9.113,1.9233,66.4208,30.2677,22.6575,1,1,1,0
0.0663,6.256,2.562,0.1454,13.0672,1.6071,0.3167,3.7182,6.3096,50.0872,37.6438,25.9331,0,1,1,0
0.0675,10.03,0.9363,0.061,37.2607,2.9426,0.2462,8.4754,7.3099,113.5888,14.6078,41.8783,1,0,0,1
0.2094,14.9734,3.9294,0.3186,33.2759,3.7525,0.2288,9.9748,2.7818,54.0355,46.3119,43.7398,1,1,1,1
0.275,13.0006,9.809,0.1805,30.3582,4.7914,0.2252,14.499,6.2707,100.1742,16.4804,5.8141,0,0,1,1
0.2428,8.1763,3.2021,0.2381,36.0147,9.2021,0.3232,2.0787,4.2751,107.1452,36.9032,22.1909,1,0,1,1
0.0579,4.0682,7.2768,0.024,16.4334,9.4739,0.346,12.8667,6.4286,89.0825,31.2482,24.6401,0,0,1,0
0.3415,3.6766,9.7992,0.2959,6.277,9.5103,0.341,4.5186,2.559,114.1686,20.3319,10.8056,0,0,1,0
0.1021,9.7546,8.0012,0.2062,28.6871,2.6102,0.0986,10.4718,1.0469,75.2016,46.4965,29.1989,0,0,1,1
0.2365,11.5148,4.6317,0.2872,5.1838,2.6773,0.311,5.4945,2.0342,53.5607,49.2373,34.4865,0,1,1,0
0.1061,11.857,2.0496,0.2158,33.1417,7.4322,0.2146,13.8122,2.6419,107.4829,49.5671,26.9106,1,0,1,1
0.1671,4.7722,8.4791,0.2265,33.2865,4.8477,0.2278,7.9101,5.0966,56.6317,20.3786,40.3687,1,1,0,0
0.1471,4.5294,8.476,0.2875,16.0857,2.4735,0.1664,14.9603,3.7005,83.2293,34.6275,39.5584,0,1,1,0
0.1103,13.7272,2.9376,0.3369,5.5963,5.8484,0.2459,2.2319,2.1291,88.2798,9.9444,28.8707,0,1,1,0
0.1911,11.2237,2.7002,0.0475,37.3156,2.4316,0.0245,6.9622,1.748,33.2204,27.4576,4.8349,0,0,1,1
0.2033,5.7919,0.4773,0.0227,5.0101,9.4372,0.2963,12.8341,3.9221,48.2398,23.7726,43.1344,1,0,1,0
0.0876,11.5467,3.6267,0.2456,36.138,1.3382,0.1819,4.9507,2.0727,36.709,48.7091,21.9507,0,0,1,1
0.3446,5.2213,8.5595,0.0864,34.6282,8.3584,0.21,11.3538,2.0033,90.9895,5.5549,17.363,1,0,0,1
0.0384,13.877,7.6354,0.2312,36.7859,0.3291,0.2941,12.8207,5.1075,100.1577,48.7511,22.0918,0,1,1,1
0.1461,6.4911,3.8285,0.2357,34.8488,4.5698,0.3312,10.1475,6.1491,94.5191,32.6692,21.786,1,0,1,1
0.3084,5.1905,2.7302,0.2389,16.2301,2.453,0.0986,10.9817,7.4798,91.1682,11.8127,9.7086,1,1,0,1
0.1301,14.9387,1.417,0.0811,39.9885,4.8867,0.0396,13.5779,4.3192,118.7254,32.126,38.4976,1,0,0,1
0.2342,5.9359,2.2373,0.1122,6.8711,2.9493,0.3089,14.3594,1.6782,89.8439,33.649,35.2455,1,1,1,0
0.2793,6.6979,4.9932,0.0707,27.331,2.3443,0.1497,2.1139,4.7646,83.1315,5.5006,42.8939,1,0,0,0
0.0364,2.6507,8.4358,0.1953,33.5088,6.473,0.049,10.6599,0.8283,60.2083,37.8904,5.2522,0,0,1,1
0.3187,7.0463,3.3622,0.0323,19.4904,5.0422,0.3212,9.046,4.2436,36.379,25.2989,40.7109,1,0,1,0
0.1416,5.6018,5.7771,0.2637,5.6809,9.6163,0.3107,10.1782,2.8704,76.0778,10.3166,27.5038,0,0,1,0
0.3041,10.852,7.8282,0.1312,31.1054,3.1822,0.2491,2.1947,2.5962,85.5706,31.1088,35.3493,1,1,1,1
0.0593,8.2784,7.1116,0.0252,32.1196,2.9865,0.3106,9.6743,1.7926,95.1485,45.8363,27.2166,0,0,1,1
0.3081,6.7169,5.8123,0.33,11.7352,0.4695,0.2588,8.2676,6.8124,105.5083,2.8788,14.1358,1,1,0,1
0.3423,13.8858,5.0629,0.0741,14.4926,2.7329,0.1722,11.2998,5.8803,84.79,20.1005,23.3513,1,1,0,1
0.3396,7.1212,9.2721,0.3158,24.5706,4.7684,0.0603,9.2551,4.9947,86.6545,15.2446,14.9167,1,1,0,1
0.0993,2.8436,6.9848,0.3027,10.7115,8.7291,0.1303,11.7408,2.5116,91.0253,16.6402,33.9922,0,0,1,0
0.2269,1.9814,2.5708,0.1562,30.9627,1.2232,0.1377,5.8195,7.4171,44.6203,35.9619,4.7692,1,0,1,1
0.3019,3.6777,1.4096,0.0541,18.3797,4.8015,0.1858,14.2923,1.3949,116.3472,11.8497,29.1994,1,0,1,0
0.2546,14.0723,8.492,0.1339,18.1518,2.382,0.2499,11.9731,6.6113,59.4127,41.176,15.3469,0,0,1,1
0.0942,9.6215,3.8074,0.1047,25.2179,1.5432,0.2889,14.0135,7.9449,94.7181,11.5563,39.652,1,1,0,0
0.2196,10.3621,8.8902,0.3314,9.1927,9.595,0.0314,9.0578,7.1109,118.3502,26.132,32.1252,1,1,0,0
0.2071,13.6943,8.983,0.2619,31.358,2.2887,0.2704,12.7334,2.1436,60.3505,37.5712,40.0075,1,1,1,1
0.1241,8.1087,8.204,0.2959,14.0425,5.5943,0.3223,12.3332,4.2428,95.9588,24.9343,9.8525,0,0,1,1
0.217,13.4651,4.9598,0.0338,26.6372,3.5768,0.0932,12.3698,5.4434,45.811,32.6555,1.6426,0,0,1,1
0.049,9.0128,6.4296,0.2887,20.6505,3.6836,0.0632,6.3163,2.6394,54.7045,38.6406,29.7947,0,1,1,0
0.3225,3.1297,1.4793,0.0691,34.6196,3.6855,0.2805,4.8179,0.7515,89.2481,15.2661,12.1401,1,0,1,1
0.0989,3.6457,3.9576,0.2414,30.4909,9.3522,0.05,13.3585,6.8342,74.6559,43.3524,8.403,0,0,1,1
0.1788,5.8729,8.8716,0.2084,14.377,8.5018,0.1796,12.1938,5.4787,105.8062,13.6734,39.1305,0,0,1,0
0.2024,10.913,9.2953,0.0972,8.1626,4.1216,0.0402,2.8084,4.6009,114.5544,37.6893,33.2095,0,0,1,0
0.0736,3.9077,2.4663,0.1265,29.8316,1.7232,0.1243,13.7755,5.6002,35.0012,28.0713,32.0404,1,1,0,1
0.204,11.6778,3.8345,0.159,9.9082,4.4324,0.059,10.6887,3.5481,54.6656,5.3069,30.1929,1,1,0,0
0.0976,11.3678,2.2267,0.0867,9.8621,3.9697,0.3213,8.4174,1.8792,38.7871,19.4932,20.2391,0,0,1,1
0.3233,5.024,2.1127,0.2751,11.7849,7.4049,0.0583,2.8547,4.1348,30.439,32.1575,42.1625,1,0,1,0
0.2781,12.6522,3.3532,0.0564,7.3686,3.757,0.2289,11.9916,2.349,105.6258,15.5908,41.0768,1,0,1,0
0.2405,2.988,7.6244,0.2659,38.4129,6.5805,0.1254,9.4937,4.8337,81.049,4.0602,13.6398,0,0,0,1
0.1107,4.8562,8.3161,0.2476,27.0929,5.8187,0.2942,14.5712,1.319,119.8743,32.7536,17.1758,0,0,1,1
0.147,14.9811,9.053,0.2932,37.3283,2.1875,0.3471,4.172,1.7655,52.9102,18.2612,13.3922,0,0,1,1
0.2106,11.8792,6.1864,0.0939,34.926,9.5855,0.126,5.883,7.7815,64.7222,9.1646,41.5748,1,0,0,1
0.3183,7.4722,7.6472,0.2556,22.5677,4.3112,0.1304,6.441,1.6597,31.445,38.9244,10.8436,0,0,1,1
0.2491,3.3608,1.743,0.3366,34.3872,4.2642,0.1453,3.7679,4.7093,31.5485,47.7996,23.5508,1,0,1,1
0.0492,10.8052,1.7032,0.1009,7.3208,7.1434,0.2948,14.537,5.4248,116.6216,39.5876,10.881,0,0,1,1
0.144,13.705,4.3366,0.1793,38.5322,0.9702,0.0621,9.9722,7.709,62.6995,23.387,2.0182,0,0,1,1
0.0971,9.8534,9.7795,0.3441,31.15,3.194,0.1346,12.1688,6.1198,113.9742,36.813,33.1314,0,1,1,1
0.3304,14.2554,2.7298,0.2426,34.3445,8.9027,0.3051,12.6555,2.287,80.0882,7.9611,28.9414,1,0,1,1
0.2993,12.7418,3.1672,0.0456,16.0248,4.6654,0.0726,12.9524,1.5567,44.5404,31.8265,9.4142,1,0,1,1
0.3076,10.8432,3.8484,0.2407,34.4382,8.6205,0.1979,8.3915,1.9169,106.8275,49.1707,18.6096,1,0,1,1
0.1528,10.1928,7.2692,0.3426,12.7026,3.9295,0.041,12.0262,7.1435,70.5754,11.085,8.3845,0,1,0,1
0.3398,12.1673,3.9512,0.2728,26.0167,9.7174,0.1108,5.3021,6.7171,119.5911,49.1577,14.7253,1,0,1,1
0.2438,5.3108,3.544,0.3267,34.7613,1.8401,0.1494,9.735,2.5686,105.4011,42.7305,33.0648,1,1,1,1
0.2306,8.8865,6.2232,0.1728,39.0795,4.4422,0.0782,12.5822,4.0632,75.2735,12.8938,7.6123,0,0,1,1
0.2335,4.0492,9.9339,0.0694,19.0881,7.1279,0.0867,5.8221,4.3763,97.0559,20.2943,31.4835,0,0,1,0
0.0915,13.289,3.7419,0.2219,6.0566,2.9715,0.1132,3.4362,3.2977,71.1496,22.7621,24.8813,0,1,1,0
0.0239,6.288,8.7992,0.2611,29.2214,4.8618,0.1026,13.6175,5.5782,44.1048,29.7648,21.8426,0,0,1,1
0.3197,7.6126,1.8726,0.1113,31.4115,7.862,0.0346,14.3946,2.7811,116.7278,37.0364,10.0812,1,0,1,1
0.2564,8.2277,4.9341,0.3069,24.2332,6.1155,0.1687,9.1618,7.7433,108.1298,12.3229,6.9686,1,0,0,1
0.2364,5.1166,6.4935,0.2746,21.8601,9.522,0.039,7.4668,4.2171,118.0628,2.4435,1.7387,0,0,0,1
0.3171,3.6673,7.0107,0.0955,26.6367,4.4769,0.2587,13.242,2.8414,55.1362,4.021,10.1417,1,0,0,1
0.3475,14.8733,6.2445,0.0961,14.4156,2.4919,0.0858,10.4566,6.9196,94.5829,17.5386,19.8555,1,1,0,1
0.2519,7.4411,1.6969,0.2184,8.9494,8.252,0.0341,4.3532,4.5306,32.5728,15.9687,31.5509,1,0,0,0
0.1592,14.3427,5.0531,0.3215,32.7365,1.456,0.0293,9.2309,0.8679,62.7374,8.0256,36.5709,1,1,0,1
0.2982,3.8312,1.8529,0.3269,13.2207,4.1061,0.0365,8.5645,4.9552,70.4723,49.2127,4.5315,1,1,0,1
0.2288,5.6096,3.157,0.3359,14.1257,6.1412,0.0972,7.7456,1.2843,31.7284,2.022,38.888,1,1,0,0
0.2337,1.8764,1.3099,0.1092,24.7627,4.0257,0.1056,9.9927,3.5769,93.0832,17.1489,26.0939,1,0,0,1
0.3497,3.8605,5.8567,0.1115,22.4735,3.7132,0.3387,13.5715,7.8365,114.9747,33.1796,43.9848,1,1,1,0
0.105,7.4847,9.915,0.3009,7.7001,9.3281,0.088,11.2934,5.4549,46.3951,39.1598,21.2016,0,0,1,0
0.1014,10.8185,7.1986,0.2295,11.6501,4.7652,0.1435,10.3936,1.0425,111.497,28.6426,4.1867,0,0,1,1
0.2143,2.6399,4.1938,0.0536,38.5697,1.371,0.162,11.5747,0.7701,49.1569,44.5246,14.6141,1,0,1,1
0.3445,12.3695,8.9875,0.0238,34.2887,9.2424,0.2185,3.6721,2.1225,32.4373,13.4241,37.2254,1,0,1,1
0.1042,14.072,6.3254,0.1,13.1546,7.6629,0.2496,13.0835,1.5836,118.6976,35.0197,14.2353,0,0,1,1
0.1471,7.6758,2.1271,0.2852,26.599,9.2688,0.1301,2.6061,2.7012,102.275,32.8267,2.2341,0,0,1,1
0.119,2.7387,9.9497,0.1273,10.3094,7.9607,0.1433,11.9603,7.5255,82.1622,28.036,31.1511,0,0,1,0
0.2748,12.9088,2.4005,0.1787,33.1631,5.0293,0.3218,9.2717,6.3596,75.7703,21.8361,8.8699,1,0,1,1
0.3481,11.5255,4.2903,0.2745,27.1046,5.669,0.1576,11.1006,4.9122,100.1261,14.3596,11.254,1,0,1,1
0.2723,7.1596,0.5888,0.2304,20.0712,3.61,0.2987,9.9,3.1529,104.6793,5.3815,17.0778,1,1,0,1
0.1405,7.6385,5.7585,0.1223,14.9644,1.429,0.076,4.7669,1.1499,38.4651,45.2937,6.5261,0,0,1,1
0.065,6.8016,0.7683,0.1094,39.8978,4.6487,0.3165,14.2389,2.216,80.1021,39.8224,3.3525,1,0,1,1
0.3469,14.0641,5.1551,0.2708,19.2683,5.6905,0.2052,9.9393,5.2616,43.2327,6.4118,24.5923,1,1,0,1
0.0935,5.6162,7.0818,0.1237,14.4004,3.2206,0.3431,2.8843,1.706,100.4962,10.4697,43.5267,0,0,1,0
0.2402,6.4176,4.6957,0.066,13.6898,4.9668,0.0305,5.9858,6.1873,51.8632,5.9779,20.2538,1,0,0,0
0.1623,4.0632,5.8252,0.2634,10.3446,2.9324,0.1402,8.542,0.6326,77.3566,4.7104,4.4937,0,0,1,1
0.246,7.2661,9.7315,0.1395,35.3612,2.6706,0.2103,5.8038,5.0893,81.4813,5.5289,21.9488,0,0,0,1
0.048,11.5382,1.1674,0.0851,23.0083,3.8591,0.3477,8.1258,2.7122,106.08,11.2711,10.436,0,0,1,1
0.1855,10.8902,2.2291,0.1142,6.8954,4.6417,0.1974,6.6194,5.6054,108.5721,31.8522,35.6258,1,0,1,0
0.3098,9.2565,9.2786,0.0258,24.114,9.0532,0.3488,8.7739,3.3829,80.2728,14.4185,4.1471,0,0,1,1
0.3361,7.3122,8.8507,0.2835,16.9103,0.9118,0.2026,10.2998,6.0245,36.5342,32.8284,17.1,1,1,1,1
0.1548,9.9229,1.9461,0.0776,9.4245,8.7227,0.3054,10.8224,0.911,60.6847,11.5769,8.0089,0,0,1,1
0.1683,2.2225,4.6661,0.2911,26.5251,4.2205,0.2377,2.3933,6.9035,58.7474,30.9211,41.0608,1,1,1,0
0.3065,5.9593,7.4908,0.1495,13.8763,3.8059,0.317,10.2063,6.7312,53.1103,7.1733,11.0254,0,0,0,1
0.2071,7.6333,6.6287,0.2086,37.3089,5.9262,0.2965,12.1952,1.9622,110.0259,26.9225,36.4723,1,0,1,1
0.0914,13.1527,2.2891,0.1265,34.2659,8.3394,0.3225,13.6048,1.939,95.7051,23.3108,1.1154,0,0,1,1
0.1514,3.6253,3.7041,0.0965,12.1,4.6031,0.0908,2.3463,2.9982,40.8345,33.0498,11.2229,0,0,1,1
0.0964,5.2583,5.5598,0.1308,25.7852,1.4533,0.072,14.0493,6.9303,44.2069,27.7392,3.1163,0,1,0,1
0.1945,10.8264,3.7319,0.3356,28.7554,9.4646,0.2455,4.968,6.7321,33.7701,31.5216,35.2639,1,0,1,1
0.3403,5.8301,3.0614,0.0477,38.4389,9.383,0.3183,6.7494,2.2375,70.8378,3.5413,26.9229,1,0,0,1
0.1049,4.2235,2.4566,0.2876,7.4379,5.777,0.1977,14.7623,6.9299,44.4165,48.6667,42.3595,1,1,1,0
0.1803,10.8607,9.9325,0.1132,36.4655,9.3505,0.1323,13.0806,5.9161,68.3102,44.1088,15.1758,0,0,1,1
0.1488,8.4024,7.6434,0.2831,33.0163,1.67,0.1214,14.0454,3.5235,101.6446,19.7421,13.958,0,0,1,1
0.0793,10.0053,5.981,0.1208,13.2303,5.8594,0.1382,12.7243,4.2726,50.6425,3.5144,13.5646,0,0,0,1
0.0226,14.6391,3.1158,0.1488,12.0824,1.3918,0.2593,14.3716,3.6491,47.157,45.1262,22.454,0,1,1,1
0.2659,12.3769,3.2898,0.0675,6.5638,6.0274,0.2803,4.1774,5.263,87.0113,27.3098,2.3521,0,0,1,1
0.1994,7.2872,4.5184,0.1454,14.8024,8.8101,0.1318,8.6848,1.2886,39.3664,21.2869,2.8863,0,0,1,1
0.0656,12.746,1.2034,0.0535,21.9339,2.7385,0.1412,9.6031,6.1238,91.3024,46.8688,24.3565,1,0,1,1
0.2675,12.4687,6.7217,0.0974,15.8677,5.1243,0.2834,13.4307,2.2022,97.6557,5.0078,9.1637,0,0,1,1
0.2104,11.7145,8.619,0.1814,11.1848,0.8201,0.1267,8.2364,4.1082,41.5758,48.7557,26.7365,0,1,1,0
0.2435,7.136,8.1186,0.2553,34.9509,5.227,0.3391,10.4545,7.792,35.7075,20.5284,12.4873,0,0,1,1
0.1825,12.0545,6.2223,0.2845,23.1543,8.3844,0.1894,5.0608,3.3014,89.0634,36.5448,8.6808,0,0,1,1
0.1576,3.8809,6.4282,0.0298,35.7161,3.5062,0.0246,7.7266,4.9947,92.3164,19.921,23.0462,1,0,0,1
0.2446,1.2621,5.3055,0.2196,16.4503,7.5858,0.0877,4.2772,5.2341,38.5751,3.4751,34.6297,1,0,0,0
0.2132,4.7334,2.5202,0.2335,23.3189,5.1114,0.3017,9.4913,7.323,119.2888,29.0123,32.7303,1,1,1,0
0.2092,7.4052,2.3622,0.1841,26.2293,7.537,0.3019,6.8032,4.703,73.0161,46.8159,12.1154,1,0,1,1
0.2586,2.5009,6.4147,0.0298,17.042,3.487,0.3284,4.7646,1.181,53.1301,47.8158,16.9572,0,0,1,1
0.1607,10.6535,6.07,0.0628,31.6765,2.2246,0.2516,6.2794,7.0185,57.5271,4.2463,22.3009,0,0,0,1
0.2242,7.0895,6.6035,0.1269,20.9817,0.6781,0.2573,10.6,1.4883,85.9336,18.6837,4.4174,0,0,1,1
0.2976,3.4492,3.7519,0.2206,10.0327,8.2812,0.0275,5.5878,3.0821,92.7551,28.1121,24.7266,1,0,1,0
0.1475,6.98,4.1681,0.0584,20.5693,2.5587,0.2749,12.9119,1.5529,31.6506,44.1114,5.3581,0,0,1,1
0.1658,2.3159,1.0164,0.3161,13.4956,7.0073,0.1392,5.3904,7.1944,43.2271,15.8728,19.6329,1,1,0,0
0.1844,13.658,8.0589,0.1227,24.4788,4.6719,0.2599,4.5215,4.1523,51.272,12.8432,26.4655,0,0,1,1
0.0521,5.5798,6.2555,0.0972,24.8885,3.8077,0.1991,13.3998,3.3478,79.7753,10.8523,38.4605,0,0,1,0
0.199,6.1383,5.8955,0.2368,5.9264,0.6546,0.0315,10.6146,4.079,46.6908,12.1096,23.2833,1,1,0,0
0.166,11.5026,6.4848,0.2342,5.639,2.2258,0.3391,7.2978,2.6695,80.011,14.129,21.7798,0,1,1,0
0.1441,5.1081,3.0445,0.2595,23.5775,1.6584,0.0835,8.1507,1.4458,79.6432,11.996,37.6443,1,1,0,0
0.0949,3.8746,1.9381,0.2285,22.0996,1.2025,0.0887,11.6102,0.7963,58.8132,42.7073,30.8664,1,1,1,0
0.3075,5.8241,1.2684,0.1252,30.6507,2.723,0.1743,6.1707,3.437,95.02,34.511,28.5527,1,0,1,1
0.2503,9.734,8.3561,0.26,13.3401,1.9095,0.252,6.2997,3.0906,76.473,3.0748,4.3513,0,0,0,1
0.3089,4.8619,0.5747,0.2616,16.4044,1.1092,0.1866,3.4844,0.6458,107.4371,7.8308,21.6866,1,1,1,0
0.3273,5.6882,5.2012,0.2228,20.8011,8.4727,0.2711,4.8285,4.2717,117.3545,25.5708,10.5013,0,0,1,1
0.3206,10.0905,5.5638,0.2043,39.1706,2.3145,0.0955,14.2006,6.6078,30.3559,4.1934,23.3048,1,1,0,1
0.0368,8.8173,7.5435,0.0513,13.0171,9.45,0.1546,8.8442,5.4611,78.7637,13.8618,9.2471,0,0,0,1
0.0848,9.0752,5.1783,0.0769,14.2598,8.7205,0.1651,5.5923,4.1053,119.0772,43.5318,19.0193,0,0,1,1
0.3153,1.9149,5.9501,0.3487,9.5671,6.9963,0.1121,6.9626,3.9239,58.915,45.6721,38.2183,1,1,1,0
0.0427,11.4604,4.2617,0.297,22.7513,0.7714,0.1542,7.6535,6.5144,117.9874,49.4173,36.0426,0,1,1,0
0.3438,11.8599,2.3666,0.1167,35.0249,7.9566,0.1374,12.1008,5.0646,111.4256,31.6034,29.9577,1,0,1,1
0.1801,10.7936,7.7496,0.0786,16.3514,1.9366,0.0921,8.3079,3.6337,97.9474,17.7387,35.2189,0,0,1,0
0.2931,4.9914,4.3668,0.1167,35.9819,8.9778,0.1748,9.6098,6.6676,104.4728,2.6112,42.3132,1,0,0,0
0.023,3.791,9.3667,0.1157,20.7475,5.2538,0.2122,9.759,5.7039,60.6663,6.6941,25.3439,0,0,0,0
0.1978,10.8563,1.6765,0.1267,21.5251,7.0685,0.248,5.1608,7.809,107.3722,37.7565,15.9928,1,0,1,1
0.1843,6.527,4.2687,0.2742,31.7908,0.3085,0.0455,12.1015,5.416,70.16,5.1338,15.9575,1,1,0,1
0.3324,2.1563,9.3608,0.1193,32.8438,3.3537,0.0482,10.134,7.3777,39.1224,3.2146,30.3094,1,0,0,1
0.2051,2.2919,2.4167,0.3463,29.7727,6.5033,0.1841,10.3662,7.3478,83.7948,5.5825,20.5472,1,0,0,1
0.2807,2.2058,2.0726,0.2288,20.7754,9.6212,0.1598,6.6064,7.006,106.5567,7.002,7.5601,1,0,0,1
0.0289,3.1305,8.9153,0.1311,24.2957,3.4029,0.2081,14.3447,5.9922,88.1427,34.0661,25.0658,0,0,1,1
0.1188,7.6181,5.7551,0.0663,13.9353,7.1831,0.1071,11.6287,4.6765,82.1418,33.4665,41.2054,0,0,1,0
0.0746,1.5317,7.2171,0.2261,10.6338,3.0983,0.3499,14.2922,2.3044,56.2909,45.2038,38.1493,0,1,1,0
0.0994,9.2604,8.6985,0.0763,37.0015,9.9193,0.3135,3.7721,4.7719,33.6038,47.3493,10.0339,0,0,1,1
0.2155,12.5266,7.0054,0.3086,7.3975,1.5092,0.0924,13.797,7.4811,72.9755,22.2823,33.9653,1,1,0,0
0.2847,12.4843,6.923,0.1104,8.8296,8.893,0.2668,3.9002,7.5355,43.9022,44.1441,21.6256,0,0,1,0
0.1302,5.3988,7.5152,0.2905,29.7252,9.5941,0.2588,12.9545,0.5258,48.0098,30.1733,32.2577,0,0,1,1
0.2273,5.3584,7.1244,0.2073,26.8652,6.5458,0.1999,11.1169,5.7351,63.5866,12.286,38.131,1,1,0,0
0.3097,11.173,6.5609,0.2718,17.2716,5.4968,0.0228,6.4406,2.6985,94.7586,7.4299,20.2186,1,1,0,1
0.0512,1.1247,1.1897,0.3062,10.0745,2.2794,0.0941,12.6294,1.5207,97.3141,27.4823,20.3447,1,1,1,0
0.2182,9.1494,6.0347,0.3037,36.6503,8.2846,0.0825,9.1072,5.9427,56.2073,45.7529,35.8504,1,1,0,1
0.309,6.2015,7.7413,0.0975,25.2623,8.9958,0.105,10.9284,2.6968,39.8422,49.7445,26.4008,1,0,1,1
0.2461,3.3101,9.2931,0.21,24.3277,8.5231,0.2449,10.641,5.3435,83.8436,34.2848,20.2797,0,0,1,1
0.1373,4.7069,4.0584,0.2312,15.1157,1.4436,0.031,6.9287,1.1126,94.4563,31.9311,23.5329,1,1,0,0
0.0898,9.4797,5.2645,0.1744,15.2551,3.3646,0.1475,14.534,6.6313,61.684,44.5035,32.636,0,1,1,0
0.1578,14.7865,0.6981,0.3267,6.895,5.4347,0.3411,5.7043,7.5995,40.8707,16.2397,12.3853,1,1,0,1
0.2288,3.7088,3.1955,0.1015,8.565,1.5026,0.2512,10.348,1.5476,42.7648,19.958,25.7382,1,1,1,0
0.1403,8.8427,2.1162,0.2136,18.8165,1.2112,0.1031,3.7627,4.3207,63.0592,42.621,3.7219,0,0,1,1
0.1259,7.774,7.7469,0.1528,29.1099,7.7665,0.291,5.6733,7.0907,117.9987,12.2288,44.4224,0,0,0,0
0.2603,6.9268,1.0959,0.2072,14.4998,7.8176,0.2568,2.481,6.3098,111.5128,31.4678,17.5788,1,0,1,1
0.2222,14.4807,7.8072,0.2252,6.2458,8.4812,0.0564,3.2455,7.4444,71.0832,7.5794,44.0661,0,0,0,0
0.129,12.0971,8.6394,0.2703,30.6123,2.4285,0.3293,13.1066,7.8258,110.4538,33.4997,35.7806,0,1,1,1
0.1133,9.7888,0.4955,0.0292,23.0626,0.31,0.1022,6.2919,2.4608,53.457,38.2887,15.5043,1,0,1,1
0.3478,14.4033,4.3429,0.3176,28.1333,2.9179,0.1201,13.8373,0.6665,43.1765,22.7162,35.8814,1,1,1,1
0.3259,5.6566,9.519,0.231,13.6769,3.272,0.3373,3.4941,6.2264,77.0682,42.9612,10.3396,0,0,1,1
0.1682,7.8292,5.7824,0.1081,17.3745,9.4857,0.1532,8.6307,6.7883,54.0863,27.4178,19.8272,0,0,1,1
0.3371,6.5866,9.0697,0.152,8.7175,4.8941,0.1693,12.2175,4.474,97.1936,2.0259,31.0066,0,0,0,0
0.0259,6.3552,5.5321,0.1818,30.8453,7.2032,0.1066,4.2481,4.1963,44.3014,18.6964,30.9997,0,0,1,1
0.2758,7.2434,7.0774,0.0419,8.8071,1.7729,0.3409,3.0156,2.8495,55.7102,19.2249,22.6535,0,0,1,0
0.1243,13.3135,8.3605,0.3198,18.4133,0.6116,0.2699,11.9615,7.256,46.8254,44.3109,22.9793,0,1,1,1
0.2673,6.0832,0.4775,0.0723,39.4361,7.6465,0.2774,12.5955,2.8461,101.3187,28.6033,24.5154,1,0,1,1
0.0629,14.4777,0.6657,0.3063,35.7335,8.5036,0.2912,9.0894,0.6901,113.7554,42.7093,2.6314,0,0,1,1
0.1867,9.7224,4.3542,0.2049,7.9159,8.2949,0.022,9.8546,0.54,99.6781,4.1764,22.3142,0,0,1,0
0.1772,9.3696,1.9817,0.308,11.7028,8.7661,0.1347,6.1757,0.8621,118.2664,43.0597,37.3639,1,0,1,0
0.1945,5.7407,3.8518,0.2427,27.4801,8.3052,0.2228,2.66,2.6964,71.9912,8.0335,29.4305,1,0,1,1
0.2144,2.5856,5.9761,0.2702,30.2238,2.4726,0.0782,2.1678,4.5982,113.3161,6.6684,15.1265,0,0,0,1
0.0893,1.8226,7.1553,0.0695,5.9141,1.991,0.2543,13.5292,1.4377,88.506,43.4275,22.3285,0,0,1,0
0.071,1.7258,5.0462,0.1434,28.1324,7.5095,0.0598,12.4279,7.0588,55.4007,8.5485,4.8244,0,0,0,1
0.1537,4.2945,6.6047,0.2384,28.1644,9.686,0.1917,2.3146,4.2972,46.4205,49.455,2.0701,0,0,1,1
0.1305,4.7956,9.7251,0.0349,15.7027,2.4776,0.1629,3.1735,5.854,105.372,32.5865,22.4661,0,0,1,0
0.1378,1.368,8.5019,0.0416,17.7656,4.6395,0.23,11.434,6.6485,81.8261,16.8754,35.95,0,0,0,0
0.1451,11.6608,6.264,0.1545,37.6406,7.7653,0.293,6.7647,3.307,110.5557,41.293,26.95,0,0,1,1
0.0407,9.6337,0.4845,0.3274,22.72,7.2517,0.2897,14.9364,0.725,86.0588,20.5776,20.5081,1,0,1,1
0.0852,7.8953,6.2506,0.1231,15.8827,3.3751,0.3137,4.1427,4.7413,60.2181,10.134,12.3483,0,0,0,1
0.3328,5.4584,3.3027,0.233,18.1063,0.5404,0.3165,10.4616,1.3747,59.0151,33.7409,26.4982,1,1,1,0
0.2744,3.991,4.422,0.1371,28.7056,7.6983,0.2303,5.6035,7.7281,100.9035,33.8559,40.3575,1,0,1,0
0.0739,14.5317,8.1857,0.1582,12.6627,1.2696,0.2918,3.3174,3.8495,43.3865,9.0149,43.7257,0,1,0,0
0.1957,7.4436,4.9027,0.2087,24.5655,7.1085,0.0476,6.2899,7.2989,62.5939,9.8715,23.525,1,0,0,1
0.2138,6.2264,8.1906,0.1726,7.9515,6.3312,0.1994,4.5047,3.6448,119.3507,28.4659,30.9094,0,0,1,0
0.2424,3.9384,3.5851,0.3461,10.0342,3.2837,0.0482,13.1233,0.6349,77.4949,10.3361,22.8535,1,1,0,0
0.2876,2.3785,3.0202,0.1096,31.2436,3.462,0.1362,6.61,4.7387,104.4514,7.8299,39.4842,1,0,0,0
0.3054,13.9395,1.3032,0.2496,34.4176,2.1607,0.0703,6.8117,1.7269,31.1233,15.1359,20.2671,1,0,1,1
0.037,6.6653,0.9972,0.3083,32.6438,2.3157,0.3433,14.9342,6.7591,61.0801,3.4969,2.774,0,0,0,1
0.1668,7.378,6.9822,0.2733,13.0133,5.1319,0.2885,5.2901,1.1571,96.4475,10.2353,8.9338,0,0,1,1
0.0957,7.7238,8.1874,0.2883,16.8482,9.4581,0.2931,5.8194,3.7327,89.2936,6.3222,9.7548,0,0,0,1
0.1494,7.7544,8.5667,0.0214,21.7917,5.4418,0.058,14.0865,0.8089,91.3784,44.6158,11.1284,0,0,1,1
0.2108,13.4931,9.2726,0.2427,23.0479,6.2948,0.0988,4.9353,1.4405,32.371,28.8183,4.4437,0,0,1,1
0.3323,4.3544,4.817,0.2008,38.1233,5.5796,0.2773,12.5893,4.3701,43.2474,39.5884,24.4026,1,0,1,1
0.2589,14.6003,4.3429,0.1608,16.1057,4.2546,0.0347,9.6141,4.2383,50.9332,27.3182,26.4573,1,1,0,1
0.2341,10.7172,4.6805,0.3482,7.4551,8.5574,0.3063,5.9684,3.1927,46.1823,28.2466,15.0412,0,0,1,1
0.0489,14.3051,3.7314,0.3305,35.315,1.0748,0.3063,2.4222,1.5603,53.287,13.8863,11.457,0,0,1,1
0.3012,4.4354,2.6267,0.2442,34.9429,0.4603,0.2823,2.7161,1.8939,83.4701,30.7626,39.5534,1,1,1,0
0.0214,4.5615,5.8759,0.1564,30.606,1.0014,0.144,7.3244,6.8773,34.8028,23.3464,32.4316,0,1,0,1
0.0417,2.277,7.7309,0.1891,26.5779,8.0271,0.1841,11.1981,3.0774,94.0297,19.7208,16.295,0,0,1,1
0.2086,10.2651,2.0995,0.3015,23.8228,1.5541,0.1327,2.8045,4.4691,114.7728,46.0603,30.23,1,1,1,1
0.0337,4.834,3.8311,0.1066,26.8919,9.889,0.147,3.0351,2.4166,38.131,49.6452,21.6952,0,0,1,1
0.2117,11.5538,8.5907,0.2561,26.1573,1.762,0.1786,2.7545,2.3476,47.4237,45.6875,40.4702,1,1,1,0
0.3059,5.7595,7.019,0.1471,37.4448,8.0587,0.3019,4.5009,1.4371,34.4215,8.1412,23.5072,1,0,1,1
0.2803,2.3083,8.7841,0.0502,9.4135,5.4124,0.1333,3.739,3.5662,76.3934,36.7642,2.5693,0,0,1,1
0.0573,2.1879,7.8335,0.0643,13.007,4.0809,0.349,4.4375,1.1723,62.3942,36.2841,29.0352,0,0,1,0
0.1474,2.2242,3.3378,0.2676,31.9879,2.4826,0.0867,5.6259,1.5,54.3914,13.0194,16.7744,0,0,1,1
0.0253,10.3046,7.5457,0.3073,38.1896,2.4509,0.3309,6.9831,1.9067,40.7837,45.2636,43.2045,0,1,1,1
0.1859,14.1047,0.9665,0.2469,36.7258,7.0245,0.2205,4.4039,3.7922,72.3718,29.8236,10.3806,0,0,1,1
0.2921,10.7068,5.3187,0.1725,21.1511,0.4674,0.3079,3.6088,3.714,40.0707,28.7382,6.4318,0,0,1,1
0.2916,8.9075,5.3174,0.0523,11.7321,4.5268,0.2658,10.5327,5.4129,77.9696,22.7429,43.6053,1,0,1,0
0.2924,3.0038,3.1981,0.0296,38.4928,9.9348,0.1588,14.1642,4.7264,46.2754,43.199,24.5017,1,0,1,1
0.2661,3.2836,9.6539,0.0423,14.2492,5.8942,0.3206,12.0366,7.1215,59.5204,20.8515,15.0233,0,0,1,1
0.2228,13.1977,1.5407,0.1506,20.2853,7.2794,0.1287,10.3134,4.7016,46.6451,26.4037,21.8408,1,0,1,1
0.2066,14.3892,4.8573,0.2913,37.5405,5.2574,0.2363,3.19,2.8323,82.6285,31.5867,39.9778,1,1,1,1
0.0947,4.1272,2.2858,0.3273,15.2489,8.1663,0.1439,4.8608,1.3165,99.4826,40.2155,24.2549,0,0,1,0
0.1301,10.4462,2.138,0.1847,18.1878,5.6064,0.1928,13.1558,2.9239,35.2254,9.2269,19.3668,1,0,1,1
0.3499,12.8839,1.3942,0.2158,18.6223,9.5368,0.3122,8.9012,3.1548,74.2824,30.0803,2.639,0,0,1,1
0.2769,10.5883,2.5903,0.2306,19.7258,0.7922,0.2699,8.9516,4.0703,110.7856,37.1519,42.8629,1,1,1,0
0.0453,5.9036,8.4337,0.0224,12.1663,7.8111,0.0433,3.1641,3.2725,51.6569,18.493,17.8922,0,0,0,1
0.3493,8.1122,7.0033,0.1148,9.4509,3.3654,0.057,5.4939,0.7566,116.1367,32.7663,5.8702,0,0,1,1
0.1324,12.0064,2.1535,0.097,14.9505,4.3003,0.1951,7.488,2.7873,110.3235,29.5196,16.4004,0,0,1,1
0.2978,2.2614,8.1693,0.1015,17.822,1.5317,0.297,6.9496,3.4974,53.0346,41.1399,4.8866,0,0,1,1
0.2689,6.8721,6.3702,0.3359,9.4651,1.5661,0.1006,6.5282,4.5198,72.2735,12.9204,15.3534,1,1,0,1
0.1272,13.9668,2.5047,0.0513,8.2094,4.679,0.3195,9.6152,1.4264,79.0288,10.0742,26.0769,0,0,1,0
0.2289,2.0492,7.8069,0.1186,36.3481,8.1195,0.1242,2.4344,5.7327,92.031,5.3211,23.7434,0,0,0,1
0.184,1.2274,5.6639,0.1345,26.9581,7.2948,0.1537,2.5237,1.9168,101.948,21.2092,26.6759,0,0,1,1
0.2165,5.8861,6.5638,0.2724,20.7653,8.1846,0.1468,4.5551,6.274,85.3405,38.109,25.1128,0,0,1,1
0.2752,12.4767,0.8577,0.0359,30.5318,1.6438,0.1143,4.5408,7.3902,68.5227,16.0777,7.196,1,0,0,1
0.0982,8.4891,0.9865,0.3207,25.2993,5.0012,0.3391,6.518,2.645,51.6895,11.5829,34.5503,1,1,1,0
0.1543,13.0028,4.8816,0.0317,13.7066,5.9537,0.2184,2.766,0.7701,86.6017,9.8207,38.1376,0,0,1,0
0.2725,4.1143,6.1817,0.2036,30.6956,9.4107,0.1075,10.0424,6.6731,90.296,41.7461,40.197,1,0,1,0
0.0542,5.1403,0.5522,0.1817,6.7913,4.2678,0.1955,9.9942,7.5435,32.2912,38.822,33.635,1,1,1,0
0.2472,13.5162,1.1068,0.3224,34.251,6.6409,0.3038,5.4695,3.5422,48.7259,22.2837,34.9926,1,0,1,1
0.1248,1.401,6.0887,0.2421,23.2917,8.6088,0.208,2.264,6.8107,81.38,36.2683,34.8073,0,0,1,0
0.0885,10.8852,3.3081,0.3244,35.498,9.2098,0.1675,3.2077,4.9447,46.9312,14.7774,10.9087,0,0,1,1
0.3121,13.1022,3.4409,0.1318,26.4703,0.8051,0.165,5.6976,0.8355,96.6915,12.1325,32.8188,1,1,1,1
0.0444,7.5733,6.7348,0.3491,33.912,1.8622,0.2464,8.9154,3.9345,96.6083,29.18,11.0634,0,0,1,1
0.2653,8.3936,6.9525,0.2218,22.0258,4.3431,0.1743,5.1358,1.3467,119.6061,49.1505,27.8618,1,1,1,1
0.0904,4.6386,1.5408,0.0598,32.2827,2.526,0.1994,14.5247,7.675,73.6626,47.873,27.0249,1,0,1,1
0.1315,3.3615,0.9278,0.2247,33.2303,3.1494,0.1679,5.8509,6.8368,89.7163,2.8954,38.7704,1,0,0,0
0.1681,5.4887,1.4299,0.0322,30.9065,5.5101,0.0297,14.4788,4.9316,104.8492,16.8846,38.4469,1,0,0,0
0.1653,13.4376,6.4475,0.2397,12.0354,7.2425,0.1789,9.023,1.7342,105.477,22.2165,29.4224,0,0,1,0
0.2711,4.2265,3.0691,0.271,35.0967,3.5875,0.2934,12.5126,2.375,112.7466,6.6306,32.8232,1,1,0,1
0.2327,3.5983,9.3096,0.2444,20.9545,4.789,0.0795,14.1107,7.4719,45.6968,4.2584,33.8911,1,1,0,0
0.3204,5.6639,5.8712,0.3342,29.531,6.9929,0.264,9.4574,6.9506,117.6,9.8357,21.3823,1,1,0,1
0.1941,2.121,3.7487,0.072,30.0561,0.6613,0.1261,10.2544,4.5525,118.0914,29.1476,22.7481,1,1,0,1
0.0276,6.6748,6.6507,0.2285,15.5615,6.4521,0.2649,11.0157,4.5078,67.099,40.5642,8.3106,0,0,1,1
0.1371,1.3706,7.9934,0.1206,9.3131,6.4077,0.3212,12.206,2.3647,32.3686,20.9553,42.4299,0,0,1,0
0.2092,9.4977,5.4768,0.151,25.0238,2.1525,0.0727,14.4898,4.2373,33.9471,8.6491,10.4406,1,1,0,1
0.0866,9.1501,7.0537,0.1913,9.3856,7.7819,0.2999,4.4988,1.1863,75.805,12.9863,26.0306,0,0,1,0
0.1759,13.1077,2.8157,0.1652,37.904,2.4361,0.0803,11.9196,6.8718,92.6512,9.0842,8.6193,1,0,0,1
0.2662,4.5378,3.5407,0.1812,15.8842,5.4259,0.1638,8.5702,5.8026,44.0509,40.6264,16.8243,1,0,1,1
0.2765,1.3914,1.7776,0.0573,21.8735,4.3285,0.077,11.3506,0.9351,88.327,4.8894,32.8615,1,0,0,0
0.0795,1.8387,6.1785,0.285,28.0804,6.3595,0.036,10.481,3.8843,68.0021,43.5269,21.8218,0,0,1,1
0.0897,12.8505,1.1227,0.2791,29.1059,7.0328,0.2347,12.0637,3.6102,90.6736,32.098,20.4266,1,0,1,1
0.0428,3.9509,8.3919,0.0432,15.0365,6.327,0.2596,5.1196,2.0987,35.0982,14.455,19.3872,0,0,1,0
0.1834,5.9147,4.7507,0.2558,38.7215,4.5077,0.0795,2.3772,6.3948,101.9627,41.5065,6.3111,0,0,1,1
0.1428,14.2313,1.4155,0.0786,36.8199,8.8362,0.1242,11.5118,7.6416,83.5488,48.9361,4.7251,0,0,1,1
0.3126,5.9206,4.2635,0.1952,17.0724,1.2761,0.0509,5.8536,5.5095,44.1428,25.6959,18.9002,1,1,0,1
0.2948,13.1939,8.0043,0.2624,38.6907,5.4069,0.0483,2.225,0.6327,34.1843,25.6334,12.7075,0,0,1,1
0.1801,1.8054,5.7939,0.0861,28.9274,1.9246,0.0323,2.4969,3.7488,92.4808,13.1343,8.7905,0,0,0,1
0.104,14.0851,1.0156,0.3232,18.582,6.6606,0.1732,4.3045,2.8521,110.0652,28.7041,13.9244,0,0,1,1
0.185,1.1676,1.3158,0.1035,35.1671,5.2075,0.2354,6.4845,5.8636,118.2103,30.1771,23.8591,1,0,1,1
0.0275,2.1199,1.9044,0.2927,10.3151,2.5838,0.1103,12.4552,6.9343,111.7258,17.9438,17.1642,0,1,0,0
0.0351,12.8887,6.1174,0.2813,24.6959,8.1251,0.0294,11.6235,7.2588,76.6282,23.2373,13.09,0,0,1,1
0.1326,11.3924,9.0578,0.266,36.3094,1.7958,0.0966,13.7999,3.7152,66.096,25.3722,35.7022,0,1,1,1
0.0672,2.984,4.4439,0.1272,27.3295,1.8905,0.3008,12.9227,5.485,62.3008,27.3385,26.3634,0,1,1,1
0.2177,9.0018,6.103,0.2677,31.8323,1.4079,0.1768,3.9376,4.2122,114.8902,20.7745,7.8695,0,0,1,1
0.2861,8.3852,4.2723,0.1074,25.0521,0.3053,0.2792,10.0038,4.4352,97.5739,8.938,30.7392,1,1,0,1
0.0263,1.7138,2.774,0.1361,10.6248,7.1992,0.1165,5.8186,0.8598,40.0861,4.76,20.221,0,0,1,0
0.2255,4.6578,8.3002,0.2063,39.4411,2.7192,0.0506,4.625,0.6456,89.6255,45.5789,4.7163,0,0,1,1
0.3483,11.1246,4.3552,0.0651,8.1262,2.4258,0.0692,10.9036,5.1832,84.1818,25.7448,39.9686,1,1,0,0
0.2449,3.3387,7.946,0.3424,15.4282,3.4578,0.2938,10.9055,7.1842,57.3541,22.134,1.2614,0,0,1,1
0.042,7.6076,8.5855,0.2559,30.1843,2.3331,0.2433,2.4818,6.266,43.4729,7.6186,6.9925,0,0,0,1
0.234,7.9546,6.7867,0.197,27.0891,3.7164,0.0529,10.5543,6.3757,63.8859,22.0524,4.1328,0,0,1,1
0.1879,1.1845,7.8836,0.3013,5.1322,6.8085,0.2136,11.2779,7.563,55.1776,15.365,37.9736,1,1,0,0
0.3393,8.1813,9.0001,0.2895,32.9335,8.7956,0.2918,13.9193,6.9462,51.3126,37.1413,32.1259,1,1,1,1
0.0568,12.6322,3.2206,0.1634,39.6398,7.9291,0.1387,2.6609,4.3771,67.0074,30.4668,16.5924,0,0,1,1
0.2954,6.4435,0.7391,0.0587,20.5218,7.9221,0.1966,8.5469,3.9724,60.9264,2.7896,25.6386,1,0,0,1
0.1318,12.4713,4.3184,0.2628,26.0535,0.3816,0.1049,6.1276,5.3273,67.7431,27.8406,17.5847,1,1,0,1
0.2977,6.7711,1.6491,0.2812,18.6918,7.4577,0.1732,12.0231,0.9302,81.1777,36.5813,18.6677,1,0,1,1
0.0575,13.6951,9.71,0.2516,26.4162,2.9656,0.3001,9.1826,3.5707,84.4158,3.7203,44.1529,0,1,0,0
0.176,6.3116,3.936,0.0465,7.2542,2.8311,0.2249,3.4842,7.3764,75.3711,44.3009,12.925,0,0,1,1
0.0764,2.2014,5.3672,0.1506,13.1542,3.3542,0.1,8.1806,5.2518,39.0195,42.6018,7.2558,0,0,1,1
0.1367,4.3242,6.1007,0.0959,14.332,4.4491,0.2718,4.6899,6.3811,84.4363,21.116,7.7338,0,0,1,1
0.0809,10.2302,0.6571,0.0342,36.0069,1.0938,0.3176,13.835,4.1667,108.5956,23.4771,38.7452,1,0,1,1
0.1883,1.9462,4.6574,0.0782,36.6149,6.2576,0.3125,2.6474,2.9602,116.3962,2.2043,23.3128,1,0,0,1
0.3348,3.6513,9.7686,0.1289,24.3575,4.9885,0.0645,4.3553,2.9308,109.2461,36.5611,12.0825,0,0,1,1
0.3441,2.876,7.6231,0.2205,35.1183,8.7323,0.3382,11.8957,1.6587,88.7886,11.5755,19.4619,1,0,1,1
0.2526,4.7146,6.1488,0.2323,13.5361,7.9033,0.1492,7.2834,7.476,90.8275,26.8082,32.4603,1,1,0,0
0.2863,6.5916,6.6775,0.0377,14.633,3.2042,0.0332,8.0706,4.1453,68.6062,7.1139,9.1322,0,0,0,1
0.117,2.7002,6.6702,0.0959,20.6096,0.9251,0.1904,2.1807,2.3438,117.1891,8.8165,24.9888,0,0,1,0
0.3203,1.9765,6.4065,0.0213,26.7004,8.8195,0.3083,2.6597,1.0327,58.6731,13.9873,38.8853,1,0,1,0
0.1043,13.1612,7.7125,0.2996,22.8105,7.3413,0.1977,9.0058,3.5753,79.3568,3.8449,25.6565,0,0,0,1
0.1027,14.5902,3.4556,0.1757,28.3146,7.8924,0.147,4.8175,3.4115,99.4375,31.3627,41.3581,1,0,1,1
0.3034,9.297,7.9902,0.1114,31.4483,5.715,0.314,11.3373,6.9934,89.4941,40.5085,3.1496,0,0,1,1
0.0236,11.7401,3.2604,0.0773,36.7755,8.1688,0.2134,4.7425,2.7819,74.0253,43.6642,42.687,0,0,1,1
0.1143,12.5998,9.4624,0.3249,10.1054,1.0236,0.2145,4.0834,7.7889,51.6901,35.8221,24.8024,0,1,1,0
0.0679,14.7021,8.3194,0.2558,26.7171,5.8472,0.2433,9.5983,5.7131,87.0114,47.8149,1.4247,0,0,1,1
0.3173,8.2594,3.851,0.2098,33.5466,0.5016,0.1882,3.4112,3.3953,47.2603,13.4579,2.5681,0,0,1,1
0.1541,2.3504,5.4423,0.1607,36.4432,9.4505,0.0579,13.3267,7.6435,71.257,20.0778,6.4997,1,0,0,1
0.1963,14.3007,1.0369,0.1406,21.7698,9.5133,0.1846,6.7111,6.6853,115.9864,16.4722,32.6605,1,0,0,1
0.3263,4.1941,6.883,0.2014,35.7435,6.1765,0.1548,14.5926,2.6039,56.0349,33.9083,36.0634,1,0,1,1
0.141,14.9938,5.3073,0.0681,32.5381,5.6304,0.1576,4.3115,3.579,117.6906,7.2208,20.0925,0,0,0,1
0.2597,9.351,6.608,0.2887,12.5629,6.9661,0.2714,5.3928,2.5013,73.3978,46.2434,14.9072,0,0,1,1
0.2153,6.2655,3.7841,0.0328,24.2793,4.226,0.3373,13.4678,2.6916,40.2333,16.4193,18.0714,1,0,1,1
0.1443,5.1971,7.8316,0.0344,34.4414,6.6717,0.307,13.8109,6.7071,102.9749,45.8158,20.9103,0,0,1,1
0.2629,10.5082,6.1703,0.3122,30.8084,4.557,0.2569,3.2599,5.2427,117.8836,16.6341,2.747,0,0,1,1
0.1279,9.5696,8.0818,0.1134,18.2555,6.8932,0.2092,5.1541,3.0589,102.445,8.7172,18.4874,0,0,1,1
0.0592,2.0783,1.412,0.1383,16.7846,5.26,0.3321,3.0606,1.7366,106.2065,44.1707,2.1344,0,0,1,1
0.2512,7.1089,5.8548,0.314,25.3162,0.5779,0.1056,2.1234,7.2705,101.5527,6.969,34.4242,1,1,0,0
0.3029,4.7879,8.7858,0.2005,37.7323,2.6241,0.3288,5.0965,7.2753,93.6884,21.6273,14.6047,0,0,1,1
0.3259,4.034,9.0894,0.0898,37.9767,6.5047,0.1604,3.767,1.2198,89.8504,20.3275,43.4236,1,0,1,0
0.2001,14.8611,5.9885,0.2456,34.3546,5.8511,0.1383,8.1486,1.1175,47.2024,18.5509,43.9994,1,1,1,1
0.3202,2.6522,3.1936,0.149,11.8135,5.4451,0.1184,14.2928,6.7647,44.5525,24.449,30.1292,1,1,0,0
0.0237,7.7585,4.4193,0.0821,7.5274,8.5215,0.1774,5.9802,1.9689,96.3389,45.4052,29.2946,0,0,1,0
0.1099,12.4118,5.721,0.2388,34.6642,8.909,0.3017,12.1321,3.0929,61.06,24.6942,9.4652,0,0,1,1
0.2499,4.0702,8.5959,0.2289,28.8804,9.8031,0.0758,13.5276,2.7757,92.0975,10.5016,15.4994,0,0,1,1
0.3445,10.9648,2.2474,0.0497,17.6117,8.5805,0.3424,14.6655,3.1413,46.1676,5.6983,25.5956,1,0,0,1
0.3085,4.2546,9.0284,0.3,38.1571,0.6125,0.3396,3.9493,3.1304,63.9827,14.3688,9.7457,0,0,1,1
0.1187,7.8652,5.0512,0.1807,11.5159,3.006,0.0244,9.2164,7.7585,94.706,30.009,11.9919,1,1,0,1
0.3265,7.416,2.5802,0.1771,39.9342,2.343,0.1266,11.5507,6.5749,62.2106,39.6695,38.1599,1,1,0,1
0.0937,1.5292,4.5809,0.0596,18.8531,1.2716,0.184,5.5111,1.9527,79.6629,48.3854,12.3111,0,0,1,1
0.0512,11.2421,7.8797,0.1515,24.117,8.0996,0.206,7.2836,4.615,97.7988,16.1369,2.853,0,0,1,1
0.2023,10.198,2.5466,0.3056,34.6361,6.6823,0.032,13.7971,2.6321,80.3604,40.4385,44.8038,1,1,0,1
0.037,6.6402,4.9329,0.3056,7.667,6.268,0.0922,8.4275,5.0141,53.0184,4.6311,37.1419,0,0,0,0
0.0917,1.8351,9.696,0.0967,39.8548,2.1108,0.0583,4.8922,7.24,100.481,10.2218,43.9864,0,0,0,0
0.1892,11.9809,7.9436,0.1156,37.2398,4.95,0.2027,6.6433,7.9431,53.4293,7.2772,37.4737,0,0,0,1
0.2845,4.7523,2.2481,0.269,23.2135,7.4435,0.2626,4.0322,7.6133,55.1926,17.0148,1.2964,1,0,1,1
0.2441,5.2705,8.2334,0.332,9.2065,4.2055,0.3006,9.9013,2.0304,69.1139,6.2171,35.3955,0,1,1,0
0.1006,13.3951,5.3693,0.2797,17.4473,2.4691,0.2895,12.9343,6.9078,72.829,35.5137,2.9212,0,0,1,1
0.2305,14.0623,9.749,0.3058,12.4804,5.623,0.2459,14.6474,6.1622,102.7343,41.0545,43.9189,1,1,1,0
0.1596,4.2629,7.2978,0.3322,17.2414,5.5594,0.1231,3.1917,2.4934,37.1222,11.7385,6.1144,0,0,1,1
0.1177,12.9631,1.7892,0.1923,13.6441,4.511,0.1504,12.7685,4.2819,102.7592,13.15,38.9859,1,1,0,0
0.1616,11.3093,5.6583,0.2857,8.8555,2.4794,0.2215,5.7721,6.9276,57.666,3.1227,19.9336,0,1,0,1
0.3376,14.7579,9.2424,0.2274,24.0573,9.6541,0.1698,5.4159,4.5626,68.7741,48.4537,30.9796,0,0,1,1
0.1153,13.7887,8.0796,0.1743,11.7269,6.1235,0.0649,9.9963,6.5671,83.3558,13.9811,43.4827,0,1,0,0
0.2728,1.8563,4.7549,0.133,31.2093,6.0811,0.0472,3.8448,3.4899,62.1816,12.2433,9.4153,1,0,0,1
0.0463,2.8029,2.4856,0.0854,17.6283,0.7145,0.2524,6.6356,5.044,89.833,44.9338,28.0677,0,1,1,0
0.2987,10.1629,2.5457,0.2629,13.7622,1.0297,0.3088,8.0997,3.0132,85.9953,36.8164,24.3928,1,1,1,0
0.2485,2.9482,4.6642,0.2131,21.3046,3.3665,0.1412,8.6953,5.098,62.9472,34.7332,36.5733,1,1,0,0
0.3281,4.3605,0.454,0.224,10.0252,4.6493,0.2264,8.3051,1.3413,119.9782,11.576,30.5339,1,0,1,0
0.327,6.4779,2.4524,0.1337,5.6817,4.5927,0.0912,3.5051,0.767,36.2018,42.7944,23.5453,1,0,1,0
0.2123,5.6723,7.092,0.2145,14.5294,2.3061,0.0924,6.1657,6.4604,97.2523,41.9639,38.6936,1,1,0,0
0.105,14.389,9.5773,0.0711,20.758,4.232,0.0543,5.4499,3.9532,57.7804,44.2236,3.6351,0,0,1,1
0.1584,13.9122,0.8308,0.0794,13.2606,9.5258,0.2997,12.9917,7.4137,31.4036,19.1087,16.1402,1,0,0,1
0.1436,3.2702,8.0512,0.0848,29.5542,6.7855,0.1179,4.5818,6.4107,110.8109,16.71,13.8661,0,0,0,1
0.0506,6.9144,2.1985,0.2824,16.7185,5.2026,0.2648,5.7289,2.9674,34.8055,45.0714,2.2764,0,0,1,1
0.1645,3.7225,3.1623,0.0672,7.5471,4.8047,0.0867,12.0806,1.3519,117.5134,2.5247,24.8999,1,0,0,0
0.0667,7.617,5.3405,0.2701,38.4894,0.9878,0.0325,7.1615,1.9009,71.9705,19.1867,4.0252,0,0,1,1
0.082,13.8385,8.1196,0.1948,9.3587,3.2451,0.1219,13.4247,5.9775,59.5946,33.116,3.2241,0,0,1,1
0.3429,13.54,6.9077,0.2858,31.4453,5.8836,0.2015,13.4494,7.6823,35.078,40.9134,19.5053,1,1,1,1
0.2661,3.9276,3.629,0.2268,6.0372,4.8495,0.1067,4.1447,3.4124,90.1363,23.4422,4.0649,0,0,1,1
0.2509,4.9192,1.9121,0.0904,25.489,0.4094,0.1235,13.2477,6.7089,68.0629,45.0346,1.8272,1,1,0,1
0.0335,2.2993,2.3204,0.0863,33.2095,7.2751,0.2106,8.6867,3.0209,62.8237,21.2305,29.264,0,0,1,1
0.2221,6.1324,9.3044,0.0597,12.7765,2.4226,0.0543,12.6716,5.7572,55.0842,46.9661,31.1045,0,0,1,0
0.0395,13.1426,8.2276,0.251,28.601,0.4007,0.2704,7.0778,4.9329,108.1898,15.1925,12.2442,0,0,1,1
0.306,14.005,7.4814,0.3211,28.7134,2.8884,0.0314,8.5505,0.8465,93.2355,10.1858,28.0788,1,1,0,1
0.2072,10.7898,6.1981,0.1724,20.8406,4.9979,0.3248,7.5277,2.1788,82.7393,45.412,26.943,0,0,1,1
0.2638,7.8037,8.4548,0.0697,21.4035,1.0463,0.2635,14.7736,7.837,119.8183,27.7125,1.0058,0,0,1,1
0.2729,3.9753,0.4913,0.2725,5.9645,8.2887,0.1033,4.9646,2.3622,52.2577,4.9087,38.7974,1,0,0,0
0.2804,5.961,1.1945,0.0816,33.4465,6.1042,0.1744,4.2486,1.5025,49.0986,12.4223,43.7733,1,0,1,0
0.1841,11.336,5.6584,0.1345,15.1374,5.81,0.3299,12.9281,3.7581,61.5963,10.1325,44.7144,1,0,1,0
0.2064,9.2546,1.1112,0.2759,25.1813,9.4369,0.337,5.0086,1.2855,46.6761,45.9981,41.8583,1,0,1,0
0.1063,2.8731,8.6619,0.1244,16.909,5.2374,0.0787,11.3785,0.6103,72.6812,2.4583,32.8457,0,0,1,0
0.1369,10.9763,2.6726,0.2906,36.5566,2.2484,0.3481,5.7348,2.5631,69.6994,49.7264,27.2034,1,0,1,1
0.161,5.9536,4.0091,0.2233,12.4833,3.4452,0.0675,11.299,1.3836,102.032,16.4929,9.1463,0,0,1,1
0.2962,13.9197,7.6936,0.2185,38.9871,2.2119,0.0452,7.8645,1.4251,49.1037,20.0045,4.7869,0,0,1,1
0.0231,13.1563,1.028,0.1102,33.2141,9.3274,0.3092,13.7463,1.2807,43.7812,33.0205,11.7232,0,0,1,1
0.1994,1.3604,2.6496,0.2838,18.6278,1.7531,0.2441,7.2031,2.4808,87.3977,42.7092,29.2982,1,1,1,0
0.0834,6.6554,1.0025,0.0535,37.8499,0.4011,0.1172,7.5836,7.1127,60.4983,40.2342,19.5334,1,1,0,1
0.0476,8.197,7.236,0.2463,11.6238,5.4006,0.24,5.6934,4.6193,66.5728,16.0331,33.0655,0,0,1,0
0.0885,4.8467,7.8841,0.2781,16.9996,1.3846,0.2664,10.0864,1.821,76.1435,10.7131,20.7499,0,1,1,1
0.2299,8.3054,2.7472,0.0809,18.2995,1.2924,0.3322,6.5489,1.2174,92.3623,25.18,18.2108,1,0,1,1
0.2947,8.7234,4.4519,0.2568,11.8026,4.7229,0.1442,8.5475,0.5223,54.209,14.0542,14.3556,1,1,1,1
0.1278,3.4131,7.6007,0.2834,10.4708,2.172,0.3147,4.0758,4.3628,59.4113,45.7037,34.2433,0,1,1,0
0.1925,6.6199,8.1456,0.0315,19.3952,6.7336,0.1546,7.3159,0.957,102.2427,7.1865,34.6126,0,0,1,0
0.1806,11.7232,1.4396,0.214,17.1316,8.7109,0.1302,11.8971,3.9604,45.1411,17.307,39.4281,1,0,1,0
0.1423,12.6271,2.8523,0.0992,26.6417,7.5655,0.3447,13.6426,6.6892,91.3739,3.655,31.8951,1,0,0,1
0.0922,7.1965,4.292,0.1763,29.0596,6.8683,0.3417,12.7367,3.0183,32.5459,12.7081,30.9814,0,0,1,1
0.1569,8.0127,0.7566,0.2009,26.839,8.9462,0.2274,6.1148,2.9768,74.1192,44.2783,15.6994,1,0,1,1
0.1806,7.96,3.1373,0.1077,23.8539,9.6411,0.3463,6.378,6.7231,113.3661,43.1055,26.5215,1,0,1,1
0.3079,7.7913,0.4453,0.3186,6.0301,1.7565,0.2013,10.7903,6.0016,109.1572,13.7827,27.8944,1,1,0,0
0.2966,7.4701,7.0434,0.2529,17.2102,9.4401,0.2245,3.7668,3.0877,57.8417,39.552,18.0868,0,0,1,1
0.3254,7.6919,1.905,0.0439,6.2334,8.6358,0.1003,12.6602,2.9324,93.4418,13.0149,41.7109,1,0,0,0
0.1529,9.8306,2.8915,0.1557,24.8807,3.1349,0.1301,2.3305,1.379,40.3801,14.035,19.0168,0,0,1,1
0.1907,9.6102,8.922,0.0577,14.5554,6.965,0.1811,7.5706,4.2628,43.2709,48.6417,1.4218,0,0,1,1
0.3253,3.3943,2.1615,0.1314,28.6541,8.7988,0.1098,9.0278,5.298,40.4636,27.0886,9.7664,1,0,1,1
0.3333,10.8666,3.7302,0.0284,16.0978,5.7455,0.2137,5.899,1.3059,94.7621,35.175,24.3718,1,0,1,1
0.3087,5.0335,5.6101,0.0871,36.1953,3.8131,0.2258,7.2802,7.2331,49.7671,14.7967,11.9814,1,0,0,1
0.1057,10.1351,1.4754,0.0981,13.364,1.124,0.227,8.8594,3.7933,100.4354,30.5103,37.2954,1,1,1,0
0.1903,5.4755,8.5506,0.342,8.1631,7.1724,0.2261,12.7795,5.6284,31.2676,5.9899,16.8271,0,1,0,0
0.0804,4.8576,3.9083,0.0278,34.122,4.2466,0.0224,10.9633,7.2213,57.6227,26.1429,28.0268,1,0,0,1
0.0814,9.9722,7.351,0.0269,32.8499,6.3213,0.2931,11.2487,4.1241,59.8926,4.5693,38.0282,0,0,0,1
0.2542,3.7897,7.96,0.0828,28.1612,2.6192,0.1629,12.2025,7.3699,89.4177,19.8782,44.0548,1,1,0,0
0.0862,10.8862,1.7012,0.1593,38.9033,7.7356,0.1015,10.3131,7.9063,39.9029,48.4733,18.7577,1,0,1,1
0.1386,12.5379,6.4957,0.2428,26.9079,5.5256,0.1845,5.38,6.1125,55.055,15.0996,22.121,0,0,1,1
0.2671,5.0853,2.4883,0.2471,19.1402,1.1769,0.1737,12.011,3.7511,44.877,19.5223,19.9009,1,1,0,1
0.2296,10.8507,7.2884,0.0289,8.1363,4.5736,0.1754,3.8806,6.7519,119.4386,47.2653,21.5026,0,0,1,0
0.196,12.2271,1.6587,0.0303,24.2453,4.4471,0.1396,3.1706,4.1583,66.4352,20.885,22.1853,1,0,0,1
0.184,13.8722,7.31,0.298,26.1563,7.6569,0.2357,2.6653,4.2278,65.5022,8.8109,3.8031,0,0,1,1
0.1421,11.5317,9.3995,0.327,38.005,4.2138,0.3459,3.9901,5.1746,66.7521,39.0726,15.2443,0,0,1,1
0.2174,5.4385,8.7397,0.348,24.7842,9.4725,0.0525,4.5159,4.9616,55.6718,28.4778,35.5167,1,1,0,0
0.1273,6.7591,1.2741,0.1697,32.6493,9.0109,0.3081,5.8272,5.1987,63.0407,45.6453,12.3083,1,0,1,1
0.1401,7.8039,2.8349,0.0826,6.2437,0.3607,0.265,8.5075,2.1081,59.7402,3.6545,35.551,0,1,0,0
0.21,10.4064,5.1144,0.1555,38.6375,7.5501,0.0642,5.7984,2.9418,37.2693,22.4331,27.1526,1,0,1,1
0.3409,7.8028,5.0711,0.2822,28.2935,9.8748,0.0776,13.8758,5.1419,69.2296,47.3805,22.7954,1,0,1,1
0.1315,13.0153,6.6912,0.1299,27.3783,5.0737,0.0671,4.9477,6.1604,70.5828,44.5506,36.6469,0,0,1,1
0.0362,12.461,2.2642,0.074,12.5645,6.6366,0.0791,4.9836,6.8417,111.1291,7.0252,16.5379,0,0,0,1
0.0705,5.2539,8.5863,0.0384,24.9388,9.0966,0.1736,8.9115,2.8018,68.4013,44.3284,41.5286,0,0,1,0
0.2078,4.9253,1.5836,0.0529,38.3769,3.0938,0.1784,5.4753,3.0778,102.7394,27.8084,14.6978,1,0,1,1
0.1285,7.1359,1.3817,0.3046,26.2203,6.1646,0.1672,14.2075,1.4492,93.6888,35.3243,27.9464,1,0,1,1
0.2822,13.5337,9.3546,0.0863,25.0105,5.5111,0.3011,4.5644,3.2297,89.089,6.1188,18.3878,0,0,1,1
0.1177,5.9566,7.6566,0.1585,22.3668,8.4283,0.0427,12.0891,3.5256,84.5537,8.8188,25.3232,0,0,0,1
0.1736,14.0763,5.5235,0.345,18.339,9.4489,0.3386,14.6012,2.2679,114.3082,25.558,15.4626,0,0,1,1
0.0946,11.8943,7.3406,0.0402,8.2032,7.5336,0.0478,4.8799,7.6042,32.3973,15.0504,1.2494,0,0,0,1
0.1562,6.9033,8.6679,0.3337,26.1089,3.107,0.0614,11.7346,7.0946,42.1678,14.5086,7.2181,0,0,0,1
0.2133,3.9863,0.6451,0.2511,14.667,3.1182,0.2525,5.0457,0.6426,55.9654,41.1321,20.5029,1,0,1,0
0.1219,3.3168,8.9247,0.2601,31.377,0.8943,0.1966,5.3086,3.003,98.4327,34.9726,11.6388,0,0,1,1
0.2528,13.5187,0.805,0.2177,35.0504,4.449,0.1932,7.5656,7.5766,46.5768,16.5961,39.0361,1,1,0,1
0.2188,13.772,8.6328,0.1403,19.285,1.3817,0.1367,3.2404,7.3252,105.3403,4.8547,4.779,0,0,0,1
0.2468,12.1731,1.3193,0.2561,32.9314,5.0577,0.1315,8.2625,4.5753,90.7987,10.5378,26.5603,1,0,0,1
0.1378,9.9408,8.8897,0.1171,20.1614,1.8758,0.295,11.7929,7.3681,71.6182,23.9569,23.3162,0,1,1,1
0.2544,9.471,8.9147,0.3425,26.2797,0.907,0.1749,9.3214,6.128,101.7522,4.6167,17.1044,1,1,0,1
0.2126,10.1421,7.0026,0.2367,38.4351,2.8419,0.3435,2.3796,2.7846,115.5038,14.5027,27.8259,0,0,1,1
0.0893,1.8973,5.1983,0.1925,34.5019,0.7855,0.1455,10.8262,1.553,54.7899,26.0416,11.3287,0,0,1,1
0.1938,2.1744,9.6728,0.3459,29.2166,1.2793,0.1484,6.7974,4.4281,89.6594,41.4402,8.4759,0,0,1,1
0.0773,5.7511,2.7268,0.1218,34.416,2.6733,0.1079,13.1547,0.7258,52.2926,9.6695,13.259,0,0,1,1
0.2869,7.1079,9.2644,0.0938,5.1062,6.4604,0.036,8.2202,3.1274,103.6708,16.419,8.6533,0,0,1,1
0.2757,6.1794,3.632,0.265,10.1076,1.4636,0.2586,9.5512,4.1598,40.8079,23.04,14.7155,1,1,1,1
0.3421,7.3502,3.0782,0.0998,35.3449,2.428,0.0662,7.0306,2.0872,93.9192,2.344,1.8148,0,0,0,1
0.2021,6.6514,0.8502,0.2343,23.3588,6.0089,0.1466,11.0476,7.4629,36.3073,8.1271,7.6304,1,0,0,1
0.2249,6.3219,1.7085,0.139,5.4517,5.6161,0.1926,14.5046,1.0557,39.8278,32.4975,44.873,1,0,1,0
0.1561,6.1286,5.2994,0.0852,15.7903,6.6561,0.0243,7.8912,2.7258,56.7842,43.3954,9.7286,0,0,1,1
0.1147,2.863,1.4806,0.1141,17.3926,5.4245,0.1721,8.2685,7.4398,91.6147,38.6244,39.7564,1,0,1,0
0.3121,9.3337,2.7149,0.1538,39.7722,7.0054,0.2063,10.8923,3.5262,97.8089,27.9487,42.7131,1,0,1,1
0.2221,12.423,4.6688,0.0475,19.267,0.4055,0.1307,5.4628,0.949,99.4175,5.3035,21.232,0,0,1,1
0.2781,4.6915,3.2467,0.2965,38.817,2.5668,0.0335,13.4522,4.3944,30.6597,10.2958,34.3282,1,1,0,1
0.0201,7.3379,4.0625,0.3405,31.481,3.2421,0.2758,14.8713,1.8025,111.2185,11.0356,12.8656,0,0,1,1
0.2344,11.2116,0.5816,0.2305,36.544,5.9546,0.2528,12.54,6.148,46.3809,49.2749,23.0072,1,0,1,1
0.2967,12.0838,4.3108,0.2172,20.5339,9.7287,0.3146,12.5436,1.8447,46.8188,23.5777,16.7645,1,0,1,1
0.1455,3.6288,5.224,0.0849,15.8309,5.4781,0.3159,7.9192,1.8076,51.8797,41.6598,14.3213,0,0,1,1
0.0753,3.2057,2.3469,0.2673,27.3279,7.5188,0.2826,5.9249,1.2173,42.8605,6.8529,22.0637,0,0,1,1
0.2993,4.5972,0.8883,0.2698,12.3275,8.692,0.1846,6.1896,0.7566,52.2121,23.6965,2.1545,1,0,1,1
0.2394,10.9067,9.3257,0.2195,18.8309,5.9567,0.1681,11.5401,5.339,94.1906,46.8912,13.6751,0,0,1,1
0.2428,1.4524,1.4288,0.157,14.2,8.7391,0.0765,12.9813,0.7225,88.6658,48.955,40.3211,1,0,1,0
0.3016,9.6847,8.3008,0.1,12.5722,2.8515,0.194,9.0946,1.2206,45.0415,5.5357,41.0906,0,0,1,0
0.3059,1.842,6.1902,0.2138,39.9486,0.7196,0.2853,6.4312,0.5464,101.8115,8.4616,8.9363,0,0,1,1
0.0263,5.9699,4.3978,0.3455,19.2761,6.3439,0.0346,5.2398,3.4471,73.5355,22.6922,33.3745,0,1,0,0
0.0692,12.731,8.6508,0.2805,37.0873,7.4335,0.0701,2.1419,1.2422,102.0819,46.3682,27.4611,0,0,1,1
0.021,10.7513,1.1341,0.0234,28.8162,5.295,0.2756,4.1148,2.0798,52.7785,21.2803,7.6541,0,0,1,1
0.1903,13.4923,4.9871,0.0801,12.0448,9.0369,0.162,11.6877,4.1342,89.2316,7.0156,13.7425,0,0,0,1
0.2905,5.7322,8.3559,0.2405,12.6804,9.4827,0.2642,14.5265,5.8486,113.9552,11.7242,38.1621,1,1,0,0
0.0635,7.4593,6.3003,0.3279,23.728,6.2446,0.2376,9.4673,7.4581,87.2758,41.665,26.4264,0,1,1,1
0.154,10.7402,0.8414,0.0959,14.2799,6.9133,0.1264,12.4941,3.05,81.5972,16.6404,31.3582,1,0,1,0
0.1914,4.6836,1.8717,0.2298,13.6053,3.2598,0.273,11.825,4.7149,85.5441,3.277,6.4279,1,0,0,1
0.0979,5.1952,1.0821,0.3125,17.2561,2.036,0.2546,8.4859,3.6443,116.4071,38.737,32.4091,1,1,1,0
0.2521,4.5617,4.4925,0.2707,32.9743,8.0987,0.1197,14.5035,2.7463,78.3925,19.6738,1.2153,0,0,1,1
0.1904,5.8408,3.0885,0.0452,26.6568,5.4856,0.206,9.0458,2.2678,86.7015,16.3422,34.2525,1,0,1,0
0.3327,11.7939,6.8796,0.0766,14.7602,2.2858,0.2175,6.9701,5.0713,70.944,48.5902,19.0598,0,0,1,1
0.2703,10.8786,4.5042,0.0232,37.1469,8.6319,0.0588,13.5101,4.1425,63.376,21.5108,8.1728,1,0,0,1
0.2772,2.8228,9.2284,0.086,33.7226,3.8128,0.2186,9.5489,3.2009,39.8855,4.3854,11.3521,0,0,0,1
0.3411,2.234,8.1106,0.1083,5.2447,9.0191,0.3186,4.5915,4.7379,97.6602,11.2385,3.8433,0,0,1,1
0.0776,4.5682,8.6168,0.3239,14.4876,5.0491,0.1268,2.8049,7.8769,32.0758,7.072,39.9859,0,0,0,0
0.1596,13.7676,2.0276,0.0742,28.1333,7.9243,0.1923,10.0446,5.5732,114.2472,7.5827,29.3062,1,0,0,1
0.0412,10.3729,5.8558,0.1075,18.4132,1.453,0.1516,6.7229,5.6862,63.1874,45.575,15.7653,0,0,1,1
0.0396,11.9147,4.6133,0.2105,35.3652,3.9947,0.2938,4.8078,7.0715,62.5813,13.8221,37.1378,0,1,0,1
0.0353,1.5808,3.2444,0.2158,36.9677,1.1406,0.1045,9.3399,6.5918,102.9905,30.5464,42.9733,0,1,0,0
0.3478,7.6523,3.3868,0.157,19.6147,7.7589,0.0982,10.615,2.548,32.0916,21.2259,18.1417,1,0,1,1
0.2686,6.7962,9.8967,0.3246,30.6376,2.0223,0.1158,4.9243,4.3414,101.9558,5.1772,1.6547,0,0,0,1
0.2844,5.8619,2.0041,0.2273,29.8379,4.5722,0.2068,5.6436,7.2633,110.4821,29.0373,40.1713,1,1,0,0
0.3262,7.2475,7.4897,0.2651,35.7103,5.27,0.0652,11.2259,3.9781,38.511,47.9845,6.6276,0,0,1,1
0.0753,10.0465,9.7759,0.3458,20.3469,4.5959,0.0331,5.1239,1.8442,71.9025,30.6449,15.5234,0,0,1,1
0.0386,14.1401,3.9974,0.3368,33.3936,1.8867,0.3053,3.7549,2.3537,57.1296,35.7926,10.6296,0,0,1,1
0.2231,6.7567,5.2849,0.288,26.8912,9.9323,0.1678,12.7964,4.7241,49.5047,26.3156,13.1569,1,0,1,1
0.1129,4.9531,5.0836,0.141,24.2412,7.9064,0.254,11.1232,1.6772,107.3681,21.5892,14.836,0,0,1,1
0.1816,8.1563,9.6402,0.1604,9.1169,7.4522,0.3481,14.0826,7.3077,56.3929,6.7052,33.0491,0,0,0,0
0.2249,11.1109,2.0144,0.1021,29.1114,1.2829,0.318,2.291,3.1033,66.6704,39.5656,8.2126,0,0,1,1
0.0295,7.5519,8.6955,0.194,23.8201,4.43,0.3407,8.1339,7.2398,38.9673,10.8776,33.8932,0,1,0,0
0.1726,6.5884,6.4152,0.2855,23.5997,1.9615,0.2711,6.1603,3.5,116.8399,48.8928,34.5017,1,1,1,0
0.2317,4.2011,1.5263,0.221,12.2431,1.015,0.2779,14.4675,5.4586,113.3347,18.8032,22.7315,1,1,0,0
0.0904,2.106,9.5483,0.2203,30.7651,8.2213,0.1382,6.9519,1.3692,77.6351,25.2914,41.0044,0,0,1,0
0.1196,5.7553,7.4712,0.1317,28.2675,6.2216,0.0933,2.8701,4.4577,55.6678,12.6975,6.4873,0,0,0,1
0.2973,2.0904,1.8114,0.2583,12.9562,6.6671,0.2217,5.7006,3.2609,107.5907,44.8458,23.3365,1,0,1,0
0.0735,9.9497,2.2259,0.0449,16.9657,8.6496,0.1705,5.086,1.2132,57.6336,37.3749,42.1826,0,0,1,0
0.2182,9.4691,9.5461,0.2155,17.4399,0.8294,0.1788,14.6845,4.8686,39.8901,14.5274,14.113,0,1,1,1
0.0224,4.2006,0.9722,0.2336,39.8011,1.4963,0.3418,10.0871,4.8532,91.7278,4.9084,44.6151,1,1,0,0
0.0447,4.7733,9.8707,0.1519,10.109,5.6527,0.3129,9.8689,6.184,48.2169,32.3962,7.3712,0,0,1,1
0.1716,7.2417,1.4441,0.3414,36.5081,2.6989,0.273,3.1073,3.1476,55.9841,28.5835,7.8347,0,0,1,1
0.266,12.4433,7.1145,0.1477,5.6499,1.5364,0.1607,13.7478,5.425,59.9079,4.5366,18.0736,0,1,0,1
0.092,4.7194,2.2715,0.2973,31.4923,1.7338,0.2151,7.3739,5.0556,101.6039,25.0998,6.8773,0,0,1,1
0.2576,8.1096,7.9101,0.2012,27.5741,5.8494,0.1776,9.377,4.3663,80.8622,39.6841,39.1564,1,1,1,0
0.0208,9.0381,3.8958,0.1412,16.9994,9.9642,0.2749,8.8827,7.4576,95.9089,43.4567,2.5639,0,0,1,1
0.2048,1.9448,6.334,0.0364,39.6726,8.3262,0.324,7.4528,6.0775,55.8571,7.4131,30.1699,1,0,0,1
0.162,12.888,2.9177,0.1506,28.4645,8.5384,0.0213,10.638,3.4261,36.8631,14.2454,5.3285,0,0,1,1
0.0509,4.2238,6.4786,0.2217,33.5204,4.2403,0.0764,5.1284,2.8496,117.5923,3.3914,7.2139,0,0,0,1
0.2259,5.8075,7.5007,0.1068,11.2037,9.9148,0.2318,6.5438,3.8474,88.0893,40.3762,41.6761,0,0,1,0
0.0647,6.9564,4.8417,0.1319,32.9535,3.32,0.3414,13.0724,4.2378,61.3812,11.0669,28.635,0,0,1,1
0.1551,8.8261,9.1423,0.1085,33.0603,8.814,0.1686,4.5567,6.8335,61.1363,35.9099,9.4811,0,0,1,1
0.1898,11.8796,2.6234,0.0467,8.4819,7.5977,0.1756,10.5894,1.975,33.7076,32.6065,24.6754,1,0,1,0
0.3349,1.2555,9.5695,0.3311,28.6852,6.348,0.3471,6.9033,4.6306,88.1212,9.5395,27.029,1,1,0,1
0.0452,6.5373,5.8088,0.2364,9.937,3.1385,0.2415,6.8376,2.8643,42.0271,29.003,11.5176,0,0,1,1
0.2681,4.8274,8.793,0.2002,12.6152,7.4966,0.0438,9.4557,7.6205,80.5667,19.0573,24.7371,1,1,0,0
0.269,1.233,8.8758,0.2766,33.051,6.7241,0.0284,5.3831,4.5607,82.1991,39.0209,3.2064,0,0,1,1
0.2675,14.4878,2.2584,0.1364,25.9308,3.4985,0.0626,11.9952,0.5499,105.4019,23.8013,1.888,0,0,1,1
0.3282,7.9389,2.9239,0.2453,25.2333,4.1112,0.3196,9.4816,3.9311,47.3916,45.5596,23.0316,1,1,1,1
0.2997,3.6257,1.3221,0.2344,5.7172,0.5564,0.0639,11.3922,0.996,110.3907,13.5573,11.0737,1,1,0,0
0.0614,7.4521,3.3281,0.2303,9.787,0.7116,0.1183,11.6598,7.9491,36.7727,5.0047,38.4996,0,1,0,0
0.1727,13.4354,9.8816,0.1552,29.3859,5.3465,0.3362,10.8724,4.0699,80.959,29.2329,30.3111,0,0,1,1
0.3383,13.536,5.1308,0.289,34.3203,6.175,0.2763,3.9692,2.0486,39.6376,49.807,3.4654,0,0,1,1
0.036,11.992,5.6333,0.2351,7.5599,7.8892,0.1352,6.5465,4.8204,43.306,8.2578,27.6921,0,0,0,0
0.2057,2.6473,1.8827,0.2972,23.6255,8.2927,0.3379,10.9395,7.5126,63.9343,48.3934,18.3551,1,0,1,1
0.1731,14.138,6.7388,0.3268,20.0039,2.4943,0.1663,14.1615,6.7155,97.8252,37.0094,9.4782,0,1,1,1
0.0672,5.9202,6.4275,0.0433,18.6192,0.8675,0.3355,7.6078,5.9399,30.6408,16.9709,40.7562,0,0,1,0
0.271,4.3295,6.2082,0.0804,24.4361,5.4942,0.1307,8.21,1.2371,48.6878,45.1547,24.9949,1,0,1,1
0.1634,1.1839,6.2876,0.137,35.0975,4.5416,0.0489,5.1444,3.0674,86.3992,6.2585,22.8761,0,0,0,1
0.2649,7.1051,1.0078,0.1066,34.8891,5.9019,0.1125,4.1522,3.4601,46.3646,29.0746,24.1689,1,0,1,1
0.1546,1.6087,6.2807,0.1279,37.7861,7.6436,0.2904,12.0168,1.3033,51.1919,20.7128,39.056,1,0,1,1
0.1131,2.5539,0.6959,0.1289,20.0056,5.7196,0.0262,12.485,3.4678,57.2938,6.6824,13.7559,1,0,0,1
0.0264,1.3924,7.3111,0.1293,26.6588,6.6618,0.347,10.833,0.5618,90.0874,25.9082,2.5017,0,0,1,1
0.0533,10.497,8.1045,0.0372,31.6002,7.4895,0.1014,7.6549,4.3913,30.1191,20.5488,17.047,0,0,0,1
0.2932,10.2881,3.3756,0.2993,31.4654,3.5957,0.1867,3.4746,3.0355,67.3019,38.9248,44.5388,1,1,1,0
0.3226,9.8462,2.1677,0.0896,19.9205,7.8726,0.3131,3.4278,0.8097,101.4247,48.111,5.6056,0,0,1,1
0.0955,10.5258,2.13,0.3061,39.6507,4.3084,0.1635,7.2531,5.0985,96.1781,21.9836,43.1676,1,1,0,1
0.0965,11.3576,2.6576,0.2307,13.6988,1.4544,0.2285,6.6873,2.2161,92.7988,32.7206,28.3753,1,1,1,0
0.0272,4.6908,4.9815,0.292,15.6089,5.3409,0.162,12.8449,6.771,63.1237,30.6069,3.2748,0,0,1,1
0.1171,6.4591,6.0548,0.2706,33.3482,6.7354,0.1076,9.3973,7.7419,69.7611,41.5771,41.4708,1,1,0,0
0.2392,11.1771,7.4303,0.2794,36.8214,8.2105,0.3314,12.4758,4.0072,103.912,27.7261,27.2881,1,0,1,1
0.301,12.0545,7.607,0.1704,38.3753,5.6476,0.169,4.6045,0.8879,119.4963,39.5481,20.2988,0,0,1,1
0.2338,12.0447,5.0488,0.2705,38.0859,3.0486,0.118,12.858,0.9074,91.1228,32.1815,35.9134,1,1,1,1
0.09,7.4898,4.2289,0.3018,12.6725,0.4771,0.0246,6.3212,3.3791,55.6512,26.926,15.5722,1,1,0,1
0.2993,1.6449,1.9509,0.3031,39.604,2.1445,0.24,7.8956,4.9725,37.558,29.6559,33.5352,1,1,1,1
0.2393,3.8583,2.8678,0.2442,39.7399,3.1705,0.1826,11.5978,6.5855,45.0764,21.3428,17.7979,1,0,1,1
0.199,2.0084,6.4383,0.0998,24.2449,7.369,0.3012,6.2164,2.8297,109.5103,26.3341,14.0271,0,0,1,1
0.3004,2.572,1.2117,0.1167,30.8554,3.6919,0.283,5.1381,5.1476,69.0176,3.5019,17.0883,1,0,0,1
0.118,10.9149,1.7661,0.0671,24.112,1.7325,0.055,4.001,4.0098,95.3535,44.6934,8.0494,0,0,1,1
0.3337,12.5024,7.5489,0.1349,17.6085,5.1526,0.1314,13.9407,3.3106,104.2552,9.8158,28.5361,1,1,0,1
0.2379,3.7998,2.8541,0.286,39.9368,4.6414,0.0897,11.1663,1.835,95.9748,34.3682,34.2266,1,0,1,1
0.068,2.913,1.3233,0.0795,8.1755,0.9761,0.2464,7.5022,3.7764,75.2606,34.1953,38.3981,1,1,1,0
0.2506,14.3574,6.7264,0.1833,31.4658,4.4012,0.0783,9.0641,7.8237,83.9848,41.4232,3.7343,0,0,1,1
0.3408,2.4798,8.2888,0.1475,20.382,3.4186,0.1057,14.9377,6.8368,45.2297,40.4341,25.2783,1,1,0,0
0.2525,1.2777,4.9091,0.2031,12.9052,5.6627,0.1776,12.0496,0.8571,69.086,45.8404,36.8137,1,0,1,0
0.2191,2.7847,9.6901,0.2905,32.2533,4.4008,0.1538,11.6204,5.4839,42.2915,47.4214,29.1407,1,1,1,1
0.0929,3.077,5.1206,0.2531,20.5885,9.7529,0.2555,11.5619,5.0125,64.3173,9.3284,20.2474,0,0,0,1
0.0752,2.0782,0.9719,0.149,6.5821,2.68,0.2248,11.4437,6.5769,116.1326,22.6826,10.7584,1,1,0,0
0.3104,10.3665,0.9932,0.0363,17.5328,4.948,0.2414,6.6541,5.0014,57.9792,45.1701,22.2624,1,0,1,1
0.045,5.3569,2.3085,0.0621,31.6178,0.3771,0.137,5.5048,7.4225,110.9232,7.3695,31.6467,0,1,0,1
0.1103,2.1556,2.0206,0.1561,8.9029,5.0177,0.1573,7.0116,5.4415,35.3698,29.7902,9.6111,1,0,1,1
0.0711,2.3994,5.1556,0.3008,35.3083,1.765,0.0586,4.2815,7.7089,39.3714,2.3712,24.9245,0,0,0,1
0.0449,1.7122,6.8742,0.218,34.1432,4.662,0.3494,13.5232,4.341,118.613,21.0065,4.6799,0,0,1,1
0.1486,1.9648,1.5351,0.1951,16.2947,4.899,0.156,5.4494,6.0261,91.0414,5.3642,24.2471,1,0,0,0
0.0896,7.6698,3.8486,0.1697,16.0777,2.4227,0.2143,3.9707,4.4871,45.5937,2.6109,1.5544,0,0,0,1
0.1807,8.1381,0.334,0.1675,31.9477,2.3629,0.2235,13.6426,2.9167,108.0394,32.1299,13.9099,1,0,1,1
0.2995,7.3518,2.206,0.1164,21.7668,2.5729,0.2162,14.518,6.2102,38.2505,38.6028,26.9404,1,1,1,1
0.1661,14.596,4.5604,0.0958,29.0377,4.0194,0.0544,13.0013,0.5057,34.1832,38.2649,44.835,1,0,1,0
0.0607,7.3939,5.3337,0.0459,38.9924,3.7878,0.2778,11.0977,6.2306,71.9201,35.8354,11.9182,0,0,1,1
0.2726,2.7263,9.0108,0.2155,39.4454,3.9273,0.0712,3.56,6.4212,33.3751,9.464,14.4788,0,0,0,1
0.191,6.5337,7.3936,0.1351,22.4639,7.7101,0.1891,4.5014,3.8561,95.5501,21.6262,2.086,0,0,1,1
0.2501,3.3182,5.8144,0.1055,30.6184,1.3732,0.1985,12.1024,7.4559,100.3959,4.3131,17.6337,1,0,0,1
0.052,10.6037,4.2543,0.05,7.438,5.0797,0.2773,10.7437,2.9568,99.1489,44.3615,12.2194,0,0,1,1
0.1573,2.4538,9.7219,0.1648,14.5246,0.5396,0.0572,8.8838,5.9856,42.5365,39.3933,33.5841,0,1,1,0
0.1928,9.0894,4.0769,0.2089,23.9245,5.0003,0.1346,3.2687,5.675,65.5518,24.3217,11.2173,0,0,1,1
0.0755,4.3159,3.0033,0.3456,20.6574,2.5639,0.0433,6.6244,6.4037,117.2123,46.4932,4.9137,0,0,1,1
0.3306,5.3025,3.7169,0.098,27.9913,2.8726,0.2167,10.3144,3.39,33.4126,30.2339,32.3872,1,0,1,1
0.338,13.8081,6.1616,0.3167,15.976,9.9361,0.1756,4.1148,2.0742,86.9392,34.8966,29.5887,1,1,1,1
0.0201,14.3711,3.1257,0.2859,21.0234,2.1604,0.1735,4.7586,6.908,86.9917,28.8094,26.0274,0,1,0,1
0.3198,14.9837,8.6957,0.3286,10.3634,8.2432,0.1407,9.555,4.2838,75.4025,29.7208,24.3175,1,1,0,1
0.2489,8.8958,1.4445,0.1001,7.9179,2.6507,0.0348,4.1147,0.6328,72.1642,3.1827,43.7216,1,0,0,0
0.0591,13.2907,1.6549,0.2041,31.1457,2.4729,0.2058,9.8882,2.6534,51.7993,37.9904,30.4764,1,1,1,1
0.1234,2.6635,1.6447,0.1909,31.9329,6.7862,0.2869,12.7782,4.287,80.5304,31.3009,32.5709,1,0,1,1
0.2148,8.0785,8.6178,0.1386,17.7063,8.2254,0.2154,8.1222,1.175,101.1044,9.788,5.4432,0,0,1,1
0.052,10.1279,9.9767,0.0985,6.5226,2.8642,0.181,5.8914,0.8145,73.4781,48.1877,9.836,0,0,1,1
0.026,8.6624,7.0658,0.3435,17.9415,1.7887,0.2014,3.8728,4.5293,86.5796,49.3082,28.1173,0,1,1,0
0.146,5.2269,3.1505,0.145,10.8482,7.3295,0.1691,5.6815,7.0083,72.3394,46.2104,35.0231,1,0,1,0
0.2097,1.617,9.0744,0.1366,23.2086,7.5781,0.3141,2.1159,7.0791,57.0687,35.3253,7.1958,0,0,1,1
0.3498,2.2688,5.8197,0.0341,25.1496,9.5163,0.0992,11.7238,5.5731,57.8343,41.6074,38.7746,1,0,0,0
0.0296,13.2916,7.2674,0.1021,29.1549,5.9969,0.2455,7.1869,5.1814,49.7891,18.6675,8.971,0,0,1,1
0.0603,8.8731,5.9759,0.1251,9.7726,4.8217,0.283,5.473,4.4052,45.7191,25.8687,21.2257,0,0,1,0
0.0942,1.1453,6.6074,0.0676,6.6831,0.4786,0.0438,2.8926,1.9861,36.5457,10.9043,40.9782,0,1,0,0
0.3301,2.7669,2.1905,0.0745,5.2332,2.2418,0.3449,7.0243,6.9349,101.4679,17.6309,7.8245,1,1,0,1
0.1349,5.4466,2.3875,0.3397,10.569,4.2263,0.2024,6.2934,5.1412,88.9461,15.6563,38.4573,1,1,0,0
0.0507,10.6258,6.6099,0.3232,11.177,3.9085,0.1467,7.4806,5.3026,117.9678,36.7053,44.2025,0,1,1,0
0.0326,4.255,6.4669,0.3029,16.1335,5.5597,0.1189,11.6639,1.5475,118.7052,23.9453,24.0049,0,0,1,0
0.2904,8.8283,5.6259,0.1657,17.9205,1.2026,0.1639,11.9567,4.9102,85.7509,20.1649,44.3118,1,1,0,0
0.2878,14.5697,0.9242,0.0224,29.1363,1.9252,0.1304,2.3879,1.733,56.9541,36.1348,23.8213,1,0,1,1
0.1997,4.0554,5.2885,0.3395,30.2076,8.4885,0.2606,4.8017,4.1054,119.2495,6.0224,42.7262,1,0,0,0
0.0872,3.3739,0.5443,0.0757,11.5003,7.7152,0.1484,14.5821,1.2087,58.6598,5.8616,10.8821,1,0,1,1
0.1664,6.076,9.0879,0.1969,32.7076,8.2621,0.2488,5.2585,3.2954,53.7511,30.0403,35.9926,0,0,1,1
0.3233,4.4119,1.7094,0.2253,31.6682,9.5963,0.2099,9.1588,1.4939,31.4897,33.9894,8.9856,1,0,1,1
0.1796,4.4723,8.0564,0.2295,38.484,2.8034,0.1812,6.6673,1.5554,93.6764,42.0528,7.1899,0,0,1,1
0.1328,4.8548,7.4131,0.1219,26.7066,8.9309,0.202,11.4732,4.6749,50.7537,33.2434,44.4251,0,0,1,0
0.3015,14.6251,1.9339,0.2093,39.7992,7.2702,0.1316,13.3848,4.3906,44.758,11.2963,25.6815,1,0,0,1
0.2538,3.8969,8.5782,0.3,22.0312,4.7267,0.2222,2.5686,5.3071,110.0086,5.8017,30.8818,1,1,0,0
0.0658,7.8394,6.144,0.0683,8.089,3.939,0.1358,9.0226,5.5181,112.2972,9.3005,19.9219,0,0,0,0
0.122,12.8078,6.9038,0.2044,31.8254,5.5892,0.0781,3.1159,5.7505,76.6977,48.0353,37.6767,0,0,1,1
0.3245,3.9423,4.3067,0.2761,9.7394,4.0926,0.242,11.6074,7.0495,90.4249,23.1886,8.6606,1,1,0,1
0.1565,11.5904,6.5188,0.2241,36.6905,4.959,0.0373,4.2144,5.3176,48.6968,25.6143,5.4467,0,0,1,1
0.2405,10.5276,6.6667,0.0784,39.8029,3.959,0.3099,12.8168,1.9967,44.1405,14.2322,9.8212,0,0,1,1
0.0842,2.5696,7.1431,0.1354,37.729,8.1911,0.0818,14.1196,3.3546,119.9291,20.3784,19.7066,0,0,1,1
0.2452,11.8603,9.8895,0.3352,23.0342,7.0573,0.0674,14.7525,5.4604,47.8692,42.8456,26.498,1,1,0,1
0.0739,13.5089,7.452,0.1919,13.3347,4.8411,0.1987,14.732,2.4744,87.3469,11.6041,23.9455,0,1,1,1
0.2304,1.2515,3.9611,0.1224,39.7453,5.3639,0.3105,6.7731,6.5948,110.8068,39.9137,43.9092,1,0,1,0
0.3332,7.1671,4.8859,0.227,5.9186,1.4257,0.2619,2.4104,4.9934,45.2246,22.5823,16.2793,1,1,1,0
0.1831,9.8683,1.0083,0.1965,38.8838,7.0496,0.2329,4.1043,7.2553,110.6779,33.5315,38.4075,1,0,1,1
0.0455,8.7921,1.5133,0.071,36.8796,8.8413,0.1922,11.7328,6.0424,94.547,2.1721,14.0116,0,0,0,1
0.0422,13.9592,5.6472,0.2309,31.7001,8.3346,0.2118,6.5725,0.8239,79.8771,34.4747,11.5343,0,0,1,1
0.1967,2.7304,3.9827,0.1241,35.0233,5.8875,0.1075,10.561,1.0518,104.3396,24.24,40.8039,1,0,1,0
0.1412,13.3864,3.3842,0.0783,34.4394,7.6456,0.3164,6.5646,1.8072,84.1196,33.2239,31.006,1,0,1,1
0.105,9.2316,0.8255,0.189,26.8484,3.0052,0.2588,10.8624,1.3638,42.7888,42.8578,8.6775,1,0,1,1
0.2986,14.0903,6.5554,0.0368,15.24,0.6564,0.1314,8.8974,1.9958,70.1287,3.0293,9.857,0,0,0,1
0.3214,13.5282,2.9647,0.1556,32.6928,7.1315,0.229,12.752,2.5175,115.2163,32.6162,43.9798,1,0,1,1
0.0518,14.609,4.2427,0.3262,36.9814,0.4383,0.2301,11.0846,6.6426,49.2655,10.4411,43.7957,0,1,0,1
0.228,10.0195,7.2634,0.2007,35.0157,5.683,0.2078,11.6648,5.3655,35.1832,38.8526,7.7733,0,0,1,1
0.3016,4.0747,2.4535,0.0787,27.521,0.9149,0.0368,13.016,1.7086,53.7779,29.2016,3.5811,1,0,1,1
0.2537,8.6819,6.3545,0.2111,33.3576,0.9166,0.0906,8.9944,6.0153,102.1112,18.5486,36.8648,1,1,0,1
0.0365,8.5987,0.8041,0.3072,28.1458,7.0965,0.195,8.8092,5.1366,104.6191,6.8451,22.2748,1,0,0,1
0.1615,1.5355,6.517,0.3248,25.8065,8.6761,0.0928,7.7331,1.4548,56.6914,35.4045,34.3882,0,0,1,0
0.1486,14.8216,2.7464,0.2123,13.9959,6.1472,0.2379,4.7765,5.1779,94.3174,45.7317,14.4295,0,0,1,1
0.09,9.0525,9.8993,0.2723,27.4619,6.3267,0.2778,4.6035,0.7705,91.6709,26.7699,29.0919,0,0,1,1
0.0285,6.7409,8.1152,0.1597,39.7355,4.1662,0.317,14.1375,7.6432,97.3951,14.7898,19.209,0,0,0,1
0.2909,3.7566,8.4912,0.0926,36.5456,3.2137,0.119,5.5324,1.7621,99.8801,19.2039,24.8293,0,0,1,1
0.282,2.2377,9.7586,0.1407,24.8189,3.3499,0.1228,5.0782,7.7039,92.7565,9.1751,44.3366,1,1,0,0
0.3364,7.4612,1.3909,0.2636,18.4887,5.5637,0.2537,6.7258,6.6943,106.7697,4.4276,33.5083,1,1,0,0
0.1863,3.9307,2.6934,0.0264,8.0089,9.7467,0.1362,11.0729,5.1844,86.5874,14.1196,26.5827,1,0,0,0
0.3361,14.8277,4.5626,0.307,14.4634,8.0222,0.1199,2.1537,3.5054,30.0119,6.7155,34.8963,1,1,0,0
0.2024,6.1827,1.8377,0.1946,31.094,2.1085,0.1272,11.7774,0.8006,37.6094,42.8949,34.8173,1,1,1,1
0.3102,9.8132,0.836,0.3215,11.3318,8.5916,0.3352,12.5794,0.9391,62.574,46.0313,36.5671,1,1,1,0
0.0809,7.1253,3.3684,0.3133,23.2261,4.1098,0.1014,4.5988,7.3402,60.0543,28.09,39.8398,1,1,0,0
0.3438,3.9356,9.1924,0.2289,22.2552,2.7819,0.1821,7.584,6.9838,36.8016,12.968,10.1698,1,1,0,1
0.219,4.4533,1.1282,0.3465,32.5975,8.0841,0.1379,14.9559,2.0282,35.7213,11.8862,30.9713,1,0,1,1
0.0313,4.9468,8.6967,0.2873,20.7745,4.5012,0.2441,13.9535,5.7906,53.0498,8.3094,36.5866,0,1,0,0
0.0987,13.4892,1.2058,0.1109,11.4185,4.1187,0.1058,10.1903,7.4354,51.3933,21.5075,11.1979,1,0,0,1
0.102,9.5289,9.1446,0.1384,10.9773,9.7733,0.0559,14.9649,2.2023,78.6168,48.604,8.6052,0,0,1,1
0.2603,6.3716,2.8634,0.0924,33.1586,4.361,0.3466,4.73,4.9653,70.2768,10.035,8.0016,1,0,0,1
0.3246,7.1432,7.1198,0.2221,34.4377,8.2256,0.3271,14.8607,3.3865,32.5005,26.1319,19.522,1,0,1,1
0.3393,10.3478,5.7569,0.1193,6.361,3.8721,0.2378,8.1767,3.3479,105.0665,3.8595,24.6435,1,1,0,0
0.2053,10.8167,4.9177,0.2086,20.2124,0.3432,0.1859,11.9424,6.3441,48.3572,14.2199,4.8034,1,1,0,1
0.2674,1.1331,9.9051,0.1247,32.6381,7.8905,0.1214,6.0073,1.2223,72.6607,8.3702,17.9612,0,0,1,1
0.3345,12.9598,2.8247,0.1775,37.9285,8.3191,0.1896,4.1139,2.0563,64.03,21.0475,16.2487,1,0,1,1
0.1317,5.5356,6.8852,0.2108,31.6275,5.7396,0.312,3.1812,4.3723,48.5273,14.3165,30.6335,0,0,1,1
0.1913,4.6888,3.5764,0.0566,27.5209,6.4342,0.2693,14.6544,4.3642,39.783,35.1949,43.1158,1,0,1,0
0.0369,5.6819,9.7978,0.0353,5.5212,8.1179,0.2605,14.4609,5.7788,82.1706,26.6907,28.6345,0,0,1,0
0.3485,2.2557,4.0587,0.2671,22.6869,8.2211,0.1515,11.4313,6.5785,106.6993,33.0225,19.4006,1,0,1,1
0.1627,3.3809,4.1367,0.0343,22.8937,6.9938,0.1597,14.6367,6.5554,59.3936,15.4072,5.3854,1,0,0,1
0.2586,1.4782,0.5588,0.2563,19.633,3.0121,0.1996,3.449,3.9317,91.8613,6.6203,40.9371,1,1,0,0
0.172,3.583,2.064,0.3461,12.2218,5.4145,0.0836,13.6058,2.3553,80.9017,42.0248,33.1204,1,1,1,0
0.0403,2.4016,0.8965,0.2382,19.0587,2.5357,0.3098,8.2683,5.4812,46.5379,15.834,11.5133,1,0,1,1
0.0798,3.8694,1.0263,0.2881,26.6806,9.6349,0.3404,7.0556,5.4223,94.5856,2.1805,17.4258,1,0,0,1
0.3164,2.168,3.8695,0.057,7.6671,2.8101,0.2439,4.5599,2.796,58.6843,9.0263,2.956,0,0,1,1
0.183,11.8153,2.4842,0.3004,16.8117,5.5289,0.2522,11.297,1.5701,110.5797,29.817,43.2841,1,1,1,0
0.147,2.4644,8.5159,0.2397,28.0994,8.8573,0.1372,7.2186,1.8085,85.5476,25.2431,36.1153,0,0,1,0
0.0593,10.2236,3.3177,0.3144,21.0368,4.8953,0.2154,8.6094,3.1308,80.5621,37.2165,21.8413,0,0,1,1
0.2072,2.2044,5.1103,0.0355,12.1911,6.4714,0.2139,13.446,2.2549,51.9621,15.5563,28.5505,1,0,1,0
0.3182,3.1781,7.6796,0.1602,8.8408,5.9312,0.1368,12.2959,3.3768,30.9513,48.8343,22.1621,1,0,1,0
0.3334,13.3085,8.3895,0.1408,20.5122,3.5146,0.2897,3.5989,7.7601,100.491,24.6973,24.9254,1,1,0,1
0.063,3.1017,6.2149,0.2842,38.2477,0.3281,0.1489,3.032,1.806,81.5686,40.8309,5.9957,0,0,1,1
0.0307,5.5971,9.6623,0.0661,35.3203,8.8761,0.1158,8.8944,0.7486,82.4002,41.1009,37.1708,0,0,1,1
0.2847,4.8094,2.7449,0.1443,26.0012,2.2952,0.1611,7.2248,6.0194,92.321,13.1848,21.8157,1,1,0,1
0.2514,12.6001,6.2645,0.0822,29.1559,5.5515,0.0319,3.3865,1.5211,62.5662,11.8522,1.6748,0,0,1,1
0.1524,7.7631,5.9708,0.335,20.3078,7.1907,0.0605,6.1334,0.6938,76.5984,24.0712,12.9087,0,0,1,1
0.3283,6.3774,8.3218,0.3348,10.3861,4.1578,0.2749,14.455,6.6106,111.9364,5.7099,16.3061,1,1,0,1
0.2609,12.11,2.6476,0.2134,13.0766,5.8444,0.0637,12.2972,7.7737,44.9471,22.4377,15.7612,1,1,0,1
0.1585,2.8585,9.1315,0.148,22.9698,3.8368,0.263,14.8485,6.8316,49.2769,6.7754,13.4142,0,0,0,1
0.3499,5.5805,2.653,0.218,12.0199,8.8572,0.0321,11.7923,2.3699,99.9292,37.8231,10.6818,1,0,1,1
0.1027,11.3925,0.8329,0.1379,30.4268,2.4622,0.3292,9.5912,6.7774,83.756,5.4239,41.2864,1,1,0,1
0.1287,8.7361,0.7594,0.2738,8.0007,5.922,0.2493,4.3359,5.5465,62.8057,42.6626,34.7317,1,0,1,0
0.2885,2.6015,1.0633,0.2262,22.5318,8.4017,0.2094,2.4124,4.3049,42.3799,12.0839,21.3351,1,0,1,1
0.0784,10.5344,6.1532,0.1957,36.465,4.59,0.2597,6.2496,7.0847,103.9926,10.6239,25.8374,0,0,0,1
0.1707,7.4494,6.0418,0.024,31.61,2.7155,0.0757,5.2654,6.6809,49.4145,43.0469,40.807,1,0,0,0
0.1325,11.7851,9.6774,0.2539,24.4576,8.7907,0.0887,6.5652,0.8716,99.9734,33.3005,28.5074,0,0,1,1
0.1675,4.7134,8.4414,0.0368,20.3005,3.3063,0.2423,5.762,6.1182,63.1138,9.6608,9.2417,0,0,0,1
0.1271,1.173,5.109,0.2042,5.3492,6.8448,0.2603,8.335,3.4657,38.3486,33.4037,3.7096,0,0,1,1
0.0445,9.6375,6.0221,0.2452,29.6342,2.9704,0.2382,2.2307,5.2171,92.8354,8.9725,18.4797,0,0,0,1
0.0351,1.9997,1.0459,0.1631,8.8973,1.7867,0.3289,10.6188,3.6094,74.067,36.2322,10.4899,0,1,1,1
0.1934,12.2935,2.49,0.2064,36.8402,7.6486,0.0756,11.7542,3.1235,76.0771,24.3931,13.9569,1,0,1,1
0.1241,9.6461,2.0918,0.2877,17.9134,1.4797,0.0316,8.0198,2.3117,79.4205,37.3878,34.3943,1,1,0,0
0.0795,6.7974,9.6123,0.2907,24.8641,3.3042,0.1754,12.1938,5.3049,70.4216,49.365,16.4815,0,0,1,1
0.2791,1.7467,1.7001,0.3181,20.5452,8.348,0.2694,6.6535,2.0137,40.5747,31.5718,8.264,1,0,1,1
0.2828,8.028,4.1405,0.1571,28.7804,4.7706,0.325,9.3612,4.1509,93.0111,26.0042,8.5566,0,0,1,1
0.1884,7.5649,3.392,0.1062,33.6646,8.8275,0.0484,14.9362,2.9249,95.99,30.1568,9.5476,1,0,1,1
0.325,3.7851,1.8566,0.0928,10.8039,3.561,0.0205,4.7503,5.708,39.745,33.9145,21.6131,1,1,0,0
0.0345,11.0482,4.1682,0.1371,30.7426,9.2074,0.2707,14.4002,1.8476,86.9787,3.2429,8.376,0,0,0,1
0.3492,13.7489,1.0577,0.1083,30.0804,5.538,0.0493,10.5626,1.4209,42.2166,48.5641,9.4716,1,0,1,1
0.3479,7.1035,9.2713,0.1476,29.2577,5.1527,0.3327,14.6171,2.9834,111.0301,2.6424,20.1874,1,0,0,1
0.3062,1.6417,8.1391,0.1532,35.4836,2.5218,0.0486,3.2553,4.6109,70.5818,45.9871,5.4486,0,0,1,1
0.2587,6.4561,5.6196,0.2091,14.8719,2.666,0.0878,7.1501,7.4904,48.9646,26.1747,11.7214,1,1,0,1
0.1809,7.7122,8.9096,0.1413,12.8335,5.5501,0.1537,13.5799,4.511,111.4983,36.0941,6.409,0,0,1,1
0.2432,10.3055,1.9946,0.0614,5.9028,9.6726,0.0452,11.3599,7.5988,93.0314,26.0677,19.5841,1,0,0,0
0.2178,13.8969,5.7888,0.1291,15.1394,1.7852,0.252,5.2329,2.279,34.8479,20.5567,14.2278,0,0,1,1
0.1484,10.7934,0.4487,0.0589,6.8227,9.4601,0.1768,14.3012,5.9253,47.9275,23.649,37.7631,1,0,0,0
0.2468,3.6091,5.8121,0.3484,24.2417,1.6216,0.0331,9.7728,5.4206,76.2994,23.0286,17.1761,1,1,0,1
0.0717,2.8229,1.2505,0.0647,16.1079,1.5542,0.111,8.5165,3.6127,74.2293,25.0518,4.4251,0,0,1,1
0.0707,5.634,8.2797,0.2637,34.6035,5.1751,0.1713,8.6579,2.4099,82.9724,25.5668,43.9891,0,0,1,0
0.3087,4.7525,9.2369,0.1462,33.4061,1.5031,0.1031,12.2574,2.2122,47.7849,16.2758,4.2188,0,0,1,1
0.1766,8.3316,8.1455,0.2002,31.3831,9.4861,0.3273,3.731,7.9719,66.5171,41.893,34.4661,0,0,1,1
0.283,5.5609,9.198,0.2281,8.734,9.6572,0.038,9.7924,7.2399,62.8465,37.9779,26.1782,1,1,0,0
0.165,7.2188,3.4064,0.212,6.6174,1.7805,0.2458,2.2523,5.7456,92.5517,34.5308,18.943,0,1,1,0
0.2215,2.5812,4.0349,0.0965,6.4752,4.1936,0.1618,7.9064,3.6989,92.5693,33.3617,23.8755,0,0,1,0
0.2227,10.6816,6.2027,0.0601,9.9389,3.5196,0.0942,14.7946,0.9558,82.9996,21.7756,4.3027,0,0,1,1
0.0738,11.4602,6.8663,0.2169,19.3427,4.1074,0.134,9.0657,0.822,94.5899,40.603,4.7977,0,0,1,1
0.2582,5.9717,4.9762,0.2227,13.0269,8.5957,0.0434,2.8988,7.0901,41.2294,19.5578,15.5379,1,0,0,1
0.1953,14.9534,4.0899,0.0548,22.6487,6.1385,0.2164,9.5707,6.6023,71.8279,26.1973,38.7994,1,0,1,0
0.1315,9.6043,5.6091,0.2119,32.5977,3.2543,0.1748,2.0635,3.3692,60.2991,25.5556,6.68,0,0,1,1
0.1811,13.0766,8.433,0.0364,36.8588,7.0005,0.261,6.8384,7.2282,88.3224,40.7118,22.7496,0,0,1,1
0.1537,4.8875,2.5428,0.121,39.945,3.7708,0.1761,6.3169,1.5868,81.1835,35.7015,22.0134,1,0,1,1
0.1,12.4208,6.0922,0.2005,14.5429,5.8122,0.1637,5.6277,6.9426,100.9038,49.0958,15.2636,0,0,1,1
0.1345,13.2388,6.0703,0.3354,19.1831,9.7942,0.2141,7.1494,7.882,48.3744,11.9188,32.5728,1,1,0,0
0.0694,10.4314,0.9735,0.1801,27.1614,1.7067,0.0286,6.1843,7.1891,77.0534,3.6917,44.3544,1,1,0,0
0.3485,14.9994,8.3596,0.2024,23.9077,2.1161,0.1849,9.3272,2.6906,117.6185,28.9208,13.2077,0,0,1,1
0.2654,6.1872,4.9715,0.2001,35.3244,7.4597,0.269,14.4273,6.4519,102.5548,4.9742,25.9954,1,0,0,1
0.0442,13.6208,5.0812,0.0618,32.8738,8.784,0.0663,2.3468,3.7269,93.6807,5.4274,35.8211,0,0,0,1
0.2561,12.5445,1.9753,0.1243,22.8835,7.7713,0.2243,8.2602,7.197,73.809,29.4061,23.4606,1,0,1,1
0.1862,14.4583,1.9188,0.0341,23.3441,5.4523,0.1706,3.5874,7.1384,54.2115,47.2829,3.3126,0,0,1,1
0.2818,12.3972,6.4848,0.0215,5.4455,3.58,0.1955,3.4113,6.9883,38.0912,3.5263,6.1758,0,0,0,1
0.0815,6.2806,0.9738,0.2207,37.9688,1.0622,0.1537,7.5874,3.8017,65.6695,26.387,26.4099,1,0,1,1
0.2132,7.0956,6.5593,0.2065,32.9102,6.3543,0.2347,8.4267,3.5401,30.9164,11.1624,12.0501,0,0,1,1
0.0599,4.0111,9.2345,0.0997,30.8141,9.7729,0.0707,8.213,5.5395,79.063,21.2654,5.4304,0,0,0,1
0.1411,9.8178,3.6845,0.3299,22.4995,9.4293,0.2774,3.5034,3.478,60.5174,28.259,25.6567,0,0,1,1
0.2767,12.5131,8.176,0.3342,6.9205,3.5169,0.2304,14.215,7.2788,39.4634,28.1183,39.061,1,1,0,0
0.0389,13.3138,9.1311,0.2535,6.4192,1.1159,0.2899,7.1292,1.3248,62.86,34.0201,30.5507,0,1,1,0
0.1754,12.3876,6.9102,0.212,7.0493,7.2219,0.137,13.5788,2.3666,95.1985,31.1655,35.0039,0,0,1,0
0.0565,14.0836,2.8555,0.2092,23.1186,2.578,0.3086,5.0177,4.4362,90.0292,9.4593,42.7564,0,1,0,0
0.1087,12.3207,6.1045,0.2297,31.8271,3.3003,0.3487,6.6114,3.915,45.4793,43.8575,42.1579,0,1,1,1
0.2749,13.9983,9.8532,0.0755,14.1173,4.6575,0.149,12.231,7.4903,30.3769,2.5258,37.494,0,0,0,0
0.2142,9.0302,7.7906,0.1524,5.2761,8.901,0.1331,4.1929,5.9574,108.8582,27.4522,21.8835,0,0,1,0
0.2971,7.1309,2.7948,0.0326,6.0909,0.5175,0.2484,2.339,4.9912,95.489,24.4779,11.165,1,1,1,1
0.071,1.1833,1.83,0.266,30.7893,4.5926,0.2053,13.6325,0.883,54.2488,3.1793,29.0452,1,0,1,1
0.3453,7.6823,5.3748,0.3294,29.5192,7.7061,0.0645,4.4288,2.7511,41.4669,13.934,7.8297,0,0,1,1
0.0701,4.7337,0.9792,0.3376,28.196,3.2783,0.2209,14.567,3.0966,117.3512,15.9351,24.7315,1,1,1,1
0.2203,9.252,7.7678,0.3421,36.2254,6.0314,0.1319,5.0969,2.589,57.2117,42.8215,6.5784,0,0,1,1
0.186,7.5827,6.2509,0.1404,17.448,6.063,0.3444,5.5465,6.0134,119.2531,3.3651,17.4266,0,0,0,1
0.2322,6.6411,5.9436,0.0901,5.1407,9.8192,0.0275,3.4736,7.6345,36.5508,34.8719,37.8795,1,0,0,0
0.238,14.8594,1.1111,0.185,22.8259,6.1646,0.2578,14.8721,6.1754,77.4579,28.2972,10.7126,1,0,1,1
0.308,12.5339,3.6735,0.1756,29.5777,2.8858,0.1543,11.3344,5.6425,108.4304,42.0171,33.582,1,1,1,1
0.1628,10.318,2.405,0.3207,13.2453,1.5797,0.3001,2.8584,6.7373,64.1454,9.9341,21.7192,1,1,0,1
0.266,2.5977,7.698,0.0841,31.7857,6.4881,0.213,7.0598,6.6774,107.5313,35.1002,36.0049,1,0,1,0
0.3127,8.5479,9.752,0.2698,27.0563,5.4276,0.2283,9.0031,5.6695,54.8685,9.9525,37.1002,1,1,0,0
0.1279,1.5055,1.4837,0.177,31.1401,4.4129,0.1753,13.6933,1.5289,79.3246,14.2933,10.7083,1,0,1,1
0.1463,5.5282,2.9499,0.3493,39.9648,8.1793,0.2338,5.5462,1.8552,43.0379,47.3306,10.7072,0,0,1,1
0.0872,9.7107,3.5821,0.1805,13.6606,1.8661,0.2299,11.0926,0.9933,76.3579,15.5316,11.0443,0,0,1,1
0.2859,3.9913,7.834,0.1206,23.191,5.4647,0.1804,7.6319,7.47,66.3899,4.2257,3.6638,0,0,0,1
0.2293,3.5245,6.9661,0.3461,31.908,2.306,0.0503,9.3551,6.6975,116.777,34.2561,10.4647,1,1,0,1
0.1969,2.5169,1.3051,0.063,23.4354,4.3223,0.1974,10.1667,2.1802,76.2996,44.4081,18.4454,1,0,1,1
0.289,6.5762,5.8757,0.0643,22.2215,2.3434,0.0336,3.6739,4.4473,55.5466,20.1148,36.5258,1,1,0,0
0.2068,3.3841,5.9987,0.206,6.0274,1.8071,0.1233,3.9709,6.9877,109.4285,8.1513,28.1257,0,1,0,0
0.1013,7.9241,9.1189,0.132,8.4568,4.6588,0.3011,4.937,7.0681,69.7564,35.6438,29.5774,0,0,1,0
0.2118,13.2081,1.1765,0.2714,27.2163,7.8148,0.0604,7.1978,6.5354,96.8182,9.0682,33.0376,1,0,0,1
0.3084,11.9815,0.7111,0.1755,17.7211,6.3148,0.137,13.9813,0.7551,31.7138,46.4023,1.8062,1,0,1,1
0.1831,6.381,1.8056,0.1035,8.272,8.14,0.0476,5.1611,0.6099,116.0816,28.8613,32.8999,1,0,1,0
0.2412,4.037,9.9161,0.2204,39.135,5.9614,0.0817,8.2586,5.7455,69.981,7.7966,6.1285,0,0,0,1
0.0277,11.2251,4.6953,0.1032,29.3179,7.1761,0.2515,10.2701,4.5,45.0161,19.5684,10.1326,0,0,1,1
0.0489,7.7003,7.0164,0.1495,26.1563,4.7471,0.099,11.372,3.6049,113.7052,17.8333,36.7714,0,0,1,0
0.3216,9.4763,9.0207,0.1576,34.4978,0.3619,0.1738,9.8546,1.7811,67.3274,42.2287,43.3796,1,1,1,1
0.2116,5.2003,7.7128,0.0295,19.6504,1.1233,0.1046,13.2894,2.4187,115.7293,34.7837,41.4885,0,0,1,0
0.2532,3.8649,5.9622,0.0667,26.9984,1.3461,0.1483,8.8292,5.6241,70.8683,14.4751,32.3295,1,1,0,0
0.1934,10.3394,2.5066,0.348,7.3006,8.1344,0.2556,2.8523,7.8937,76.9748,42.7856,12.5201,0,0,1,1
0.1356,6.9523,0.7333,0.1284,14.3145,3.8707,0.1837,11.9849,3.878,73.0326,42.2167,8.727,1,0,1,1
0.0704,12.4177,3.0853,0.1392,32.8246,8.009,0.2809,3.6773,1.8549,84.1995,17.5214,36.5527,0,0,1,1
0.3343,8.2195,1.4637,0.1688,23.2814,3.9835,0.1048,6.0179,0.6473,54.403,15.6187,38.6868,1,0,1,0
0.0958,1.5598,2.0945,0.2347,38.9073,8.6313,0.256,4.4415,2.6107,58.5107,26.6989,32.9769,1,0,1,1
0.0716,2.7985,3.0354,0.1857,29.4791,1.6156,0.158,2.9687,4.335,59.622,24.8614,14.6086,0,0,1,1
0.1361,1.2314,6.7934,0.1216,38.1013,1.2043,0.3351,4.2052,6.185,80.6796,11.2238,44.3278,1,1,0,0
0.2982,7.3856,2.3065,0.2903,19.0228,6.65,0.2997,4.8159,7.612,54.5253,17.8386,16.2377,1,0,1,1
0.1512,13.1838,7.3374,0.1315,16.1937,3.2773,0.2787,14.6439,3.2237,112.4373,14.1084,30.7234,0,1,1,0
0.2195,12.7285,7.4636,0.1025,29.9374,3.8696,0.2061,13.4753,5.8952,114.6559,45.0205,19.8949,0,0,1,1
0.19,10.6386,2.5924,0.0336,16.0298,1.8091,0.0666,12.5121,1.6716,56.7952,22.9686,4.032,0,0,1,1
0.1684,9.6771,4.381,0.2953,22.4134,4.119,0.0683,5.7501,0.757,108.6966,8.6057,39.9189,1,1,0,0
0.2117,12.0274,1.8919,0.1534,7.9355,0.4902,0.2962,4.6494,5.3195,92.0214,8.0512,27.8188,1,1,0,0
0.0507,8.4482,6.0789,0.196,27.0865,2.3895,0.2259,13.7156,7.3669,104.8454,5.2562,11.8451,0,0,0,1
0.1951,6.366,0.4737,0.3019,34.2552,2.0226,0.2906,10.3083,1.6697,114.4405,39.1962,6.3286,1,0,1,1
0.044,5.4204,8.2329,0.0248,10.7477,1.3351,0.0624,13.538,4.314,115.4634,41.1528,12.8586,0,0,1,1
0.1244,5.2314,0.5829,0.3336,22.7565,9.0022,0.0762,14.1713,6.4743,34.6264,5.8147,36.0778,1,0,0,0
0.0244,8.8669,6.2278,0.0542,33.2523,7.0276,0.179,9.2496,2.8401,97.1265,16.8332,33.0304,0,0,1,1
0.3402,1.725,5.0578,0.2452,26.2307,3.0865,0.229,10.0152,6.6731,110.6761,6.8226,1.4528,1,0,0,1
0.0404,2.7737,1.9251,0.1152,33.1506,9.6402,0.1324,9.0528,6.9127,100.8283,15.7767,9.5747,0,0,0,1
0.2948,8.9087,4.7801,0.0986,33.6368,3.0216,0.2718,11.0454,2.4344,98.0569,13.3323,33.5086,1,0,1,1
0.2865,3.3833,6.7814,0.204,38.0164,9.9358,0.1964,3.4201,7.584,32.2063,12.6945,38.4338,1,0,0,1
0.3107,11.2175,8.4636,0.0378,13.4584,6.7417,0.3368,3.7337,3.2846,51.7646,13.3362,27.7718,0,0,1,0
0.2659,8.4891,7.0729,0.0415,39.4726,8.6011,0.2312,13.663,3.789,104.3997,37.2394,17.3151,0,0,1,1
0.0437,8.365,4.4711,0.1561,20.0193,3.7799,0.2973,12.105,1.7369,77.5525,8.5331,36.2716,0,0,1,0
0.2015,8.4418,7.5857,0.3154,36.3939,0.5047,0.2472,11.467,0.6573,55.0867,21.3063,34.0507,1,1,1,1
0.141,1.7066,3.14,0.0402,34.055,0.8157,0.0991,9.8204,4.0419,84.5172,33.6428,16.5637,1,0,1,1
0.0327,1.8651,6.9522,0.2115,10.5567,9.3227,0.2462,7.7033,2.5549,87.0031,10.839,22.7003,0,0,1,0
0.2782,12.1869,9.3315,0.2538,37.6202,6.9886,0.0464,11.1075,5.9364,64.5838,43.8546,3.19,0,0,1,1
0.2782,4.5693,2.8119,0.2844,14.9192,2.7919,0.3438,3.5317,2.3374,48.3762,8.3466,28.5956,1,1,1,0
0.2933,4.3292,5.7038,0.2605,19.9485,3.0469,0.2621,4.7563,1.0683,67.626,18.6377,35.3998,1,1,1,0
0.3212,14.7301,4.3916,0.2368,23.8121,7.7762,0.2456,6.9852,6.7504,65.2593,41.4283,42.9031,1,1,1,0
0.2921,4.5857,8.8358,0.3017,26.9861,4.1427,0.2152,8.6936,1.1516,54.0399,23.1379,31.4192,1,1,1,1
0.1342,14.9325,7.0367,0.2206,27.5885,1.877,0.0562,10.6063,2.2629,94.2064,34.3408,29.8789,0,1,1,1
0.1581,6.0743,8.6678,0.0436,32.4761,7.7188,0.0534,10.3547,7.6068,62.9798,13.1913,6.1476,0,0,0,1
0.2985,13.2975,6.3737,0.2052,5.4049,1.7698,0.1208,8.7659,6.2346,70.5525,2.3147,15.7869,0,1,0,1
0.1636,10.4528,0.8017,0.0345,12.5437,5.2266,0.2473,2.2929,1.1403,116.6362,25.8558,41.0513,1,0,1,0
0.0541,7.0995,9.1524,0.2842,33.6576,3.3963,0.3207,7.0186,4.7325,61.8764,13.806,8.649,0,0,1,1
0.277,12.9006,2.0516,0.2091,15.2079,7.3417,0.0432,5.6102,6.0929,81.5509,33.5818,43.2467,1,1,0,0
0.3377,9.7015,2.084,0.1618,31.0124,1.5681,0.1605,10.0631,4.1024,59.8714,46.833,18.4999,1,1,1,1
0.2197,8.4114,9.5484,0.2028,12.2633,4.0279,0.323,12.1554,7.3836,54.4935,11.6325,42.5561,1,1,0,0
0.1699,9.116,8.0436,0.2378,11.5194,8.5763,0.2103,2.2973,1.9559,53.337,27.8293,34.8937,0,0,1,0
0.3365,13.5344,3.9069,0.1063,20.8139,3.4258,0.2947,4.8857,0.9654,81.0459,9.89,37.7023,1,0,1,0
0.3184,2.4568,2.277,0.3084,8.3112,7.9257,0.159,5.0172,5.9073,32.618,20.8653,29.8097,1,0,1,0
0.2404,10.1256,8.1634,0.0484,9.9297,0.4812,0.1392,3.9184,3.5995,113.8242,43.4399,29.3448,0,1,1,0
0.2117,9.25,1.5071,0.1846,14.7117,9.2898,0.2439,10.6509,5.7395,99.6648,46.6346,27.8367,1,0,1,0
0.1991,11.2593,0.3323,0.1708,22.2057,3.3659,0.288,11.0263,6.6597,60.114,13.22,35.8809,1,1,0,0
0.1266,11.7801,7.4987,0.1039,10.032,9.2812,0.1717,2.5158,7.2082,56.3592,36.7194,10.7028,0,0,1,1
0.1767,10.1177,5.6948,0.0668,15.5026,1.1291,0.0308,2.946,4.7082,95.7701,25.1911,25.4736,1,1,0,1
0.1469,14.6769,8.6676,0.2576,6.574,8.66,0.0507,8.0224,4.4269,74.3171,44.6,34.3219,0,0,1,0
0.1107,9.2497,3.9871,0.2155,39.0374,0.8134,0.0259,10.2836,6.8984,52.8686,8.7356,17.0721,0,0,0,1
0.2832,14.1591,9.1885,0.1047,6.9468,6.7582,0.1008,8.4506,1.3526,42.508,4.6693,36.8227,0,0,1,0
0.191,11.5512,6.1517,0.3272,10.9564,4.0522,0.3399,2.4764,5.2255,72.367,7.2969,9.3286,0,0,0,1
0.2551,12.6482,2.2037,0.2268,30.1172,1.2319,0.1497,7.0753,0.8115,48.6711,36.3869,33.9536,1,1,1,1
0.1256,2.2334,4.4506,0.187,31.4538,9.4615,0.2094,10.446,4.2592,53.244,49.3474,44.2133,1,0,1,0
0.1951,10.3429,3.1372,0.2194,38.5663,6.0634,0.0528,12.9307,5.7388,95.6364,20.9433,38.3804,1,1,0,1
0.21,10.5182,4.8072,0.2094,15.8033,4.7305,0.0481,9.5185,4.3711,46.7703,43.1009,8.9063,0,0,1,1
0.195,6.6275,6.5527,0.3493,11.4839,6.1519,0.3441,3.9765,1.0701,37.556,4.8792,4.1275,0,0,1,1
0.2724,3.5152,7.93,0.1248,7.4344,7.8854,0.0705,9.5356,7.2894,30.204,47.3123,16.9888,0,0,1,0
0.2992,9.729,4.9928,0.1191,31.3295,8.9916,0.2733,14.6766,4.2335,76.4649,9.3219,28.0528,1,0,0,1
0.1222,5.3296,2.6501,0.2323,17.4428,5.2414,0.0787,8.5151,7.8095,95.3108,43.5023,41.7407,1,1,0,0
0.1764,12.1188,3.677,0.0338,29.3065,3.4056,0.1928,5.6693,2.8941,103.0879,6.7377,31.5516,1,0,0,1
0.0961,6.8723,3.8223,0.2827,17.7396,6.4824,0.1626,4.4025,2.2772,116.9436,43.9301,11.773,0,0,1,1
0.025,4.4351,9.243,0.0785,32.4096,7.2729,0.2074,12.5977,1.2138,49.9303,31.0099,14.7234,0,0,1,1
0.2868,10.1851,1.8638,0.16,16.9274,0.7129,0.1903,7.6734,7.3123,53.217,28.1925,18.9842,1,1,0,1
0.1675,3.4694,1.9944,0.1978,28.8973,3.6351,0.1958,8.8773,3.3324,70.4469,4.1869,41.6788,1,1,0,0
0.037,4.4337,8.9921,0.2775,34.423,6.9396,0.2624,11.0674,6.8821,38.2959,21.4106,20.1273,0,0,1,1
0.1611,11.135,3.1637,0.275,33.6738,2.3092,0.2774,7.7908,2.1891,54.554,38.88,38.4955,1,1,1,1
0.0322,14.1828,3.5087,0.1603,28.5286,9.8761,0.322,12.019,6.3954,104.1866,24.8517,42.8436,0,0,1,0
0.111,3.1159,0.9823,0.1152,37.1865,3.6433,0.2679,14.34,6.1178,34.6966,9.5569,28.6444,1,0,0,1
0.1172,14.7216,2.1796,0.2868,24.7834,8.4819,0.2092,12.6951,4.8449,106.0,42.1055,39.5621,1,1,1,0
0.2148,10.3318,5.8277,0.2866,33.9516,8.4354,0.2511,3.6764,6.0319,79.8166,34.3428,10.7151,0,0,1,1
0.0804,8.5854,3.8138,0.3124,8.927,0.3278,0.0291,3.2935,4.1985,111.2305,7.6063,43.8802,0,1,0,0
0.1102,11.5463,2.7817,0.2532,36.0535,9.1357,0.2846,6.5186,0.9132,90.7735,45.0529,11.3537,0,0,1,1
0.1377,8.7589,3.1836,0.3436,23.0258,9.1503,0.1228,4.1203,7.0059,73.0231,33.6219,30.8902,1,1,0,1
0.1116,6.0855,6.7332,0.1189,35.3762,4.4495,0.2633,12.8313,5.984,58.7037,32.3588,19.5232,0,0,1,1
0.3287,10.7814,6.2393,0.1293,17.0105,1.8802,0.2532,5.2875,2.7977,119.3758,22.0353,24.3874,1,1,1,1
0.1653,6.43,4.6281,0.2614,22.342,3.1817,0.3199,8.7822,1.9394,95.1553,37.0471,12.0965,0,0,1,1
0.3445,7.1046,9.6735,0.0764,9.1863,7.7429,0.2326,7.2001,7.7156,105.7118,27.1413,39.2542,0,0,1,0
0.2083,12.9029,2.3297,0.233,32.2563,2.7602,0.0618,4.2105,3.1646,34.8017,37.8615,29.1126,1,1,0,1
0.0374,12.8634,6.8079,0.0941,27.2629,8.504,0.3158,5.399,0.611,82.1219,41.7071,17.1867,0,0,1,1
0.2052,12.8116,0.6584,0.1521,16.661,5.6721,0.3284,8.195,2.188,78.8108,26.3346,24.7163,1,0,1,1
0.3401,3.6399,2.2926,0.1749,7.1756,7.4942,0.2097,5.419,1.1162,86.8891,31.1879,8.0334,1,0,1,1
0.2386,5.9989,9.6499,0.2792,37.6095,3.4672,0.1841,7.8966,1.8946,78.7401,21.3969,11.6593,0,0,1,1
0.0548,8.6391,1.0789,0.2696,6.2639,0.9262,0.1908,4.0125,4.524,114.46,49.2814,11.2371,0,1,1,1
0.0917,14.9628,3.1613,0.0439,34.5323,4.017,0.2044,5.071,7.5005,76.5531,12.1808,25.4276,0,0,0,1
0.2106,5.2233,9.9231,0.2015,36.6171,4.4211,0.3006,14.2888,5.9854,86.9465,3.3378,16.5003,0,0,0,1
0.0867,11.9183,2.345,0.3223,34.7267,6.3832,0.1352,2.6181,2.1152,112.2026,3.7628,40.2523,1,0,0,1
0.0998,9.338,4.0953,0.0525,27.6969,2.8818,0.1415,2.2058,0.7825,76.7786,30.129,3.2026,0,0,1,1
0.1148,6.3133,7.5248,0.0825,22.8905,2.3266,0.1286,6.1029,7.5099,62.2983,29.1507,25.3059,0,0,1,1
0.1886,3.8635,6.9326,0.333,27.8607,2.2351,0.3443,4.5278,2.264,55.2362,33.0653,3.6662,0,0,1,1
0.0732,2.4994,4.1903,0.1997,12.1067,3.7237,0.2266,14.9466,5.1671,51.0863,3.609,13.7442,0,1,0,1
0.2473,10.7351,6.5607,0.1449,36.9896,6.108,0.2218,14.9176,7.8401,86.7089,15.4054,9.8543,1,0,0,1
0.3168,10.941,2.0081,0.1434,24.4467,8.1071,0.2651,4.6249,0.6841,75.1689,28.7302,39.9135,1,0,1,0
0.2491,7.8659,3.8441,0.203,35.422,9.8325,0.2134,6.9967,4.3528,78.0104,48.6701,33.9555,1,0,1,1
0.0242,7.7444,8.7543,0.1368,15.7678,6.5483,0.1853,5.7062,0.6791,50.2661,21.8546,35.0645,0,0,1,0
0.2001,11.7373,0.5693,0.038,19.577,7.9016,0.176,6.0038,7.8242,41.3076,8.857,36.7732,1,0,0,0
0.0781,3.7825,2.8155,0.0657,33.2709,9.5586,0.1315,6.3997,1.1804,42.8048,4.7211,13.1663,0,0,1,1
0.3136,4.021,3.3508,0.2735,6.5795,5.5745,0.2518,13.0137,2.2249,88.5453,39.652,17.3168,1,1,1,0
0.3139,8.7669,1.9775,0.1016,39.7204,4.1794,0.1455,8.8153,4.8921,56.8232,19.6951,41.4943,1,0,0,1
0.1773,12.6645,3.5766,0.1874,7.858,3.8249,0.1595,8.3155,3.0726,115.8989,5.4749,35.2142,1,1,0,0
0.1205,5.0587,0.9907,0.238,36.1104,7.9069,0.3071,8.276,3.1917,83.0445,47.5368,26.7979,1,0,1,1
0.2594,14.2024,5.026,0.2878,29.9107,4.2224,0.2487,11.8783,7.0647,40.1517,4.0762,16.3703,0,0,0,1
0.3357,8.5978,1.5569,0.0342,8.0094,9.517,0.2171,10.4025,7.1672,72.7704,30.6589,38.0774,1,0,1,0
0.3036,14.8181,6.8,0.1056,22.8552,2.8336,0.2466,5.038,7.9216,113.0345,34.4223,15.7806,0,0,1,1
0.1183,14.3514,4.3653,0.287,34.3825,7.3164,0.2953,14.7642,6.6853,83.9089,7.2713,15.6706,0,0,0,1
0.0223,4.1124,7.0582,0.3443,8.3915,8.0084,0.3241,8.143,5.1332,97.6882,16.7329,18.4488,0,0,1,0
0.3422,7.6738,8.6542,0.327,12.4755,0.9653,0.3282,7.6562,7.4753,90.1091,20.4954,17.9446,1,1,0,1
0.1215,8.0715,5.4184,0.1083,9.3356,3.2481,0.1219,6.0223,0.6735,108.1373,20.4923,38.0552,0,0,1,0
0.219,8.26,3.6969,0.1289,25.192,9.4632,0.3014,9.1161,1.0069,49.213,39.0889,5.5848,0,0,1,1
0.2853,4.651,2.4644,0.1806,35.87,0.7966,0.1692,10.6898,6.0191,118.9599,41.6405,40.6168,1,1,1,0
0.0696,14.1455,1.8153,0.1839,31.7364,2.0468,0.055,2.6473,2.8368,85.1825,41.7984,31.7676,0,0,1,1
0.3424,14.457,7.6795,0.1064,11.0214,9.6081,0.303,9.1009,2.0757,81.2978,8.1701,42.2195,0,0,1,0
0.1763,10.6455,3.8894,0.3098,9.4987,6.2197,0.1935,5.7143,2.015,88.3788,46.4502,33.252,1,1,1,0
0.1142,3.2151,9.7458,0.1415,21.8892,4.6981,0.1598,3.883,2.9478,55.4262,4.9297,13.5128,0,0,0,1
0.0534,9.7398,8.7467,0.312,19.4385,4.3726,0.0589,10.0632,6.7698,43.051,9.4603,10.3062,0,0,0,1
0.2654,9.6465,2.0633,0.2306,14.4763,8.8548,0.1846,3.5698,3.646,57.8824,18.4022,4.3969,0,0,1,1
0.1843,11.6879,7.222,0.2875,32.9337,7.856,0.0946,11.1047,3.5156,60.8967,31.6153,34.7216,1,1,0,1
0.1999,9.9941,6.0128,0.1115,39.3353,3.5968,0.1734,5.5835,3.0406,112.1457,30.1735,31.3058,0,0,1,1
0.3299,14.1625,2.8907,0.0948,30.8015,4.869,0.0465,2.1583,1.8895,53.5349,25.6509,14.2092,0,0,1,1
0.134,11.2887,2.4641,0.142,7.9271,3.3692,0.3311,9.0024,1.8527,57.482,45.3814,13.7085,0,0,1,1
0.1332,9.3678,4.8626,0.2179,31.6821,0.5972,0.1784,8.0397,4.344,108.0907,46.6677,39.9354,1,1,1,1
0.2011,14.3222,6.4306,0.2246,32.9423,1.037,0.2601,4.3404,6.2076,31.9649,39.5706,33.0966,1,1,1,1
0.3242,5.9786,2.0252,0.0655,28.4117,8.7368,0.1617,12.6329,0.8301,108.3717,28.0087,28.4885,1,0,1,1
0.2113,11.4221,6.4157,0.11,17.2152,4.2964,0.3016,8.8919,7.5877,63.6249,6.3895,43.5591,1,0,0,0
0.3151,6.4079,8.0524,0.2709,38.446,0.9467,0.1101,13.44,5.2696,100.7981,43.5896,13.606,1,1,0,1
0.2827,2.1999,0.8818,0.097,18.6891,7.4221,0.0727,6.8407,5.4087,106.8407,37.8217,29.5641,1,0,1,0
0.2073,5.2117,3.4862,0.1076,38.062,1.9311,0.1888,8.5116,6.0379,112.8775,10.3118,30.8665,1,0,0,1
0.0851,12.1513,2.1298,0.176,11.3708,4.7098,0.1926,6.2145,6.637,85.2312,24.3281,7.7904,0,0,1,1
0.1804,3.9731,7.9091,0.1273,27.276,2.428,0.3399,7.2425,7.3559,40.5125,6.0602,16.1055,0,0,0,1
0.2209,12.7686,7.5398,0.3041,21.4066,1.6527,0.2725,8.5094,3.4237,119.1281,32.7421,8.4012,0,0,1,1
0.0815,14.0383,8.5863,0.3371,15.3716,9.6872,0.226,8.8572,1.7577,56.095,34.8167,4.8878,0,0,1,1
0.2435,11.8106,9.0782,0.2944,36.4838,3.8991,0.1469,2.9574,2.0304,106.0089,12.1966,4.4028,0,0,1,1
0.1696,14.0581,4.0122,0.2671,9.5604,6.1104,0.1529,3.4139,6.3786,37.5821,25.3131,18.271,1,1,0,1
0.2766,9.188,7.0694,0.1575,37.2937,9.0036,0.1926,7.1203,3.4943,101.2121,31.8699,33.4608,1,0,1,1
0.155,12.1138,6.7521,0.3057,14.8237,1.4329,0.2446,3.0554,3.9716,73.9153,15.3103,16.3985,0,1,1,1
0.0812,9.2997,7.7957,0.1919,29.289,8.5753,0.0507,4.3803,4.3471,63.5937,47.5054,28.4157,0,0,1,1
0.3289,8.0009,9.1631,0.1394,8.3387,0.3538,0.0234,3.7523,6.2114,106.0337,16.1949,21.959,1,1,0,0
0.0438,4.4892,1.3326,0.2767,35.8826,2.5668,0.187,10.37,6.392,109.4153,3.1107,26.6323,1,0,0,1
0.3102,8.1555,5.9995,0.1756,7.0877,7.9532,0.3381,5.1547,3.2868,64.0755,2.2531,21.0465,0,0,0,0
0.317,14.6121,1.2949,0.1539,34.746,8.8092,0.0969,3.7911,2.7428,44.1769,39.0451,2.5952,0,0,1,1
0.1113,10.7251,3.6071,0.1211,36.2335,3.2561,0.1823,9.1919,6.7237,53.5584,17.3013,28.8799,1,0,0,1
0.2838,5.2741,7.0066,0.059,29.2211,4.4242,0.1872,11.7482,1.6425,46.5165,49.1736,31.7558,1,0,1,1
0.0601,8.4346,3.1994,0.1304,13.7216,5.8274,0.285,14.7436,5.5036,38.0839,25.1514,34.9828,0,0,1,0
0.2036,9.6525,6.0063,0.3005,23.6633,2.1744,0.2897,10.8608,1.3876,52.3303,29.7741,15.7082,0,0,1,1
0.1369,6.38,4.2691,0.1929,21.3458,3.5645,0.0447,13.2154,3.0779,112.5689,49.5241,44.7104,1,1,0,0
0.27,13.8299,3.8788,0.0808,29.0145,9.9911,0.1875,5.5553,7.4084,59.2961,28.804,5.0691,0,0,1,1
0.0604,13.8843,7.396,0.1628,28.7655,1.4015,0.2032,8.7171,2.9299,105.7729,19.1753,17.7014,0,0,1,1
0.245,12.074,4.1702,0.3277,28.8799,2.9479,0.0546,5.924,6.8399,46.3811,18.5092,26.6083,1,1,0,1
0.3278,11.8846,6.0798,0.1653,19.5433,3.688,0.1607,11.0136,7.7096,65.6056,38.5928,10.9033,1,1,0,1
0.319,9.109,9.7209,0.3012,7.5688,7.1883,0.1622,14.4958,7.0151,110.9443,13.1855,19.1236,1,1,0,0
0.1753,9.4787,6.1306,0.2625,18.9898,5.4145,0.3496,13.8164,0.5754,110.1016,10.9666,1.1597,0,0,1,1
0.2284,9.919,1.8552,0.1848,26.1753,1.3735,0.3372,2.0141,4.6275,95.3741,14.7291,9.3848,0,0,1,1
0.2172,6.6579,5.4063,0.2213,9.7858,1.5259,0.078,9.316,3.1322,117.767,12.723,29.9532,1,1,0,0
0.0735,10.3954,2.8789,0.3462,11.5676,2.417,0.1545,11.8087,1.0812,78.673,9.4335,35.0171,0,1,1,0
0.0507,9.2738,3.4149,0.2947,34.1125,9.5314,0.1492,10.0997,2.6142,43.2771,40.1902,4.5463,0,0,1,1
0.0633,13.531,7.7475,0.0584,32.9617,1.9523,0.3274,3.4226,1.3038,41.2116,11.9618,28.396,0,0,1,1
0.0599,6.0548,9.3968,0.0897,34.5679,5.5761,0.0857,7.6556,0.5624,32.6095,47.8988,14.9012,0,0,1,1
0.1815,1.2494,0.5501,0.309,6.4876,8.6332,0.1089,6.505,7.4262,99.6097,27.9729,30.3274,1,0,1,0
0.1967,10.168,9.3864,0.2041,23.3784,1.3654,0.291,12.8368,1.7309,114.7922,39.964,30.4012,0,1,1,1
0.2769,8.1786,8.4553,0.2722,34.7428,2.4941,0.1359,8.399,6.7294,116.374,4.1303,37.8987,1,1,0,1
0.223,6.3325,4.126,0.3071,6.7052,9.441,0.1881,14.7707,7.2444,83.6893,21.2185,7.7485,1,1,0,1
0.1203,3.6388,2.5758,0.1856,18.1913,5.0662,0.254,14.3478,4.4192,115.5207,36.4705,4.2027,0,0,1,1
0.2862,1.9859,1.3933,0.3488,34.0931,7.2895,0.0811,11.1226,5.1804,68.5523,24.6902,1.8616,1,0,1,1
0.1145,9.2413,8.2362,0.2258,18.8889,9.7049,0.3335,12.1992,7.9804,51.4644,14.1394,16.3806,0,0,0,1
0.2601,7.578,2.3271,0.1277,17.6625,6.0129,0.1577,3.6388,5.9679,86.0018,28.7916,15.524,1,0,1,1
0.1411,14.4155,0.7013,0.0204,27.1104,4.0032,0.3471,11.8907,2.067,50.5703,37.8023,42.2987,1,0,1,0
0.3269,7.4573,7.257,0.2322,29.8324,1.5607,0.2626,14.8446,2.4098,70.2781,33.0245,12.2968,1,1,1,1
0.1999,6.8195,4.4649,0.065,16.7631,8.1259,0.0732,4.4734,6.1483,63.9907,25.8409,18.4489,1,0,0,1
0.1714,11.0995,3.5766,0.1432,17.6959,5.1139,0.2637,11.8852,7.1196,101.3039,3.709,29.2059,1,0,0,0
0.0529,13.1864,3.8601,0.0483,39.2364,8.4927,0.0778,14.327,1.9204,45.6517,43.7542,27.1917,0,0,1,1
0.3288,7.6801,1.9643,0.1743,38.4236,8.0352,0.2965,9.7246,7.9407,99.5541,40.5912,43.2658,1,0,1,1
0.1692,5.2198,5.0509,0.1239,24.8361,0.3064,0.0952,10.3964,7.1989,98.7786,49.5058,31.4754,1,1,0,0
0.237,13.7201,9.4167,0.1768,22.9858,9.219,0.2705,6.4284,4.8161,31.0399,43.086,44.3455,0,0,1,0
0.035,2.2777,3.1856,0.0428,15.1339,1.8387,0.3348,6.3947,5.5262,48.8142,35.3084,6.7166,0,0,1,1
0.0957,3.4731,6.6555,0.163,23.1952,1.7792,0.2227,4.9854,4.3821,39.4857,37.101,23.5041,0,0,1,1
0.2191,6.0376,8.2621,0.3353,10.5091,1.2744,0.1676,11.5999,6.8622,85.3228,21.3773,44.6993,1,1,0,0
0.2801,14.7488,7.6669,0.2455,11.0211,4.7452,0.2424,10.3913,0.5258,43.7525,20.3409,12.2008,0,0,1,1
0.0397,3.3144,5.7445,0.0381,8.5529,7.1422,0.2864,14.0135,4.2227,41.7993,30.9084,19.2774,0,0,1,0
0.2528,6.1907,3.3365,0.1994,15.9299,5.8741,0.3409,9.491,5.2802,85.7452,31.5142,1.3754,0,0,1,1
0.1408,11.3286,3.7844,0.0861,24.8238,9.6127,0.0207,2.7784,6.7422,94.2737,4.1312,3.8286,0,0,0,1
0.1328,11.5894,8.2889,0.2711,20.8037,8.1965,0.2649,12.9829,7.9901,41.1826,42.6068,44.1595,0,1,1,0
0.3158,14.4381,8.3406,0.3467,11.619,8.5463,0.0478,3.6168,3.8653,71.3744,9.5895,8.3612,0,0,1,1
0.1954,13.8068,4.7796,0.2924,9.183,1.4261,0.2203,6.364,5.3217,37.8118,43.8796,12.9503,0,1,1,1
0.2785,11.9617,9.5302,0.2097,34.7825,4.2706,0.0394,11.639,6.3998,91.1331,21.6011,18.9834,1,1,0,1
0.0583,5.2228,8.7953,0.2018,25.2124,0.5693,0.11,5.9176,2.1541,56.1313,37.9941,16.5765,0,0,1,1
0.2784,13.2523,9.4352,0.2169,13.0872,6.0014,0.1374,14.9699,1.8871,81.4786,42.7081,1.6197,0,0,1,1
0.2925,8.4869,8.0898,0.1497,39.0293,7.3529,0.214,7.0381,2.4108,65.513,6.8353,26.011,0,0,1,1
0.0404,3.5613,8.1915,0.2169,36.079,5.6273,0.0416,8.4862,3.9727,35.2224,32.0205,3.7102,0,0,1,1
0.1084,4.6361,7.6401,0.2404,36.5409,0.7663,0.127,8.0253,3.6179,59.2301,32.4653,22.7946,0,0,1,1
0.1655,11.732,2.5036,0.0992,14.6756,7.3707,0.2157,8.4131,2.1714,35.3271,7.6182,6.1119,0,0,1,1
0.3316,4.7707,9.8817,0.2278,38.691,5.6068,0.1935,3.0281,2.2597,50.1604,17.2582,13.8474,0,0,1,1
0.2612,4.5198,7.2839,0.2353,28.1599,7.5079,0.235,12.7808,4.8049,95.039,13.5845,41.2058,1,1,0,0
0.0761,9.1094,5.1749,0.3048,21.9236,5.1267,0.3294,2.6731,6.9004,97.3737,38.4485,32.5291,0,1,1,0
0.2955,5.6797,3.33,0.2492,28.8412,8.5255,0.2059,2.7265,4.9203,89.3521,2.8521,15.3385,1,0,0,1
0.2996,9.2839,9.1946,0.1805,19.7729,8.1704,0.0892,8.8994,4.6614,34.3529,10.2466,27.5652,1,0,0,1
0.1465,9.3943,1.8951,0.193,14.7283,1.8834,0.2854,7.8737,6.6817,59.3185,22.5217,38.1997,1,1,0,0
0.1845,1.8206,7.5206,0.2213,19.128,6.4662,0.199,9.4476,7.6145,76.1748,11.8243,44.3767,1,1,0,0
0.2473,5.6117,5.8445,0.0309,13.9654,0.5518,0.1955,11.2156,2.5423,72.4538,15.9917,22.3421,1,1,1,0
0.1802,13.321,4.6743,0.2382,37.4003,0.9762,0.2008,4.6351,5.2686,88.7826,8.3003,33.2181,1,1,0,1
0.3005,13.959,8.3383,0.0537,18.7948,8.7871,0.0712,8.1428,7.6046,36.6633,37.35,16.896,0,0,1,1
0.0918,8.7999,8.6781,0.1863,20.8888,1.0564,0.1048,13.8626,3.164,52.8756,47.168,19.9583,0,1,1,1
0.1444,10.7058,4.0005,0.2813,35.5091,9.4727,0.0219,10.2211,5.9318,73.28,43.3286,16.8514,0,0,1,1
0.0642,14.9385,2.0582,0.2073,19.2722,0.4715,0.1268,9.419,6.2841,107.7325,28.5007,34.9656,1,1,0,0
0.2209,4.6907,3.8168,0.1442,35.2501,8.5052,0.2181,14.901,0.8231,83.2329,3.8773,4.0781,0,0,1,1
0.0322,13.0028,6.9134,0.3059,5.6715,3.9939,0.2509,8.091,4.4405,82.018,33.8562,28.2458,0,1,1,0
0.0447,9.4889,7.3065,0.0893,13.7013,4.4917,0.1918,8.035,3.8968,118.3414,6.3205,2.1219,0,0,0,1
0.171,14.7398,7.0907,0.1243,28.5366,1.3366,0.2678,9.5518,5.4414,71.9855,35.6975,8.2337,0,0,1,1
0.3458,1.1984,4.1299,0.296,15.3721,1.6687,0.2689,8.2355,5.8622,37.6266,28.2208,31.2678,1,1,1,0
0.0367,11.0317,3.985,0.1717,16.6512,4.3562,0.3011,3.0583,1.7505,68.0235,14.9237,28.146,0,0,1,0
0.2273,2.7156,2.2665,0.0486,12.9079,1.215,0.2478,2.5203,6.827,73.8962,21.0831,34.8987,1,1,0,0
0.2334,13.7604,9.36,0.0755,7.7339,0.6383,0.1371,6.6315,6.7267,38.5724,6.6304,27.1631,0,1,0,0
0.0954,13.2524,1.8256,0.2335,18.4492,8.7418,0.0274,13.2741,5.0292,103.8806,33.4648,37.1635,1,1,0,0
0.0503,6.24,3.305,0.1149,16.2905,6.5287,0.0375,7.7209,2.0669,45.3591,25.208,20.3665,0,0,1,1
0.2025,8.5008,6.4385,0.1388,15.0279,8.0882,0.0762,9.0047,4.576,97.4189,26.8853,14.9061,0,0,1,1
0.1523,10.686,4.7716,0.0336,20.8821,8.2724,0.0372,7.8151,1.123,38.57,25.0497,31.9734,0,0,1,0
0.0485,7.9304,8.8493,0.29,15.6199,7.8275,0.2337,6.6072,7.1885,54.3286,25.0295,1.7669,0,0,1,1
0.1856,1.7297,9.493,0.3077,18.0227,4.6854,0.2515,2.3673,6.0422,92.1721,7.1636,21.3557,0,0,0,0
0.3299,1.1538,9.8457,0.078,6.9814,2.1906,0.2251,4.2322,6.2155,44.0639,18.6898,29.6147,0,0,1,0
0.2239,10.3281,0.4614,0.036,20.7328,8.3512,0.0676,5.8683,5.2061,108.579,3.1725,41.5477,1,0,0,0
0.0618,8.0933,0.504,0.1332,5.6006,9.8331,0.0416,12.1286,0.6797,97.075,14.0577,11.3223,1,0,1,1
0.2546,12.7343,5.3269,0.2664,30.9129,4.0246,0.319,3.228,2.3703,99.3079,11.1034,10.6368,0,0,1,1
0.341,8.038,9.8893,0.2858,20.9943,1.9178,0.1154,2.3815,1.424,70.2054,28.5576,36.3785,1,1,1,0
0.2419,14.7882,8.6974,0.2396,17.1153,1.2574,0.1851,11.3987,7.2195,98.0259,37.4968,14.2833,0,1,1,1
0.2281,1.2823,1.369,0.1415,30.5038,8.9918,0.1417,12.7634,5.607,49.584,3.3006,9.3023,1,0,0,1
0.0883,12.1803,1.394,0.2536,20.1161,4.5691,0.1253,5.9031,2.6353,63.7481,42.7842,21.1713,1,0,1,1
0.1118,14.6416,3.1691,0.1125,34.0101,0.5047,0.2675,4.0797,2.3014,114.6724,7.5735,2.8664,0,0,1,1
0.3005,4.9033,4.4325,0.1023,11.0704,2.444,0.0903,12.3485,5.3283,95.6364,9.6212,36.5772,1,1,0,0
0.0817,9.1065,6.3576,0.1341,12.7646,8.5766,0.2499,12.2484,2.2181,116.7466,45.6467,17.7531,0,0,1,1
0.1094,10.2478,8.7553,0.1241,26.1988,3.493,0.1983,14.3805,6.0408,110.7726,47.7295,29.8633,0,0,1,1
0.0542,7.7669,4.6328,0.2,24.5575,6.1481,0.0703,14.3144,6.5607,90.2933,48.8623,11.7247,0,0,1,1
0.3065,8.905,3.8248,0.2231,37.3214,1.8991,0.2733,14.7856,5.8822,89.5414,6.8407,26.9128,1,1,0,1
0.1451,10.492,8.2901,0.0364,35.9325,6.0123,0.3074,10.8907,6.832,90.668,14.3129,12.5188,0,0,0,1
0.1134,10.3236,0.6522,0.1637,14.0415,9.8789,0.1882,11.7144,4.5726,44.5713,23.2562,31.1116,1,0,1,0
0.1509,2.6963,9.9769,0.2356,28.6121,8.9163,0.2284,6.7433,4.6407,43.5334,9.9076,24.235,0,0,1,1
0.1334,13.5387,8.679,0.2787,11.2978,2.1142,0.1855,3.5583,1.0516,60.6539,30.1118,23.022,0,1,1,1
0.2465,11.5616,1.1737,0.1714,31.1709,2.9818,0.2397,4.6349,5.9694,56.1733,4.1879,15.3408,1,0,0,1
0.0945,8.198,5.5052,0.2135,39.0614,7.0588,0.3386,3.6858,0.9008,35.5689,26.5427,11.5076,0,0,1,1
0.1798,13.286,7.1115,0.3302,31.0876,7.7199,0.1386,11.5596,4.1074,83.2712,16.9987,11.4769,0,0,1,1
0.1324,10.1682,7.4593,0.1939,14.5306,7.7225,0.0761,6.7027,4.2993,41.1104,22.7983,9.8675,0,0,1,1
0.2738,4.6281,1.3193,0.1916,8.5307,7.4113,0.0689,11.9631,4.4059,111.5464,36.2799,44.7498,1,0,1,0
0.1155,6.68,4.41,0.2127,13.3148,5.8801,0.3313,5.7899,4.1794,88.7697,8.7797,19.5181,0,0,1,1
0.1289,4.9825,6.3097,0.2556,23.8724,7.8752,0.2306,2.0121,1.9801,34.9755,12.6278,15.0605,0,0,1,1
0.1936,2.247,6.1791,0.3237,34.5121,7.0815,0.0435,14.2988,7.0352,46.2672,37.962,20.3834,1,1,0,1
0.1373,1.3981,5.962,0.1242,33.7783,2.2674,0.2691,7.2135,5.4943,74.1657,30.037,12.5001,0,0,1,1
0.0805,12.8966,9.2539,0.0484,15.3055,0.7352,0.0572,5.7571,6.8001,47.8627,9.3824,12.2673,0,0,0,1
0.1199,13.802,7.8853,0.3018,10.7387,3.252,0.2133,6.6441,6.5323,119.4085,21.6624,18.5772,0,1,1,1
0.1231,4.5872,3.4683,0.331,15.6329,7.5085,0.3228,4.2739,0.868,92.4079,25.6146,26.7584,0,0,1,0
0.298,1.7529,2.5761,0.2377,11.8955,4.1741,0.2954,2.54,1.1125,100.6164,7.8184,38.7361,1,0,1,0
0.3026,5.8369,3.2939,0.1965,30.5416,5.5946,0.0415,12.739,5.8753,108.122,15.3897,3.893,1,0,0,1
0.2937,4.0977,4.5297,0.0969,28.9548,2.1325,0.3004,14.9859,7.9804,49.7967,32.2356,38.0025,1,1,1,0
0.0911,13.0269,0.6459,0.0807,16.9553,6.9244,0.1471,3.068,1.6952,61.9366,16.2836,7.0835,0,0,1,1
0.2464,14.7858,3.1616,0.2379,6.629,9.5694,0.1399,13.6243,2.9272,114.2547,35.2828,16.1255,1,0,1,1
0.2545,8.3781,4.1575,0.0753,38.7516,2.5959,0.2965,10.7955,1.9859,95.3975,4.5069,18.7067,1,0,0,1
0.0325,10.0723,5.6669,0.3352,17.4004,7.0932,0.178,2.3277,3.6535,108.6742,11.8704,8.7048,0,0,1,1
0.2358,12.5957,7.1588,0.297,16.2089,4.0474,0.2528,10.3722,4.4335,76.1466,3.6027,30.6285,1,1,0,0
0.2646,2.8213,8.8024,0.3205,34.3029,6.728,0.0842,6.7242,3.0856,98.2025,23.1284,1.8542,0,0,1,1
0.1162,8.4094,5.4071,0.1486,6.145,1.8534,0.0745,9.4742,0.6423,34.5896,47.1263,26.5413,0,1,1,0
0.1323,12.3744,9.2561,0.214,19.1998,8.0606,0.0847,9.0013,1.8468,38.9877,48.6997,22.5571,0,0,1,1
0.1096,5.3955,2.9432,0.2558,32.9575,6.8118,0.03,13.0022,6.1858,108.8357,8.2714,12.996,1,0,0,1
0.2185,13.0437,9.1008,0.3079,32.1032,6.7942,0.0828,5.8682,6.7531,32.0599,7.9248,31.5239,0,0,0,1
0.2711,7.2584,1.9222,0.2091,26.7461,4.7073,0.1351,7.6468,0.521,117.1314,21.8766,6.1396,0,0,1,1
0.225,10.6972,0.855,0.2618,10.851,7.1915,0.2386,8.946,4.8598,113.8689,38.1113,23.4202,1,1,1,0
0.1609,13.665,8.7097,0.1755,18.8362,0.6101,0.0695,8.3912,2.8928,103.9361,42.117,2.9336,0,0,1,1
0.2769,10.6349,2.5104,0.126,38.8824,3.8162,0.092,10.9677,4.8928,64.6825,16.1021,5.7099,1,0,0,1
0.1339,6.0881,7.5536,0.165,23.3083,5.2793,0.2521,10.0836,1.4298,43.474,13.764,11.989,0,0,1,1
0.1011,6.1326,8.1625,0.2615,27.1057,6.3969,0.2271,3.5544,1.9257,76.7654,26.9712,39.734,0,0,1,0
0.0766,8.162,8.0985,0.0606,24.8758,5.1735,0.0594,14.0293,3.0974,95.9424,41.2145,12.6724,0,0,1,1
0.2436,4.584,3.5088,0.2967,13.9828,1.1788,0.2998,14.2843,0.5956,96.9342,31.8094,30.048,1,1,1,0
0.3387,6.545,5.5288,0.242,27.5729,6.4508,0.2506,3.7898,1.0286,109.5353,28.5455,35.5646,1,0,1,0
0.3181,1.342,0.817,0.2542,28.905,8.2087,0.3173,14.5508,7.841,77.0753,15.9723,20.5047,1,0,0,1
0.2494,3.5799,3.3906,0.1848,20.2322,6.6448,0.1609,10.2402,6.8064,109.7852,6.5618,41.352,1,0,0,0
0.18,6.9432,4.1986,0.164,31.3824,2.8618,0.3121,3.9749,1.8446,63.6176,35.2361,19.7169,0,0,1,1
0.2572,13.8866,2.445,0.214,27.4473,6.3222,0.3238,8.6226,5.4988,59.4233,29.9831,11.5331,1,0,1,1
0.1925,7.1518,1.6983,0.1508,35.52,9.7877,0.1908,4.0041,1.1401,115.7551,31.4157,29.5807,1,0,1,1
0.0303,12.4068,4.8318,0.0687,10.8331,3.8183,0.2948,9.9092,7.4819,87.3929,40.1407,29.6858,0,0,1,0
0.178,11.1142,8.0501,0.3306,21.9257,1.6694,0.3232,5.1136,2.3457,106.1144,32.1145,16.8131,0,0,1,1
0.1117,10.9515,7.6657,0.1773,6.9339,5.1775,0.1809,9.1945,1.0075,73.4187,28.4261,18.6491,0,0,1,0
0.179,14.9394,7.0792,0.1128,25.1777,0.4188,0.0835,6.763,5.9901,69.1155,49.4443,24.5974,0,1,1,1
0.1062,9.7844,8.172,0.312,13.3182,1.3693,0.1032,9.8876,3.8592,107.544,32.4083,37.0428,0,1,1,0
0.3104,13.3936,1.686,0.1194,26.1188,0.8317,0.32,6.779,2.1799,50.1531,32.657,43.7035,1,1,1,0
0.3123,13.1255,4.0974,0.1679,22.8265,1.5172,0.2938,10.0997,5.9158,112.7433,34.4209,37.0887,1,1,1,0
0.1735,1.145,5.7064,0.3322,19.2817,3.5084,0.0306,13.827,0.6263,104.501,7.0955,11.4558,0,0,1,1
0.2915,6.4171,5.7649,0.0578,32.1392,6.2502,0.166,8.9799,3.8514,108.2759,19.3479,34.3498,1,0,1,1
0.0668,11.9567,2.7633,0.1626,7.9708,2.6063,0.0452,4.7773,4.3191,37.5304,19.3163,11.4858,0,1,0,1
0.1385,13.9978,1.5799,0.1211,19.2381,9.1112,0.1545,4.9337,2.4612,55.6842,4.5616,6.2157,0,0,0,1
0.2611,1.4439,9.7862,0.2107,11.439,5.2963,0.0979,6.0027,3.7073,51.6872,39.4939,21.8515,0,0,1,0
0.0978,7.2427,7.9166,0.2578,25.9451,6.597,0.0403,3.0323,1.9499,87.1365,19.4386,24.8553,0,0,1,1
0.2035,5.8988,5.9796,0.1279,36.3509,3.8457,0.2565,6.7497,1.2378,35.3288,20.598,32.4408,1,0,1,1
0.1237,5.3299,6.2223,0.1294,35.46,8.4576,0.1033,3.1561,0.8938,40.4074,3.5843,26.3379,0,0,1,1
0.2327,7.1891,7.8121,0.0609,8.0293,6.0419,0.3387,8.3677,1.1141,49.1177,14.3095,13.4932,0,0,1,1
0.1388,10.3225,5.5321,0.2098,37.1446,9.9881,0.1507,4.7578,0.5474,112.1741,12.3413,17.292,0,0,1,1
0.3193,8.0767,7.2406,0.2111,18.1253,9.1548,0.2723,6.2425,3.1293,44.7072,36.3887,23.1918,1,0,1,1
0.284,2.4973,0.8033,0.0635,25.0894,0.4346,0.2066,2.9654,1.7123,83.4372,20.5926,35.1698,1,1,1,0
0.2848,2.5264,8.4876,0.3102,20.745,6.0869,0.0929,5.2346,2.7885,48.8194,4.6898,15.646,0,0,0,1
0.3056,8.8629,2.8467,0.2239,39.2833,4.0303,0.3128,6.7628,5.8256,110.2789,43.8824,34.0445,1,0,1,1
0.328,4.4243,2.6512,0.1651,25.1451,5.3917,0.1967,8.7437,3.9444,82.2151,49.2139,38.0307,1,0,1,0
0.1286,2.0643,9.7345,0.0592,36.354,1.0632,0.1215,8.6827,5.0094,69.0865,44.2665,10.254,0,0,1,1
0.2186,4.1956,4.7529,0.2682,23.9991,8.5129,0.2296,12.1514,5.7623,45.7891,4.5554,31.3001,1,0,0,0
0.1328,1.0451,8.5379,0.2367,35.6868,9.3921,0.0905,6.6927,6.1354,81.9142,12.4648,42.4015,0,0,0,0
0.1804,1.8083,2.4106,0.1545,7.8838,3.1746,0.1891,4.3037,3.7805,113.155,30.3529,9.2499,1,0,1,1
0.3334,2.8956,3.4407,0.2363,36.7493,7.7364,0.0532,13.2914,5.4459,95.0495,48.4179,24.0974,1,0,1,1
0.1503,4.6188,0.6407,0.1432,16.1261,4.5339,0.0498,13.3278,7.4588,114.7385,28.7814,44.3533,1,1,0,0
0.2339,5.7311,7.0966,0.3154,34.7739,9.2156,0.3207,5.3617,7.3445,93.3248,26.0992,10.3966,0,0,1,1
0.0249,12.9589,6.1544,0.1038,13.8779,9.9406,0.099,10.6765,3.5269,88.2044,48.6726,43.0449,0,0,1,0
0.1329,6.6181,6.2743,0.1351,23.9538,2.9012,0.3132,14.7494,7.774,113.4485,8.3592,43.6218,1,1,0,0
0.1947,11.5425,2.539,0.2334,19.8987,2.1264,0.2115,6.021,0.6354,82.4114,47.4213,7.909,0,0,1,1
0.3425,5.7598,1.532,0.2588,5.9699,2.1986,0.3389,13.1767,0.9434,80.4812,37.9711,44.1459,1,1,1,0
0.2997,10.2461,7.5411,0.0229,13.8937,7.454,0.1446,4.7321,7.3587,49.6024,48.7864,33.2349,1,0,1,0
0.2265,6.6321,3.8133,0.187,25.1379,9.2213,0.233,10.1204,6.4633,33.5714,16.9883,4.327,0,0,1,1
0.2652,11.3187,8.2204,0.0399,17.7173,2.0115,0.2614,8.3286,1.3453,52.9415,7.9956,41.4244,0,0,1,0
0.0344,4.9728,5.4756,0.162,35.5737,4.1388,0.0389,5.7544,1.5583,64.0275,35.3119,41.1986,0,0,1,0
0.2086,11.995,1.0853,0.2431,14.2703,9.4037,0.1704,8.4744,5.9741,101.3376,9.8961,40.1691,1,0,0,0
0.2968,12.9859,8.3942,0.1082,37.3757,8.8981,0.1216,9.4247,1.7587,78.9725,12.8133,25.2772,0,0,1,1
0.0543,12.4276,5.1236,0.2855,26.0074,5.3134,0.0352,7.3842,7.842,92.7564,20.1885,26.0879,0,1,0,1
0.2493,4.9245,5.4583,0.337,6.9514,9.6349,0.2646,3.8172,5.5447,59.4264,7.8724,7.9128,0,0,0,1
0.088,2.7122,2.6884,0.0931,33.2706,7.2318,0.3256,12.1463,1.5489,48.2807,29.7636,41.4733,1,0,1,0
0.2626,3.0196,1.9126,0.2414,39.248,0.563,0.0795,8.396,5.2174,108.3984,7.8473,17.8291,1,0,0,1
0.0449,1.9797,7.6722,0.1705,37.5046,2.7213,0.0391,8.6087,5.135,39.1642,14.5632,23.5625,0,0,0,1
0.0932,6.902,4.7392,0.0276,26.7681,9.7072,0.1412,9.0052,7.5398,75.2046,37.8335,43.3131,1,0,0,0
0.319,5.145,8.4858,0.3128,11.384,7.7334,0.055,13.319,5.451,95.4014,30.0045,22.2212,1,1,0,0
0.2617,8.4098,6.5784,0.0452,37.7556,6.2985,0.2391,3.8544,0.7329,67.4907,22.3011,42.609,1,0,1,1
0.1965,2.4986,9.7331,0.1306,36.9023,1.629,0.3015,11.0178,3.3724,36.6523,3.6964,25.8208,0,0,0,1
0.1876,14.0998,9.1017,0.3459,24.7382,6.274,0.3207,7.2284,2.1159,37.4648,22.3124,20.7736,0,0,1,1
0.2501,14.6829,4.6189,0.2647,5.9298,2.7648,0.163,14.2747,5.9251,48.2713,42.6427,30.9886,1,1,1,0
0.0445,5.1717,3.3728,0.2162,38.9851,9.9211,0.1088,11.841,4.7617,115.7346,36.1472,4.673,0,0,1,1
0.3376,10.6757,4.6735,0.0964,31.6857,7.415,0.0207,5.3213,3.5611,75.3567,26.5203,28.4449,1,0,0,1
0.2601,13.085,3.0261,0.2739,10.3985,7.1913,0.0794,11.9553,3.3383,77.6803,42.9527,37.1427,1,1,1,0
0.3246,10.8683,0.8777,0.1096,32.5761,8.9983,0.163,7.8502,4.0089,56.4226,35.5892,1.1122,0,0,1,1
0.1184,1.9093,9.2056,0.1101,21.1642,4.0749,0.1332,4.1624,5.9876,53.9812,47.9855,30.7875,0,0,1,0
0.2469,11.3552,9.7244,0.263,38.7919,9.2606,0.2813,6.7298,5.2601,88.8336,24.3008,37.3251,0,0,1,1
0.3361,3.6814,8.2874,0.1485,29.6738,3.728,0.1133,8.6031,3.065,76.1785,35.069,41.373,1,1,1,0
0.0525,10.8384,9.9491,0.2202,11.3328,3.1471,0.1848,5.1667,4.2687,94.1245,8.9262,30.8228,0,1,0,0
0.1046,5.8393,8.5721,0.2062,39.8705,0.8782,0.1879,12.5669,5.225,85.4069,10.8542,24.3726,0,1,0,1
0.0834,1.5931,3.545,0.3059,29.7694,6.5271,0.0229,4.3871,3.8037,82.7454,40.2514,24.2588,0,0,1,1
0.1278,11.3301,8.7169,0.2536,30.2697,9.9523,0.3167,10.8936,3.1428,33.111,38.3866,43.5031,0,0,1,0
0.291,12.5053,9.5387,0.098,5.5103,2.0791,0.2503,10.7499,2.6944,93.2146,17.5797,2.3623,0,0,1,1
0.0486,4.9534,1.9082,0.2651,16.8802,5.354,0.2744,14.3959,1.4034,77.2836,7.9471,9.6454,0,0,1,1
0.0479,1.2022,1.5294,0.306,32.8108,5.1571,0.034,3.5447,2.0601,41.1749,29.5724,5.3332,0,0,1,1
0.2261,5.5236,7.4085,0.3102,11.0596,1.1049,0.2459,5.6072,5.5816,87.7955,26.3446,17.7698,0,1,1,0
0.1618,6.8846,9.6751,0.1006,38.2257,9.702,0.0383,10.8894,0.8037,82.401,27.2786,3.5126,0,0,1,1
0.2152,1.8107,0.5366,0.2437,37.6728,5.4396,0.1986,4.6112,6.6197,50.3144,39.5652,32.9199,1,0,1,1
0.2589,1.4191,4.0617,0.2217,30.4992,5.2621,0.2736,11.2553,2.3915,78.8706,29.4869,19.2534,1,0,1,1
0.1639,6.5061,2.8897,0.1622,22.5117,6.1904,0.2538,12.2358,2.6958,107.863,21.2721,31.307,1,0,1,0
0.1409,1.6074,1.6355,0.2517,39.6505,6.804,0.1944,5.712,3.9794,57.8029,46.5097,9.026,1,0,1,1
0.1906,8.4798,7.1454,0.2479,13.3357,8.0756,0.2525,4.7653,2.1769,35.8611,22.5769,39.297,0,0,1,0
0.1178,12.1895,0.9008,0.3119,29.2979,3.3062,0.104,11.9516,5.7847,101.6517,19.1689,9.4262,1,0,1,1
0.265,14.4388,5.0232,0.2699,34.0682,8.3411,0.1253,11.7604,2.5567,72.3093,44.0018,37.1694,1,0,1,1
0.2166,12.5599,1.204,0.1786,8.9707,3.8057,0.0971,3.3209,2.2246,31.2656,34.6291,13.4795,1,0,1,1
0.183,8.0021,5.5132,0.1552,8.0493,4.1192,0.3171,14.0802,4.6326,42.7005,36.88,11.0649,0,0,1,1
0.3245,1.7561,7.3018,0.1421,6.2697,7.3253,0.3309,6.138,1.5114,46.4313,29.2046,19.924,0,0,1,0
0.1458,7.7672,7.4036,0.2152,29.4258,8.3716,0.0807,7.8183,1.3708,111.6313,42.6868,36.213,0,0,1,1
0.1231,8.4709,8.5451,0.1576,6.1934,2.5453,0.0859,5.5753,2.025,109.0265,32.0791,21.1032,0,0,1,0
0.2112,14.371,0.5137,0.1369,32.5636,8.1705,0.3261,8.3974,4.5777,37.1942,31.0717,41.2898,1,0,1,1
0.207,5.1299,3.964,0.1373,32.6246,3.1245,0.1344,13.6219,2.5877,63.4893,3.8087,5.3427,0,0,0,1
0.2959,12.5768,5.7304,0.0291,27.5319,8.6225,0.3277,5.0775,1.1197,117.6419,32.7971,12.7609,0,0,1,1
0.1779,10.2076,5.3313,0.1399,10.6108,9.8448,0.0723,10.7044,4.7368,58.118,22.815,30.121,0,0,1,0
0.1659,13.9215,4.3406,0.3375,32.7033,3.0895,0.1269,9.8827,3.6814,105.3463,17.6276,33.5803,1,1,0,1
0.3105,3.0003,0.9343,0.3204,33.2081,8.43,0.0953,5.971,0.7613,91.5676,36.0608,12.3094,1,0,1,1
0.2483,3.0173,1.5463,0.2864,24.996,3.3305,0.0762,14.6617,0.5866,74.5238,18.6294,40.5918,1,1,1,0
0.2503,4.4771,6.1716,0.2723,23.4363,3.2174,0.2755,11.0058,2.7646,87.1231,39.9135,42.136,1,1,1,0
0.1936,5.0412,0.9793,0.1568,17.0496,7.3024,0.0201,14.9172,2.2865,98.9378,29.6513,44.6659,1,0,1,0
0.0899,11.6405,8.3455,0.3412,33.6425,9.0883,0.0514,7.5427,3.923,41.1145,41.8885,5.1945,0,0,1,1
0.0789,14.5693,3.6314,0.2204,5.9538,5.135,0.2433,6.7087,2.2861,96.5154,2.0326,38.4742,0,1,0,0
0.1136,7.6318,3.1933,0.041,36.2769,5.9991,0.1878,6.4737,1.2577,52.1456,46.4731,21.3451,0,0,1,1
0.3233,13.6644,8.0631,0.2888,10.0081,1.8593,0.1082,12.6936,4.4364,43.3332,30.1962,5.1806,0,1,1,1
0.2437,12.6007,5.4339,0.251,21.9119,1.2242,0.2304,5.1594,0.7809,103.5165,34.1261,14.6411,0,0,1,1
0.0526,7.1392,9.6422,0.0662,36.8984,9.669,0.3403,9.1034,5.6866,65.3084,13.097,32.9175,0,0,0,1
0.0926,10.0895,8.3215,0.3362,22.3769,6.5331,0.1619,13.3715,5.7203,118.6405,26.1703,37.9375,0,1,1,0
0.0945,10.2456,5.2092,0.2084,22.0696,0.7053,0.0316,13.8826,4.0228,119.8025,49.8994,25.4181,1,1,0,1
0.1924,1.4429,7.8885,0.2911,34.8522,1.3443,0.2686,4.5367,3.9587,91.7284,42.8514,38.9092,1,1,1,0
0.142,13.0339,0.5542,0.2305,26.2479,9.3057,0.0903,2.7836,7.9164,60.4247,15.0896,6.1595,1,0,0,1
0.1329,12.5585,2.1275,0.1217,7.2153,9.7615,0.1951,13.1304,5.1057,32.7601,43.7777,2.4422,0,0,1,1
0.2434,3.6266,0.4606,0.2202,39.6596,2.6903,0.281,13.6748,1.8011,55.9461,27.0529,35.825,1,1,1,1
0.2217,2.7231,9.4505,0.2288,27.7328,5.6078,0.0328,8.579,2.5802,115.5376,41.4476,21.8756,0,0,1,1
0.3485,1.2986,7.9985,0.1033,25.0895,3.6031,0.2798,3.3025,7.0418,108.695,38.175,23.3671,1,0,1,1
0.3473,13.6522,5.6434,0.1408,20.2591,1.4275,0.0455,9.147,1.0802,38.7768,27.7373,2.3051,0,0,1,1
0.0882,8.6078,7.2751,0.1503,27.8254,9.0919,0.2776,6.8407,5.8587,117.6924,25.6251,32.2428,0,0,1,1
0.1852,11.9518,7.0663,0.3111,17.5605,4.6934,0.0576,12.1956,3.8943,37.0123,33.9989,6.1654,0,0,1,1
0.085,7.4869,8.1492,0.2974,15.4815,6.1886,0.3087,5.9049,4.9952,95.0684,44.0858,3.3054,0,0,1,1
0.1791,9.8722,7.087,0.3137,26.1448,3.966,0.2333,9.6229,4.3965,43.4946,17.4861,33.7617,1,1,0,1
0.2321,4.1513,1.5843,0.2292,39.0795,6.4863,0.0905,10.799,2.8487,94.9724,7.7539,28.3493,1,0,0,1
0.2868,8.7029,4.0287,0.1708,37.6738,9.1165,0.1,10.9282,3.3197,107.7206,31.4721,36.1972,1,0,1,1
0.2608,2.7245,0.342,0.1174,31.3021,6.3632,0.2051,5.0588,7.3916,55.7027,7.0629,41.4238,1,0,0,0
0.2412,10.4446,5.6436,0.1561,33.9948,0.5363,0.0831,10.2951,1.7719,78.3245,19.4534,17.2775,0,0,1,1
0.1082,14.5522,4.7058,0.3289,19.0392,5.0622,0.0854,9.8297,2.7763,104.2506,7.8229,16.136,0,0,1,1
0.0349,11.8763,6.2448,0.3475,19.9214,3.2114,0.1858,5.5485,2.5312,57.0871,29.7896,10.2002,0,0,1,1
0.2844,5.2603,0.9258,0.1018,34.4246,5.7196,0.0238,12.5826,3.2062,88.1252,42.455,28.5571,1,0,1,1
0.1285,7.7346,9.6266,0.086,29.5819,1.987,0.0293,11.5621,4.903,94.8959,38.6713,16.4081,0,0,1,1
0.0524,5.1844,9.12,0.2723,21.5661,3.6654,0.1185,14.1782,1.2464,99.7104,2.6081,16.6058,0,0,0,1
0.2512,6.1954,2.1185,0.2711,20.9511,6.5241,0.0973,13.6479,4.8267,59.2861,34.9572,38.3773,1,1,0,0
0.2366,14.482,4.6997,0.2694,28.72,9.8718,0.3343,7.9617,3.1047,87.2305,9.1636,26.8528,1,0,1,1
0.2811,10.4923,2.9147,0.2985,25.1314,6.4934,0.184,14.8846,4.2895,76.1626,18.2535,5.664,1,0,1,1
0.0718,8.9935,7.9322,0.2229,23.6533,4.6839,0.0202,2.8557,5.9583,49.8295,49.3448,4.7834,0,0,1,1
0.1127,8.29,8.4069,0.1237,5.727,6.6555,0.0324,10.7893,5.9962,94.8633,26.8628,19.152,0,0,1,0
0.1887,8.4806,4.9995,0.3281,31.8943,8.2325,0.1182,6.6642,2.2789,42.4994,6.0183,11.5254,0,0,1,1
0.168,11.4588,9.0522,0.1952,6.0319,7.4717,0.324,12.1875,7.5811,68.5976,35.6677,13.7855,0,0,1,1
0.3206,1.3749,8.7238,0.2394,22.0333,8.8528,0.1283,8.2805,5.8105,49.7078,35.2041,41.824,1,0,1,0
0.1314,11.5221,2.6436,0.227,33.3179,9.0015,0.1838,9.322,4.2294,48.5646,31.768,18.992,1,0,1,1
0.2756,13.3235,4.9073,0.2107,39.0857,8.64,0.3088,8.3939,7.7726,97.7289,29.7956,14.7351,0,0,1,1
0.0361,1.0201,2.4318,0.2558,24.0888,4.8116,0.0435,10.3592,2.7626,34.2079,22.4208,7.6592,0,0,1,1
0.0443,5.4748,6.1801,0.2047,16.1003,2.5246,0.2393,7.2707,3.328,34.166,22.417,7.5311,0,0,1,1
0.2778,13.3427,6.5982,0.1193,30.8688,1.9546,0.2744,3.8603,3.0441,66.8557,15.1882,9.3057,0,0,1,1
0.2883,14.4987,6.4717,0.337,31.0435,0.5113,0.0237,10.2696,3.5797,70.5575,10.9833,42.6577,1,1,0,1
0.2364,8.5863,1.653,0.0443,26.439,1.541,0.2846,3.1585,1.1584,58.8914,23.5024,43.7177,1,0,1,0
0.1613,2.9807,3.5434,0.0374,27.519,1.4333,0.2446,2.6038,2.5969,83.6773,25.4395,39.9317,1,0,1,0
0.0206,5.2922,8.969,0.1066,37.7815,7.4996,0.1259,5.582,0.6202,64.455,19.9229,8.1312,0,0,1,1
0.1195,1.4869,2.5089,0.0854,37.3757,8.3922,0.3248,9.8685,1.8594,62.4658,37.0297,12.7205,1,0,1,1
0.3333,6.7411,2.1925,0.2439,27.0113,1.1304,0.3066,6.0849,7.3388,59.4795,12.1129,22.1276,1,1,0,1
0.2676,9.4295,8.9913,0.2106,20.6877,4.3478,0.1054,4.7439,2.9738,73.6937,29.0225,16.7758,0,0,1,1
0.1534,2.4085,8.884,0.3365,14.4856,6.9813,0.1555,8.0643,7.7782,45.5392,43.1226,18.9986,0,0,1,0
0.1516,6.4095,0.5856,0.2373,15.7133,3.2149,0.132,3.7406,4.2358,87.016,17.4622,4.9926,1,0,1,1
0.1584,12.2972,9.039,0.1271,30.8287,7.2312,0.3386,3.8655,6.0076,37.4181,21.8984,21.1074,0,0,1,1
0.1842,10.37,8.6605,0.1188,25.5173,1.6739,0.0639,6.9714,1.2382,110.2335,38.0876,41.0254,0,1,1,0
0.1275,3.6954,8.7474,0.0373,15.1989,8.641,0.0778,14.1594,0.5424,109.4723,16.3551,4.6558,0,0,1,1
0.0799,8.2981,7.2676,0.224,10.6329,1.8259,0.1717,14.7158,1.5692,67.7562,26.617,14.722,0,1,1,1
0.3392,7.0147,3.1109,0.0201,23.457,8.599,0.059,12.1108,3.9443,99.5617,4.4028,32.2972,1,0,0,0
0.2894,2.2151,1.3282,0.1084,16.9047,2.6876,0.2104,13.1752,5.8535,90.4549,26.4098,30.8154,1,1,0,0
0.0362,8.7601,1.3156,0.1826,36.9251,4.0735,0.2968,3.1791,5.9708,93.3575,32.649,35.3845,0,0,1,1
0.2491,13.3746,3.118,0.331,8.402,2.4495,0.3408,7.1072,3.2021,67.6736,13.0185,8.4155,1,1,1,1
0.1432,12.619,3.9541,0.1338,22.1128,3.6913,0.2465,12.8381,0.9243,38.2341,12.3137,42.4242,1,1,1,0
0.333,14.1687,4.2016,0.1371,29.1732,8.463,0.0632,5.2951,5.8199,52.4473,49.2917,26.6957,1,0,1,1
0.2183,10.3678,7.4473,0.346,20.491,4.4673,0.1052,3.349,7.9909,63.5446,47.4911,8.404,0,0,1,1
0.2725,1.1984,3.1161,0.2924,38.5723,1.4113,0.33,9.189,3.1338,58.9503,43.231,33.9855,1,1,1,1
0.2065,6.3434,9.6776,0.139,17.5557,7.7533,0.2055,2.1559,2.3422,66.0651,7.6349,26.2036,0,0,1,0
0.0975,13.5018,9.1312,0.0594,20.3923,5.6223,0.1706,6.1882,1.7283,58.1643,24.1029,9.4561,0,0,1,1
0.2299,6.2957,2.618,0.0457,15.2429,3.4956,0.0536,10.8072,2.2882,78.0175,46.2044,23.2635,1,0,1,0
0.0563,6.5188,9.3251,0.2748,18.7816,3.5596,0.3105,11.9295,7.8378,61.7601,10.8744,38.4372,0,1,0,0
0.0908,14.1288,3.9023,0.1452,25.4211,3.0998,0.3402,7.9263,5.2047,95.5549,33.3739,25.5646,0,0,1,1
0.2745,1.1818,0.8309,0.2757,6.6559,0.942,0.1,10.2188,6.1921,38.5995,21.8141,29.331,1,1,0,0
0.1617,2.0507,9.3964,0.2536,14.2762,2.9399,0.2964,10.5689,5.1808,39.0653,18.7851,20.315,0,1,1,0
0.1526,13.5484,8.1987,0.1521,36.7543,6.7966,0.066,6.9177,0.5968,64.752,44.3854,37.2171,0,0,1,1
0.1101,8.7832,6.1188,0.223,11.6756,9.5224,0.2149,5.5881,5.9259,92.7799,5.8847,27.2609,0,0,0,0
0.1901,10.132,6.545,0.2162,22.1699,1.4128,0.1482,8.765,7.8588,58.7749,27.3297,33.8846,1,1,0,0
0.1061,13.9831,1.3813,0.288,28.3513,6.9958,0.1966,14.4553,1.1514,61.1788,37.2832,10.1512,0,0,1,1
0.2742,2.1666,4.8297,0.0229,35.2295,4.7466,0.1042,4.5362,1.3303,112.3683,40.6094,3.1586,0,0,1,1
0.3304,5.3938,4.2465,0.0391,27.5839,7.9447,0.3397,3.3651,2.0421,34.5382,39.725,15.7014,1,0,1,1
0.2992,2.8731,9.4784,0.1054,37.195,3.2575,0.0282,13.6432,1.2363,107.9633,36.5101,39.6195,1,1,0,1
0.3307,14.0037,1.2468,0.1719,27.108,3.0397,0.224,2.284,6.8397,52.1017,9.8901,40.1593,1,1,0,1
0.3237,6.2527,1.3631,0.1529,19.3777,2.0352,0.1236,2.0897,6.9137,74.8078,42.9033,2.5842,1,0,1,1
0.0688,2.3852,6.1147,0.2287,26.4645,1.5055,0.2072,3.6471,5.2566,56.4962,11.2395,40.5014,0,1,0,0
0.2124,14.5143,4.2286,0.1247,10.0514,9.7071,0.1741,7.2194,4.5815,57.5418,7.984,34.3872,1,0,0,0
0.109,12.0752,7.4183,0.2226,5.5174,4.4149,0.1015,14.0216,5.464,66.9634,37.2722,33.9505,0,1,1,0
0.0343,7.6957,1.0211,0.3376,7.7949,7.0693,0.2832,13.2108,1.5543,111.8654,35.3035,7.7594,0,0,1,1
0.12,8.2152,5.2459,0.2977,15.1348,5.5108,0.0725,9.6737,6.7751,44.9888,38.9166,27.9669,1,1,0,0
0.1593,5.1271,1.7681,0.2042,23.6206,0.6954,0.0696,6.475,6.9426,30.6366,8.0839,24.0261,1,1,0,1
0.1606,2.0985,1.8361,0.2391,9.1109,2.2821,0.2218,7.6191,6.0454,79.953,5.1488,25.4954,1,1,0,0
0.2418,4.0276,4.6831,0.3281,7.9066,4.0014,0.2594,8.7207,6.3062,56.8123,38.1358,43.7396,1,1,1,0
0.214,7.7347,3.791,0.2004,27.5607,9.7369,0.2867,8.4601,7.8856,36.4247,12.4582,6.6277,1,0,0,1
0.0294,13.1493,8.0989,0.1278,16.1171,9.1795,0.1134,12.5986,3.0821,51.6495,9.1726,27.1947,0,0,0,1
0.1935,6.0048,2.9238,0.086,5.5844,5.8854,0.2801,7.9494,4.599,61.3118,46.8872,26.162,1,0,1,0
0.091,1.2938,9.9021,0.0424,17.1193,6.821,0.1146,9.2736,0.8755,63.3228,24.1459,11.8513,0,0,1,1
0.2221,1.2171,2.3731,0.3024,32.4686,1.159,0.3292,5.2728,6.7458,30.013,23.9412,27.9072,1,1,1,1
0.2753,7.3005,6.8818,0.1253,17.1599,5.9641,0.2759,11.3525,0.6823,63.8335,12.5639,17.6878,0,0,1,1
0.088,9.316,3.9223,0.2738,8.9774,8.1325,0.2945,12.4091,6.1668,67.719,49.9458,32.6804,0,0,1,0
0.1692,11.9469,2.4586,0.0709,33.9451,6.1426,0.3378,7.5341,2.2972,41.2281,25.773,30.6175,1,0,1,1
0.3075,6.1393,9.7057,0.0332,18.0305,9.7751,0.2642,13.3199,4.6963,114.8098,11.137,34.4756,1,0,0,0
0.161,2.889,5.6823,0.2626,24.7318,4.6564,0.0267,6.1602,1.5302,98.1947,44.7997,7.8444,0,0,1,1
0.3292,12.1415,2.4572,0.0533,10.4785,9.0038,0.1914,2.6601,6.5128,73.3524,32.7552,14.9347,1,0,1,1
0.1673,1.6176,9.84,0.1949,13.0188,4.2293,0.123,6.0826,1.8862,31.8716,4.0216,14.3435,0,0,0,1
0.1758,14.2058,2.2479,0.0797,13.4157,4.548,0.1951,5.1273,1.1827,115.5152,11.0937,16.3524,0,0,1,1
0.3095,12.8998,1.2996,0.2046,24.3598,8.4848,0.2995,10.676,3.1127,110.6764,26.9125,2.8234,0,0,1,1
0.0882,14.3045,5.258,0.1239,11.0223,4.8052,0.1881,7.3486,3.0521,116.9881,4.0285,19.2676,0,0,0,1
0.0443,4.7129,4.8476,0.2585,33.4793,0.9233,0.1851,3.498,5.9836,106.4634,25.7192,29.6103,0,1,0,1
0.064,5.7927,3.7144,0.0476,36.4311,8.4595,0.0497,11.6295,6.2777,40.4887,16.9221,4.6861,0,0,0,1
0.25,9.1777,4.0785,0.3436,20.3232,4.6875,0.2481,6.2956,6.7006,119.4807,31.0329,27.3325,1,1,1,1
0.2105,7.6734,2.8545,0.3228,8.0434,6.5907,0.1642,5.6001,1.5097,90.419,46.302,30.5925,1,1,1,0
0.0795,11.0585,8.9917,0.1188,10.3697,2.337,0.2023,11.8618,1.838,92.8292,14.3591,38.4847,0,1,1,0
0.3351,7.4125,0.367,0.143,24.7715,1.5362,0.0487,14.8163,1.9339,59.5032,11.418,28.3471,1,1,0,1
0.2384,2.4217,2.0629,0.3352,17.6159,4.1104,0.2335,2.3637,5.2471,103.6874,11.345,9.9314,1,0,1,1
0.3478,14.9422,8.9329,0.0946,26.3641,3.6152,0.0237,8.8504,0.6397,87.6397,11.3419,16.7293,0,0,1,1
0.2196,2.2872,2.6999,0.0618,5.9252,4.7336,0.1937,6.0353,3.3956,110.8001,31.548,13.8998,1,0,1,0
0.3042,2.0581,4.6502,0.0498,26.8311,0.3584,0.2463,14.4273,3.2123,110.1216,44.8237,19.0824,1,1,1,1
0.1743,11.2998,8.9916,0.1742,22.2402,2.8027,0.0468,6.1918,3.9361,41.5616,48.628,2.8226,0,0,1,1
0.2379,10.9717,2.1,0.2525,21.4798,4.5321,0.2261,9.6685,3.3126,72.0738,36.6027,10.5781,1,0,1,1
0.1521,5.399,7.4803,0.3411,25.802,4.4708,0.1924,7.3475,2.7115,60.6567,42.0366,26.8928,0,0,1,1
0.0302,9.7371,2.2265,0.3378,19.0331,1.9824,0.3068,3.7029,1.9222,110.4718,7.5822,1.7004,0,0,1,1
0.2222,1.6653,3.9191,0.0353,20.5021,6.9435,0.092,3.1635,6.9408,31.1279,14.7657,28.9349,1,0,0,0
0.0553,14.4594,5.3348,0.0719,10.6835,6.9095,0.0673,4.6621,6.544,93.6,25.3028,13.5851,0,0,0,1
0.0584,14.9571,6.075,0.2113,31.4613,5.6677,0.1369,2.8894,5.073,104.3111,23.1352,2.0375,0,0,1,1
0.0639,7.1037,4.042,0.1739,19.5223,9.5377,0.1535,5.0147,2.8969,81.4206,19.5801,21.6195,0,0,1,1
0.3223,10.9995,9.4991,0.0684,26.1599,2.1472,0.1377,10.1204,3.6784,31.096,48.4868,6.9069,0,0,1,1
0.3446,9.7051,7.5953,0.2557,12.5607,8.8625,0.0517,11.9322,6.2696,72.7596,11.3331,12.1939,1,1,0,1
0.3134,10.7525,2.2339,0.2175,9.3831,9.1189,0.0715,2.2233,5.1592,107.0681,6.7393,33.5631,1,0,0,0
0.1375,13.6091,7.2229,0.3011,30.3959,2.6584,0.3006,7.9226,3.8341,84.2141,41.4415,44.5999,1,1,1,0
0.2753,2.9714,8.3617,0.3244,8.1276,7.447,0.3279,2.6987,3.9924,74.5804,23.7566,22.016,0,0,1,0
0.1793,13.1712,4.6253,0.0782,25.6909,7.1849,0.1094,14.0682,7.9857,60.6314,12.299,25.8628,1,0,0,1
0.0693,1.417,1.4774,0.3363,12.7408,1.9909,0.1328,5.6343,7.424,86.0296,2.9867,8.3546,0,0,0,1
0.2921,3.4998,3.5173,0.2388,14.6895,2.0112,0.2156,4.1137,1.2141,103.8377,48.9245,27.8495,1,1,1,0
0.0998,2.1247,7.5511,0.0878,20.4616,3.4987,0.2377,6.9551,4.267,92.2725,4.8727,37.6748,0,0,0,0
0.3419,10.9594,3.6892,0.1274,5.7819,6.0156,0.1529,13.9862,3.1476,41.0441,34.4518,1.1621,0,0,1,1
0.1863,11.8432,9.2418,0.1947,14.7013,8.3734,0.1907,11.3897,1.8628,42.3204,26.0703,6.7702,0,0,1,1
0.2934,7.6432,1.4905,0.1187,7.8982,9.6024,0.134,4.3804,6.9448,68.846,49.5456,33.1995,1,0,1,0
0.0418,14.7239,8.9196,0.276,5.9441,5.3884,0.2455,14.9169,3.7303,111.6348,23.3774,34.3124,0,1,1,0
0.0448,2.6384,9.2302,0.3144,38.2563,4.899,0.2736,4.8925,3.0398,49.8949,19.0336,13.3793,0,0,1,1
0.1672,10.684,4.7938,0.1618,20.5896,9.3905,0.132,9.1725,1.1765,72.318,33.2909,39.3014,1,0,1,0
0.3241,11.1769,6.6833,0.2582,11.511,3.9588,0.2666,13.8064,6.6404,86.2747,3.4174,18.0434,1,1,0,1
0.205,10.078,6.9309,0.2734,20.737,5.1867,0.0317,6.3523,2.2989,83.0289,22.672,32.8139,1,1,0,0
0.186,13.5392,7.0864,0.2623,24.2175,2.6394,0.1788,10.8934,1.7724,92.9073,22.9688,32.3085,1,1,1,1
0.178,7.1228,0.6619,0.1546,35.6171,9.9409,0.3085,9.0147,2.4791,35.6186,11.0018,44.265,1,0,1,0
0.1472,4.3357,3.5265,0.2462,20.2756,2.6341,0.2401,10.9793,1.3939,73.6025,28.6184,29.8539,1,1,1,0
0.1713,9.5994,6.8717,0.3153,8.4171,2.2988,0.3413,12.5808,1.3905,92.814,46.4457,27.1176,0,1,1,0
0.1459,10.2409,0.7253,0.0611,39.4578,1.8849,0.2677,14.7108,5.1894,98.806,17.7342,27.6385,1,0,1,1
0.3239,1.1552,4.7356,0.1899,38.4225,9.4824,0.2742,4.8679,0.7535,113.1669,32.1725,2.4281,0,0,1,1
0.0303,14.509,4.2652,0.1661,32.2704,8.2519,0.3284,9.27,0.879,95.3127,14.2923,9.4828,0,0,1,1
0.1938,2.5983,2.9113,0.1451,9.5882,6.0469,0.093,7.3604,4.6126,43.3615,38.6374,40.7481,1,0,1,0
0.2507,12.0438,8.2553,0.2207,11.291,8.1672,0.3233,7.759,4.2432,59.7961,33.0361,28.0409,0,0,1,0
0.1137,2.5331,4.6352,0.2066,13.964,4.3454,0.3456,3.9871,4.9003,96.5791,10.6161,13.5038,0,0,1,1
0.3231,2.3629,0.5367,0.1967,19.0391,9.4199,0.2497,9.4419,5.6904,82.7172,33.505,13.9719,1,0,1,1
0.0755,7.7891,7.047,0.22,13.0937,5.2388,0.299,10.7663,5.5926,109.3734,20.8455,42.6814,0,1,1,0
0.1188,6.8488,8.0629,0.0559,28.3728,8.459,0.0778,7.0657,1.7516,44.1634,14.2746,26.7742,0,0,1,1
0.0542,5.5088,2.825,0.1505,33.1464,2.2626,0.0741,6.8053,6.1953,91.6704,8.8159,18.0703,0,0,0,1
0.231,2.1413,2.3258,0.0508,6.4802,3.8523,0.0815,14.6215,5.1347,51.8786,26.8278,38.6933,1,0,0,0
0.1771,6.3855,1.0895,0.3462,36.7066,6.5046,0.1651,4.2618,7.5804,69.5968,44.9916,26.6574,1,0,1,1
0.1546,10.9302,8.974,0.3152,6.5882,0.5793,0.3007,3.3249,4.9074,47.3597,47.7097,19.4909,0,1,1,0
0.2585,4.6584,4.0216,0.1458,38.4609,1.2571,0.1999,12.8675,3.8099,108.343,3.7273,41.7929,1,1,0,1
0.3024,9.1113,9.1308,0.203,39.9038,0.7765,0.1326,6.6451,2.0026,101.0135,18.4823,27.1598,1,1,1,1
0.2412,4.7103,1.8295,0.2405,14.9016,9.1296,0.284,6.8412,7.6323,76.9087,46.0051,11.5294,1,0,1,1
0.1199,8.5649,9.1913,0.3406,6.0257,1.3206,0.2867,14.3714,5.4729,97.1315,38.7183,40.0843,0,1,1,0
0.0269,5.2762,1.079,0.3384,21.7588,1.4389,0.0336,4.4609,6.2749,91.1992,27.8738,18.1314,1,1,0,1
0.2387,8.4589,1.7625,0.1402,17.8224,6.3754,0.246,12.3408,5.1323,88.4501,48.1597,26.7127,1,0,1,0
0.2591,3.2281,2.5727,0.1173,10.1026,7.3087,0.2083,2.7858,2.7457,30.663,7.706,15.3799,1,0,0,0
0.0847,11.5996,6.7169,0.226,11.4872,0.5482,0.2411,8.9844,5.4292,114.1914,30.7396,29.3186,0,1,1,0
0.2545,5.1152,0.7735,0.1513,31.4486,3.093,0.0579,6.1766,5.7373,59.602,39.6557,23.655,1,1,0,1
0.2544,14.5963,4.422,0.2785,5.7324,6.7764,0.0953,3.5832,6.5311,57.8158,34.9052,40.6755,1,1,0,0
0.1757,13.0719,9.1096,0.0737,11.7289,1.7149,0.2924,2.6439,3.411,110.5871,13.3198,10.6693,0,0,1,1
0.2174,3.7012,7.8482,0.0913,32.4181,7.4304,0.1999,13.1977,3.8777,43.0869,9.8697,25.8189,1,0,0,1
0.1212,12.9997,3.0999,0.2981,34.6985,7.9262,0.2688,11.6323,5.2384,102.529,11.9288,25.2193,1,0,1,1
0.1273,4.4154,8.9027,0.1763,22.3138,7.8143,0.1191,3.5522,6.4538,36.0197,38.6023,6.358,0,0,1,1
0.1684,11.4113,1.8419,0.3399,29.3853,3.1223,0.0869,9.9506,6.1492,116.3057,32.5084,41.5685,1,1,0,0
0.044,14.9001,7.4808,0.2293,5.8632,0.7814,0.2191,9.4696,7.0617,55.1735,4.5151,6.3701,0,1,0,1
0.1781,5.1323,4.4644,0.1316,35.135,6.6349,0.2157,10.568,4.1913,32.2516,35.0763,27.0606,1,0,1,1
0.0492,11.8694,8.047,0.179,20.9671,6.5133,0.1191,5.4805,0.5535,52.7601,15.7188,17.5381,0,0,1,1
0.1716,14.7316,8.2308,0.2313,26.3192,8.7017,0.1778,14.3019,7.5277,94.741,29.8205,29.1789,0,0,1,1
0.0836,11.0041,7.928,0.0659,20.4277,5.0147,0.2097,4.6259,7.0283,71.4229,32.2322,44.6079,0,0,1,0
0.283,10.2118,6.4607,0.2555,30.3921,5.1722,0.2872,2.1507,6.8181,84.6694,9.6466,29.2202,1,1,0,1
0.0278,8.277,7.7225,0.2927,37.8702,0.8434,0.1263,8.3386,7.7582,98.7489,3.2448,29.9972,0,1,0,1
0.3267,5.1786,3.4116,0.2025,11.0693,7.3972,0.1694,14.7529,7.1114,36.9961,25.8803,12.7049,1,1,0,1
0.0451,11.8848,7.9106,0.1471,28.7592,1.5687,0.252,13.875,1.0129,62.4505,29.5969,40.5235,0,1,1,1
0.0847,6.4571,8.099,0.3499,38.6586,3.5697,0.0958,6.7293,7.3254,57.6095,31.5382,21.704,0,0,1,1
0.3446,12.5152,3.7734,0.2924,26.1694,2.9184,0.1886,9.3564,3.4395,117.2871,27.4668,33.5421,1,1,1,1
0.1959,2.1566,6.6004,0.0769,23.5927,5.7268,0.2326,3.5729,5.4897,109.765,27.5503,25.4934,0,0,1,1
0.1606,3.638,5.2087,0.2981,14.1452,6.2775,0.2505,5.5826,6.553,69.2888,10.4126,22.8571,1,1,0,0
0.1074,4.9222,3.7396,0.024,5.3014,4.1773,0.0245,8.9172,0.5348,110.6678,22.3717,6.0544,0,0,1,1
0.2623,5.3191,1.8325,0.2902,19.5475,2.3656,0.3308,11.204,3.3041,69.0781,17.3467,23.6758,1,1,1,1
0.1233,14.7701,1.0127,0.0689,20.437,9.8213,0.1897,11.9594,4.6729,116.906,26.4373,17.7041,1,0,1,1
0.3342,1.7536,4.7475,0.2646,7.0558,7.899,0.1278,5.3468,4.9288,98.3602,7.9307,8.2415,1,0,0,1
0.079,8.131,1.5424,0.3478,30.207,4.8063,0.174,12.9222,2.0776,90.0648,12.9892,12.807,1,0,1,1
0.1005,7.1834,9.0855,0.2149,10.1273,1.548,0.2651,12.2884,6.4019,61.098,2.5564,36.5433,0,1,0,0
0.2445,7.7019,8.9235,0.1082,38.2145,6.1619,0.2272,13.0095,7.7969,63.7404,11.0871,29.0842,1,0,0,1
0.3273,4.7219,4.5953,0.2657,32.5192,3.8376,0.3216,7.3021,6.6342,52.3573,36.1004,26.7742,1,1,1,1
0.2284,4.8762,2.8024,0.191,20.339,6.4771,0.1661,6.4313,4.3846,34.4854,17.0479,20.5252,1,0,1,1
0.2603,12.8931,1.2711,0.2499,9.9918,9.4514,0.2,5.2055,4.4423,108.3605,8.2735,9.0159,1,0,0,1
0.1248,10.0752,2.2094,0.0307,16.3867,1.3865,0.2264,14.8285,2.7592,46.7096,45.9275,19.4022,1,0,1,1
0.2901,6.9258,3.9449,0.2678,36.2933,6.8346,0.1996,11.1894,7.6804,82.2416,40.3365,21.7709,1,0,1,1
0.0565,11.7326,3.373,0.0291,20.2625,5.2137,0.2219,7.3697,6.2801,81.4076,3.6057,7.1875,0,0,0,1
0.3163,12.6316,2.8751,0.2971,22.3515,9.2614,0.1841,8.8209,1.9548,68.3275,46.4187,1.1396,0,0,1,1
0.0946,13.2544,8.161,0.323,16.1734,2.1568,0.1183,13.7521,3.259,98.8948,27.8071,2.869,0,0,1,1
0.1142,12.2669,7.1525,0.2312,36.0543,7.5962,0.0425,7.8998,3.1378,32.2506,29.264,31.3249,0,0,1,1
0.3172,2.656,4.8823,0.0321,28.5613,6.8944,0.2447,14.8031,1.152,39.2784,13.1146,3.7504,1,0,1,1
0.1965,2.5329,6.9094,0.1,21.3856,2.9121,0.2009,6.8121,0.8787,112.0109,5.1318,12.5243,0,0,1,1
0.2618,12.4838,0.3114,0.2196,7.4367,2.3688,0.1471,3.6595,3.736,58.0582,8.4077,6.9625,1,1,0,1
0.0837,1.0074,0.9045,0.0804,27.0837,8.474,0.3472,9.2281,6.125,71.1326,19.092,44.6965,1,0,1,0
0.0687,13.1263,7.4631,0.1268,10.7002,7.8695,0.0224,6.3101,4.3209,101.2508,13.1368,37.2981,0,0,0,0
0.0468,11.9248,4.2948,0.0685,28.2466,6.0314,0.2579,3.3973,0.9217,33.8777,4.7469,32.1356,0,0,1,1
0.213,1.9038,9.7575,0.0577,29.5853,7.5824,0.1438,3.0013,2.9952,54.2829,15.0846,7.7805,0,0,1,1
0.1619,6.0614,7.0264,0.1883,37.5563,5.8882,0.3432,9.4877,7.8628,112.2301,3.0746,33.7531,0,0,0,1
0.1152,11.4033,9.4417,0.2796,39.7408,4.2727,0.2513,3.358,4.6889,93.8277,19.7378,8.2469,0,0,1,1
0.0466,11.4934,6.1795,0.2218,15.0729,8.4155,0.2611,14.3038,1.5467,34.9419,24.2627,31.2419,0,0,1,0
0.1887,10.2154,4.8105,0.1294,32.0286,8.0915,0.1068,4.6807,0.5097,90.2645,21.0412,11.6698,0,0,1,1
0.2381,14.5526,6.1933,0.2604,19.4432,1.2421,0.2102,14.5463,5.3103,35.0823,14.4764,14.351,1,1,0,1
0.1004,14.3736,3.9013,0.2321,23.1641,7.8606,0.1474,3.4617,2.499,31.5584,9.9445,25.1649,0,0,1,1
0.2992,8.837,3.5476,0.2011,23.3692,0.4471,0.3491,2.5843,4.8452,69.1806,15.2827,34.7711,1,1,1,0
0.1478,8.17,8.2911,0.0591,33.2533,1.3713,0.0795,14.1537,7.7194,80.2252,23.548,27.9833,1,1,0,1
0.247,8.485,1.2929,0.2268,24.5525,5.5318,0.2742,7.2531,7.1667,49.0838,2.2922,43.3167,1,0,0,0
0.0233,9.9481,1.4009,0.3336,26.2049,7.6004,0.3389,8.6216,1.0386,86.5624,17.0963,30.1766,0,0,1,1
0.3143,5.8187,4.7065,0.331,18.9655,2.5351,0.336,5.1613,1.1177,86.9863,14.4386,1.9559,0,0,1,1
0.1663,9.198,9.1245,0.2945,9.2867,4.7163,0.3203,4.8088,7.012,55.1599,15.1184,42.9846,0,1,0,0
0.1761,3.6339,7.6222,0.1672,22.4954,6.2091,0.1616,10.7492,6.9774,80.2876,16.9022,5.1786,0,0,1,1
0.2874,3.5826,4.1357,0.0622,8.3761,2.9853,0.217,7.2807,5.932,45.0278,36.363,40.6604,1,0,1,0
0.1647,9.5238,1.162,0.1398,5.0574,9.2611,0.2907,3.7104,6.0808,60.9151,46.5369,23.4201,1,0,1,0
0.2344,10.471,8.6511,0.0835,23.8319,8.8857,0.2826,6.2902,4.9711,118.4169,10.3424,9.8108,0,0,1,1
0.248,4.049,2.2839,0.2879,31.149,7.8153,0.0964,6.5389,1.2794,84.461,7.8102,18.5736,1,0,1,1
0.2883,4.8429,2.0906,0.0659,19.2017,8.973,0.0704,9.1057,7.0995,41.5576,32.6044,9.9833,1,0,0,1
0.2963,10.8846,4.7002,0.0568,24.0807,0.3154,0.1971,9.6174,3.93,75.2191,41.3332,33.4717,1,1,1,1
0.1147,10.9559,1.3086,0.2273,10.0815,2.9539,0.1256,4.457,0.6789,74.9049,7.6655,12.676,0,0,1,1
